age,education,marital-status,occupation,relationship,capital-gain,capital-loss,hours-per-week,income
21,0,0,0,0,0,0,40,0
49,1,1,1,1,0,0,44,0
40,0,1,2,2,0,0,40,0
45,2,0,1,2,0,0,48,0
32,3,0,3,1,0,0,40,0
23,1,2,1,0,0,0,40,0
26,3,3,3,3,0,0,40,0
35,0,1,0,2,0,0,40,0
64,1,3,2,3,0,0,35,0
34,2,0,3,1,0,0,40,0
31,1,0,1,1,0,0,40,0
35,1,3,0,3,0,0,40,0
38,3,0,2,1,0,0,48,0
33,0,1,2,2,0,0,40,0
27,0,3,0,3,2885,0,40,0
27,2,3,1,4,0,0,35,0
21,1,0,0,1,0,0,45,0
22,4,0,0,1,0,0,40,0
32,2,3,0,3,0,0,40,0
31,0,3,1,4,0,0,40,0
24,1,0,3,1,0,0,35,0
21,0,0,3,1,0,0,47,0
36,1,3,0,3,0,0,45,0
43,0,3,0,3,0,0,40,0
52,5,3,2,3,0,0,48,0
26,1,0,2,0,0,0,45,0
28,0,0,3,1,0,0,40,0
24,3,0,1,0,0,0,40,0
67,5,3,0,3,10566,0,40,0
37,0,1,0,1,0,0,50,0
52,0,1,1,2,0,0,40,0
19,4,0,4,5,0,0,40,0
40,4,4,1,2,0,0,40,0
34,1,3,2,3,0,0,50,0
33,2,3,3,3,0,0,50,0
37,4,0,0,1,0,0,40,0
31,0,0,2,2,0,0,40,0
31,0,0,0,1,0,0,40,0
50,3,3,1,3,0,0,50,0
60,0,3,2,4,0,0,40,0
41,0,1,1,2,0,0,40,0
30,4,1,1,2,0,653,40,0
23,1,0,4,0,0,0,35,0
51,2,1,2,1,0,0,40,0
20,0,3,0,3,0,0,40,0
33,0,1,1,1,0,0,40,0
22,2,0,2,5,0,0,40,0
62,4,3,0,3,0,0,40,0
30,1,3,2,4,0,0,40,0
22,1,0,1,0,0,0,40,0
26,0,3,2,3,0,0,40,0
41,1,1,1,1,0,0,38,0
33,0,0,0,1,0,0,40,0
49,5,3,0,3,2407,0,50,0
32,3,3,1,3,0,0,40,0
58,4,0,2,1,0,0,40,0
37,0,1,1,2,0,0,40,0
19,0,0,0,0,0,0,40,0
23,4,3,2,3,0,0,40,0
24,1,0,1,1,0,0,35,0
63,0,4,3,1,0,0,40,0
33,0,0,1,2,0,0,40,0
25,0,1,0,1,0,0,40,0
43,0,3,0,3,0,0,40,0
56,0,3,0,3,0,0,40,0
25,1,0,1,1,0,0,45,0
24,0,3,0,3,0,0,42,0
46,4,1,3,2,0,0,40,0
39,0,3,4,4,0,0,50,0
32,1,0,2,1,0,0,34,0
73,4,4,1,2,0,0,40,0
24,1,3,1,4,0,0,45,0
55,3,3,2,5,0,0,35,0
50,1,1,0,1,0,0,40,0
25,3,0,3,1,0,0,45,0
29,0,0,2,5,0,0,40,0
39,3,3,3,3,0,0,45,0
43,5,3,0,3,0,0,40,0
32,1,0,1,1,0,0,40,0
26,0,1,0,0,0,0,40,0
20,1,0,2,0,0,0,37,0
30,0,3,0,3,0,0,35,0
25,1,1,1,0,0,0,40,0
48,1,1,3,1,0,0,52,0
30,4,0,1,0,0,0,40,0
26,1,0,0,1,0,0,40,0
26,5,0,0,1,0,0,40,0
39,0,0,1,1,0,0,45,0
24,1,0,0,0,0,0,40,0
59,2,1,1,1,0,0,40,0
31,3,0,4,1,0,0,45,0
31,1,3,1,3,0,0,40,0
30,3,3,3,3,0,1740,45,0
29,4,1,1,1,0,2754,42,0
33,0,3,0,3,0,0,35,0
73,5,3,4,3,0,0,40,0
27,4,0,0,2,0,0,40,0
36,0,1,3,1,0,0,40,0
23,4,3,0,3,0,0,40,0
58,0,1,1,1,0,0,42,0
46,2,1,0,2,0,0,40,0
46,0,3,0,3,0,0,40,0
27,4,3,0,3,0,0,40,0
23,2,0,3,1,0,0,50,0
33,3,0,1,1,0,0,40,0
24,3,0,3,1,0,0,40,0
25,0,3,0,3,0,0,40,0
48,1,3,0,3,2407,0,40,0
37,0,1,0,1,0,0,40,0
36,0,1,0,2,0,0,40,0
27,0,3,2,4,0,0,40,0
36,4,1,0,2,0,0,40,0
25,4,3,0,3,0,0,40,0
38,3,1,1,2,1151,0,40,0
28,0,0,0,0,0,0,40,0
21,0,0,0,0,0,0,40,0
30,1,0,1,1,0,0,40,0
47,0,1,3,1,0,0,40,0
39,1,2,1,2,0,0,40,0
42,1,1,1,2,0,0,35,0
30,0,1,3,0,0,0,40,0
43,6,1,2,2,0,0,40,0
28,6,0,3,1,0,0,40,0
27,0,3,0,3,0,0,40,0
64,2,3,0,3,0,0,48,0
31,2,0,1,1,0,0,45,0
67,1,3,4,3,0,0,44,0
46,0,1,0,1,0,0,40,0
41,0,3,0,3,0,0,45,0
37,1,3,0,3,0,0,45,0
41,0,0,1,0,0,0,40,0
25,2,0,1,1,0,0,40,0
28,6,0,3,1,0,0,40,0
49,0,4,1,1,0,0,40,0
59,0,3,2,5,0,0,40,0
48,0,3,0,3,0,0,40,0
30,3,3,2,3,0,0,40,0
40,0,0,0,1,0,0,40,0
50,0,4,0,2,0,0,40,0
22,1,0,4,1,0,0,40,0
54,5,1,1,1,0,0,40,0
54,1,3,2,3,0,0,52,0
33,6,0,3,2,0,0,40,0
46,2,1,0,2,0,0,40,0
24,3,0,1,1,0,0,45,0
18,0,0,1,0,0,0,35,0
31,3,0,1,1,0,0,40,0
44,1,1,1,1,0,0,40,0
20,4,0,2,0,0,0,35,0
38,0,3,3,3,0,0,50,0
40,1,3,0,3,0,0,40,0
55,1,0,1,1,0,0,45,0
39,1,0,2,0,0,2205,40,0
55,0,1,1,2,0,0,40,0
41,5,3,1,3,0,0,50,0
22,0,1,0,1,0,0,40,0
24,3,0,3,0,0,0,50,0
25,1,0,0,1,0,0,40,0
61,5,3,0,3,0,0,40,0
30,3,0,1,1,0,0,40,0
40,4,3,0,3,0,0,40,0
42,0,1,1,1,0,0,40,0
31,0,3,1,3,0,0,40,0
33,2,3,1,3,0,0,40,0
62,3,3,3,3,0,0,40,0
41,0,1,0,2,7443,0,40,0
37,2,0,2,0,0,0,40,0
28,0,3,1,3,0,0,40,0
36,0,1,1,2,0,0,35,0
34,0,1,1,0,0,0,40,0
43,1,3,0,3,0,0,42,0
37,0,3,0,3,0,0,40,0
22,3,0,1,0,0,0,40,0
39,0,1,2,2,0,0,40,0
28,0,3,0,3,2580,0,40,0
34,1,1,3,1,0,0,50,0
32,0,0,0,1,0,0,40,0
40,0,1,0,1,0,0,45,0
33,0,0,2,1,0,0,40,0
40,1,3,0,3,0,0,44,0
37,0,0,1,2,0,0,40,0
27,1,0,0,0,0,0,40,0
37,3,0,3,0,0,0,40,0
31,1,0,1,1,0,0,40,0
28,1,0,1,1,0,0,40,0
44,3,0,1,1,0,0,40,0
62,1,4,2,2,0,0,40,0
39,3,3,3,3,0,0,40,0
36,0,3,0,3,0,0,33,0
24,1,0,1,0,0,0,40,0
33,6,3,3,3,0,0,40,0
41,5,3,2,3,0,0,43,0
22,0,0,1,0,0,0,40,0
41,0,0,1,0,0,0,40,0
49,0,3,1,3,0,0,40,0
52,0,1,0,1,0,0,40,0
27,1,3,1,3,0,0,45,0
58,0,3,1,4,0,0,38,0
28,5,0,0,1,0,0,45,0
66,0,4,1,5,0,0,35,0
42,2,0,1,1,0,0,46,0
25,1,0,2,1,2174,0,40,0
58,0,1,2,1,0,0,35,0
44,3,3,1,3,0,0,40,0
31,1,0,0,1,0,0,40,0
47,0,1,1,2,0,0,38,0
41,1,3,1,3,2829,0,40,0
43,0,0,0,1,0,0,45,0
46,0,3,1,3,0,0,40,0
34,3,3,3,4,0,0,50,0
42,3,3,3,3,0,0,40,0
33,1,1,1,2,0,0,40,0
47,5,3,0,3,0,0,40,0
28,0,3,0,3,0,0,40,0
22,0,0,3,1,0,0,40,0
30,3,3,3,3,0,0,45,0
43,4,3,0,3,0,0,40,0
43,0,3,0,3,0,0,44,0
30,2,2,1,1,0,0,40,0
43,0,1,2,2,0,0,40,0
33,3,0,0,1,0,2001,40,0
30,6,1,3,2,0,1726,40,0
28,3,0,3,1,0,0,50,0
28,0,0,0,5,0,0,38,0
47,1,3,1,4,0,0,40,0
34,5,3,0,3,0,0,40,0
41,0,1,0,0,0,0,40,0
39,0,3,3,3,0,0,45,0
35,3,3,1,3,0,0,40,0
48,2,0,2,2,0,0,48,0
42,6,1,3,2,1151,0,40,0
29,0,3,0,3,0,0,50,0
21,0,0,1,1,4865,0,40,0
47,1,4,1,2,0,0,40,0
37,1,3,3,5,0,0,40,0
40,0,3,2,3,0,0,40,0
32,1,3,0,3,0,0,40,0
30,1,1,2,2,0,0,40,0
31,3,3,4,3,0,0,45,0
30,0,1,0,1,0,0,40,0
51,0,1,1,1,0,1741,40,0
65,3,1,1,1,0,0,40,0
22,3,0,3,1,0,0,40,0
38,3,1,1,2,0,0,40,0
27,2,0,1,5,0,0,36,0
56,0,3,0,3,0,0,40,0
27,5,1,0,2,0,974,40,0
48,0,1,1,2,0,0,45,0
31,1,3,0,3,0,0,45,0
31,3,1,3,1,0,0,40,0
35,0,3,0,3,0,0,40,0
38,2,1,1,1,0,0,36,0
25,0,3,0,3,0,0,40,0
17,4,0,1,0,0,0,40,0
32,0,3,0,3,0,0,40,0
43,1,0,2,1,0,0,40,0
43,4,3,0,3,0,0,40,0
31,0,3,0,4,0,0,45,0
23,0,3,0,3,0,0,50,0
44,0,3,0,3,0,0,40,0
39,2,0,3,1,0,0,42,0
33,1,3,0,3,0,0,39,0
57,0,1,1,2,0,0,40,0
40,3,0,3,1,0,0,40,0
19,1,0,3,0,0,0,40,0
34,0,0,1,0,0,0,40,0
37,3,1,2,1,0,0,40,0
47,4,3,1,3,0,2179,52,0
38,0,3,0,3,0,1740,40,0
35,3,0,1,5,0,0,40,0
24,1,3,3,3,0,0,50,0
46,5,0,0,0,0,0,40,0
64,1,3,3,3,0,1421,35,0
45,4,3,0,3,0,0,40,0
37,2,1,3,2,0,0,38,0
25,0,0,1,0,2174,0,40,0
25,2,0,0,1,0,0,40,0
51,1,3,1,4,0,0,40,0
32,5,0,4,1,0,0,50,0
62,6,0,0,1,4650,0,40,0
29,3,0,2,1,0,0,35,0
27,1,0,0,0,0,0,40,0
39,0,1,2,0,0,0,40,0
31,1,3,0,3,0,0,45,0
39,0,0,0,2,0,0,48,0
41,2,1,1,1,3325,0,40,0
24,3,3,3,3,0,0,45,0
36,1,1,0,2,0,0,40,0
30,1,1,3,2,0,0,50,0
56,3,1,3,2,0,1741,40,0
36,1,0,1,2,0,0,40,0
41,3,1,3,2,0,0,35,0
26,0,0,0,0,0,0,40,0
30,5,3,0,3,0,0,40,0
63,3,3,1,3,0,0,40,0
56,1,0,1,1,0,0,38,0
21,0,0,0,0,0,0,40,0
42,3,1,3,2,0,0,40,0
34,4,0,2,0,0,0,40,0
30,3,0,3,5,0,0,45,0
30,2,0,1,1,0,0,40,0
40,6,0,3,1,0,0,40,0
33,5,2,4,2,0,0,40,0
33,0,3,0,4,0,0,40,0
37,1,1,2,2,0,0,48,0
34,4,0,2,2,0,0,40,0
41,4,1,0,1,0,0,40,0
23,1,0,1,1,0,0,40,0
22,1,0,2,0,0,0,40,0
30,1,3,1,3,0,1672,45,0
39,0,0,5,1,0,0,50,0
19,1,0,2,5,0,0,42,0
33,1,0,1,1,0,0,40,0
50,0,3,0,3,0,0,50,0
32,1,0,4,0,0,0,40,0
35,1,1,1,2,0,0,40,0
44,6,1,3,2,0,0,40,0
56,0,3,0,3,0,0,40,0
41,0,3,0,3,0,0,40,0
31,0,0,0,2,0,0,40,0
26,2,0,3,0,0,0,40,0
30,4,3,4,3,0,0,40,0
47,0,0,1,5,0,0,40,0
29,2,0,3,1,0,0,40,0
34,0,0,4,1,0,0,40,0
49,0,3,3,3,0,0,45,0
44,1,1,2,2,0,0,35,0
42,1,0,0,2,0,0,40,0
38,1,0,1,1,0,0,40,0
31,1,0,1,1,0,0,40,0
24,4,3,1,3,0,0,45,0
34,4,1,1,0,0,0,37,0
34,0,3,0,4,0,0,40,0
63,0,3,0,3,0,0,48,0
33,0,3,0,3,0,0,43,0
43,2,3,2,3,0,0,40,0
52,0,1,2,1,0,0,38,0
40,1,1,0,1,0,0,40,0
43,0,3,0,3,3908,0,40,0
45,0,1,1,2,0,0,40,0
65,1,3,4,3,0,0,40,0
50,0,0,1,1,0,0,40,0
26,0,0,0,1,0,0,40,0
65,0,3,3,3,0,0,40,0
53,0,1,0,1,0,0,35,0
43,0,3,0,3,0,0,40,0
48,5,3,0,3,0,0,40,0
68,1,1,1,5,2346,0,40,0
34,1,0,1,1,0,0,50,0
28,1,0,1,1,0,0,40,0
39,0,1,0,1,0,0,40,0
32,0,3,0,3,0,0,40,0
57,0,1,2,1,0,0,40,0
24,3,0,3,1,0,0,40,0
52,0,1,3,2,0,0,38,0
32,0,3,1,4,0,0,40,0
70,0,3,0,3,3471,0,33,0
30,1,1,3,2,0,0,40,0
27,0,0,4,0,0,0,40,0
51,5,3,0,3,0,0,52,0
46,0,3,0,3,0,0,45,0
41,2,3,0,3,0,0,40,0
43,3,3,3,3,0,0,40,0
36,3,1,3,2,0,0,52,0
54,0,3,1,3,0,0,40,0
22,1,0,0,0,0,0,40,0
47,2,3,2,3,0,0,40,0
36,1,1,3,2,0,0,40,0
39,0,1,0,1,0,0,40,0
40,0,3,1,3,0,0,50,0
46,0,3,4,3,0,1672,50,0
28,0,1,3,1,0,0,39,0
47,2,3,0,3,0,0,40,0
43,2,1,2,2,0,2238,40,0
37,0,0,0,1,0,0,40,0
40,0,3,3,3,0,0,50,0
49,1,1,1,0,0,0,40,0
21,0,0,0,0,0,0,40,0
45,0,2,0,1,0,0,40,0
27,1,1,0,1,0,0,45,0
62,0,3,1,4,0,0,40,0
24,2,0,0,0,0,0,40,0
22,0,3,0,3,0,0,43,0
30,0,3,1,4,0,0,40,0
26,1,0,1,1,0,0,40,0
43,0,3,0,3,0,0,40,0
51,0,3,1,3,0,0,40,0
42,1,3,0,3,0,0,40,0
23,1,0,2,0,0,0,44,0
27,5,3,0,3,0,0,45,0
23,0,0,3,1,0,0,40,0
53,4,3,0,3,0,0,45,0
24,0,0,1,0,0,0,35,0
41,1,1,1,2,0,0,40,0
33,4,0,0,0,0,0,40,0
29,3,0,1,1,0,0,40,0
47,1,1,1,1,0,0,36,0
34,1,0,3,1,2174,0,50,0
30,0,0,0,0,0,0,40,0
43,3,3,3,3,0,0,50,0
47,0,0,1,1,0,0,33,0
22,4,3,0,3,0,0,40,0
28,0,0,2,5,0,0,48,0
26,1,0,1,1,0,1974,40,0
38,1,3,3,3,0,0,44,0
24,0,1,2,1,0,0,40,0
55,0,1,2,1,0,0,40,0
21,1,0,0,0,0,0,40,0
29,0,0,1,2,0,0,40,0
63,5,3,1,3,0,0,45,0
22,1,0,1,1,0,0,40,0
36,4,0,0,0,0,0,40,0
38,0,3,4,3,0,0,43,0
28,3,0,3,1,0,0,40,0
31,0,0,1,1,0,0,40,0
55,2,1,1,1,0,0,40,0
44,0,3,0,3,0,0,45,0
35,1,1,1,1,0,1741,50,0
61,4,1,2,2,0,0,36,0
25,1,0,0,5,0,0,40,0
35,0,3,0,3,0,0,40,0
28,0,3,0,3,0,0,40,0
39,4,3,0,3,0,0,40,0
20,0,0,0,1,0,0,40,0
57,5,3,1,3,0,0,50,0
27,0,1,2,2,0,0,50,0
28,3,0,3,1,0,0,40,0
26,3,1,1,2,0,0,40,0
36,0,1,4,1,0,0,40,0
57,1,1,1,1,0,0,40,0
47,0,3,0,3,0,0,40,0
24,0,0,1,1,0,0,40,0
23,3,1,1,1,0,0,43,0
54,0,2,3,1,0,0,43,0
59,4,0,0,1,0,0,40,0
22,0,1,2,2,0,0,35,0
29,0,3,1,3,0,0,40,0
40,1,1,0,2,0,0,40,0
33,0,1,1,0,0,0,40,0
37,1,4,0,2,0,0,40,0
27,6,0,1,0,0,0,45,0
43,1,3,2,3,0,0,40,0
24,0,0,2,0,0,0,40,0
19,1,0,1,1,0,0,40,0
38,1,1,1,2,0,0,40,0
45,5,3,0,3,0,0,40,0
28,0,3,0,3,0,0,40,0
56,3,3,3,3,0,0,50,0
38,0,0,1,1,0,0,50,0
62,0,1,2,1,0,0,35,0
40,3,0,1,1,0,0,40,0
61,5,3,0,3,0,0,40,0
22,1,0,1,0,0,0,40,0
36,1,3,1,3,0,0,45,0
35,4,0,1,1,0,0,40,0
35,0,0,0,1,0,0,40,0
37,0,1,0,2,0,0,40,0
27,0,3,0,3,0,0,48,0
60,0,3,2,3,0,0,40,0
35,0,3,0,3,5013,0,40,0
59,4,3,3,4,0,0,36,0
36,2,1,3,2,0,0,40,0
24,5,0,4,5,0,0,50,0
32,0,0,3,2,0,1380,40,0
18,4,0,0,0,0,0,40,0
52,0,1,0,0,0,0,40,0
52,0,1,0,1,0,0,40,0
19,0,0,1,1,0,0,40,0
41,1,0,2,0,0,0,50,0
47,3,0,3,1,0,0,50,0
29,1,0,0,1,0,0,40,0
39,0,1,1,2,0,625,35,0
55,3,3,2,5,0,0,35,0
26,0,0,0,1,0,0,40,0
54,3,3,1,3,0,0,40,0
53,4,3,0,3,0,0,50,0
23,0,0,0,1,0,0,40,0
38,2,0,0,1,0,0,40,0
36,0,0,2,2,0,0,40,0
35,5,2,2,1,0,0,40,0
42,0,3,0,3,0,0,40,0
45,1,1,2,1,0,0,40,0
33,1,0,1,1,0,0,40,0
24,0,0,0,1,0,0,50,0
50,1,3,1,4,0,0,39,0
27,1,3,1,0,0,0,40,0
26,6,0,3,1,0,0,50,0
29,4,1,0,2,0,0,52,0
57,0,1,0,1,0,1980,44,0
19,0,0,0,0,0,0,40,0
45,1,1,0,1,0,0,40,0
20,0,0,1,0,0,0,40,0
53,3,3,0,3,0,1740,40,0
33,3,0,3,1,0,0,45,0
34,2,0,1,2,0,0,50,0
22,1,0,0,0,0,0,35,0
40,3,0,3,2,0,0,45,0
19,0,0,1,1,0,0,45,0
44,1,1,0,1,0,0,40,0
21,0,0,2,1,0,0,40,0
25,3,0,3,1,0,0,35,0
28,0,1,2,5,0,0,40,0
36,4,3,0,3,0,0,50,0
40,1,1,1,2,0,213,40,0
21,1,0,1,0,0,0,40,0
41,0,1,0,1,0,0,40,0
43,4,3,2,3,0,0,40,0
42,0,0,2,5,0,0,40,0
35,4,0,2,0,0,0,40,0
42,3,0,3,1,0,0,40,0
55,0,3,0,3,0,0,35,0
23,3,0,3,1,0,0,45,0
61,2,4,0,2,0,0,40,0
33,0,1,1,2,0,0,40,0
34,2,1,3,1,0,0,45,0
36,0,3,0,3,0,0,40,0
39,0,0,2,0,0,0,38,0
27,0,0,0,5,0,0,40,0
45,0,2,4,5,0,0,40,0
27,0,0,2,1,0,0,48,0
31,2,3,3,4,0,0,43,0
53,1,1,0,1,0,0,40,0
22,0,0,0,1,0,0,40,0
55,1,1,1,1,0,0,40,0
63,0,1,2,1,0,0,40,0
46,0,0,3,1,0,0,40,0
35,0,3,0,3,0,0,40,0
42,1,3,3,3,0,0,40,0
23,3,0,1,0,0,0,40,0
35,0,3,2,3,0,0,40,0
40,0,0,1,0,0,0,50,0
18,1,0,1,1,0,0,40,0
47,3,3,0,3,0,0,40,0
38,4,3,0,3,0,0,45,0
29,2,1,1,2,0,0,40,0
26,3,0,3,1,0,0,40,0
38,4,3,0,3,0,0,45,0
51,1,3,1,3,0,0,40,0
19,0,0,1,0,0,0,40,0
46,4,4,2,1,0,0,40,0
42,0,3,1,3,4064,0,40,0
26,3,0,3,1,0,0,40,0
40,1,1,0,1,0,0,40,0
38,3,3,0,3,4508,0,40,0
26,0,0,1,0,0,0,40,0
20,0,0,0,0,0,0,40,0
35,3,1,3,2,5721,0,40,0
39,0,0,2,0,4650,0,48,0
43,6,4,3,2,0,0,40,0
27,0,3,0,0,0,0,40,0
44,1,3,1,4,0,0,35,0
40,0,3,0,3,2829,0,50,0
25,2,0,1,1,4865,0,40,0
34,0,1,2,2,0,0,40,0
25,3,0,1,1,0,0,45,0
18,0,0,1,1,0,0,40,0
22,3,0,3,1,0,0,40,0
26,0,3,0,3,0,0,40,0
52,1,3,1,3,0,0,50,0
42,0,3,0,3,0,0,50,0
34,2,0,3,2,0,0,40,0
50,0,1,3,2,0,0,40,0
19,1,1,2,0,0,0,40,0
54,1,3,1,3,0,0,35,0
28,4,0,0,2,0,0,40,0
21,1,0,0,0,0,0,40,0
64,0,3,0,3,10566,0,40,0
30,2,0,0,1,0,0,40,0
32,0,3,0,3,0,0,50,0
42,0,1,4,1,0,0,40,0
60,0,3,0,3,0,0,40,0
23,1,0,1,0,0,0,40,0
26,1,3,0,3,0,0,40,0
48,1,1,2,2,0,0,35,0
23,3,0,3,1,0,0,40,0
31,3,0,3,0,0,0,40,0
24,4,0,0,2,0,0,40,0
24,1,3,1,3,0,0,40,0
25,0,0,1,0,0,0,40,0
39,2,0,1,1,0,0,40,0
20,0,3,2,5,0,0,40,0
51,0,3,2,5,0,0,40,0
58,1,3,0,3,0,0,40,0
32,3,3,3,3,0,0,45,0
21,0,0,1,0,0,0,43,0
55,0,4,1,1,0,0,40,0
43,1,3,1,3,0,0,50,0
26,3,1,1,1,0,0,40,0
41,0,3,0,3,0,0,40,0
45,1,1,1,2,0,0,45,0
29,0,0,3,1,0,0,50,0
19,0,0,2,1,0,0,40,0
27,1,1,1,2,0,0,36,0
22,0,0,0,0,0,0,40,0
29,3,0,1,1,0,0,35,0
33,6,0,3,1,0,0,50,0
26,6,0,3,1,0,0,40,0
21,4,0,0,0,0,0,40,0
41,1,1,3,1,0,0,40,0
22,0,0,3,2,0,0,40,0
40,2,1,1,2,0,0,50,0
35,0,3,0,3,0,0,50,0
45,1,3,0,3,0,0,40,0
23,4,0,0,1,0,0,40,0
57,3,3,3,3,0,0,35,0
42,1,0,3,1,0,0,40,0
34,3,1,0,2,0,0,40,0
28,4,3,0,3,0,0,40,0
34,0,0,0,0,0,0,40,0
57,3,0,1,1,0,2258,40,0
24,3,0,1,1,0,0,50,0
55,0,1,0,1,0,0,40,0
30,2,3,0,3,0,0,40,0
19,1,0,0,0,0,0,40,0
32,3,3,3,3,0,0,45,0
30,3,0,1,1,0,0,40,0
22,1,3,3,4,0,0,40,0
30,2,0,0,1,0,0,45,0
57,4,0,0,1,0,1617,35,0
24,1,3,0,3,0,0,40,0
44,3,0,1,0,0,0,37,0
25,4,0,0,0,0,0,40,0
56,1,0,1,1,0,0,38,0
51,4,3,0,3,0,0,45,0
30,0,0,0,0,0,0,38,0
27,0,0,1,1,2202,0,40,0
26,2,0,1,1,0,0,40,0
64,4,3,1,3,0,0,40,0
31,4,1,4,1,0,0,50,0
47,4,0,1,5,0,0,40,0
22,0,0,1,1,0,0,35,0
44,6,1,3,2,0,0,40,0
64,0,3,0,3,0,0,40,0
49,6,3,3,3,0,0,40,0
23,1,0,0,1,0,0,40,0
23,4,0,0,1,0,0,40,0
37,1,1,1,1,0,0,40,0
49,2,1,1,1,2597,0,40,0
45,3,0,1,1,0,0,45,0
27,0,3,0,3,0,0,40,0
26,3,3,2,3,0,0,43,0
36,6,0,3,1,0,0,45,0
23,3,0,1,1,0,0,40,0
39,4,3,0,3,0,0,40,0
42,3,1,1,2,0,0,45,0
45,3,1,3,1,0,0,45,0
66,6,3,1,3,0,0,50,0
46,1,3,1,3,0,0,50,0
23,3,0,0,0,0,0,40,0
41,0,3,0,3,0,0,40,0
29,0,3,2,3,0,0,42,0
44,3,3,4,3,0,0,50,0
49,0,1,3,2,0,0,40,0
33,0,3,1,3,0,0,40,0
21,4,0,4,1,0,0,40,0
49,3,3,3,3,0,0,40,0
40,0,2,3,1,0,0,40,0
50,4,1,2,2,0,0,40,0
63,4,3,0,3,0,0,40,0
34,1,0,1,0,0,0,40,0
25,0,3,1,3,0,0,40,0
61,1,1,0,1,0,0,40,0
21,4,3,0,3,0,0,40,0
61,1,3,1,3,0,0,40,0
41,6,0,3,1,0,0,40,0
33,4,0,1,0,0,0,35,0
27,5,3,2,4,0,0,40,0
44,5,1,2,2,0,0,38,0
33,1,3,1,4,4064,0,40,0
23,3,0,1,0,0,0,38,0
33,6,0,3,2,0,0,40,0
26,3,0,1,1,0,0,40,0
20,0,0,2,1,0,0,45,0
23,0,0,0,0,0,0,40,0
24,2,0,0,0,0,0,40,0
34,2,2,1,2,0,974,40,0
43,6,2,3,1,0,0,50,0
30,3,0,1,1,0,0,40,0
29,2,1,1,1,2174,0,45,0
45,6,1,1,2,0,0,36,0
22,1,0,4,0,0,0,50,0
30,4,0,1,0,0,0,40,0
50,3,4,3,2,0,0,40,0
36,3,0,1,1,0,1741,40,0
20,4,0,0,0,0,0,40,0
48,1,3,3,3,0,0,40,0
35,1,0,1,0,0,0,40,0
24,5,0,0,5,0,0,40,0
45,0,3,0,3,0,0,42,0
26,2,1,0,1,0,0,40,0
31,3,0,1,1,0,0,40,0
40,0,3,0,3,0,0,40,0
41,0,1,0,1,0,0,40,0
36,0,3,4,3,0,0,45,0
21,0,0,1,0,0,0,40,0
60,4,4,1,2,0,0,40,0
34,2,1,3,1,0,0,45,0
49,0,3,1,3,0,0,40,0
25,1,0,2,0,0,0,40,0
23,6,0,3,0,0,0,36,0
50,5,3,1,3,0,0,49,0
54,4,3,2,3,0,0,45,0
23,0,0,0,1,0,0,40,0
23,3,0,3,0,0,0,40,0
36,0,1,3,2,0,0,40,0
44,1,2,0,2,1506,0,45,0
36,3,0,3,1,0,0,40,0
22,1,0,2,0,0,0,40,0
49,1,1,2,2,0,0,43,0
27,0,3,1,4,0,0,50,0
37,0,0,1,1,0,2339,40,0
39,6,3,3,3,0,0,45,0
32,2,3,1,3,3411,0,40,0
23,0,0,0,0,0,0,40,0
50,3,0,3,1,0,0,40,0
27,1,0,2,1,0,0,40,0
37,0,0,1,2,0,0,40,0
23,1,0,1,0,0,0,40,0
40,1,0,0,1,0,0,35,0
20,0,0,1,1,0,0,35,0
30,4,0,0,1,0,0,40,0
42,6,0,3,1,0,0,50,0
27,5,0,2,0,0,0,35,0
23,4,0,0,1,0,0,40,0
27,4,3,0,3,0,0,40,0
60,0,3,3,3,5013,0,40,0
19,0,0,0,1,0,0,40,0
18,1,0,1,1,0,0,40,0
58,3,1,1,1,0,0,40,0
44,1,0,0,1,0,0,38,0
50,1,4,3,2,0,0,40,0
20,4,0,0,0,0,0,40,0
40,0,1,2,1,0,0,40,0
37,1,1,2,0,0,0,40,0
35,0,0,0,2,0,0,48,0
22,4,0,0,0,0,0,40,0
83,1,0,3,1,0,0,40,0
39,0,0,3,2,0,0,45,0
31,6,0,3,1,0,0,46,0
34,4,2,0,2,0,0,35,0
31,2,3,0,3,0,1579,45,0
48,0,1,1,1,0,0,40,0
28,0,3,0,4,0,0,35,0
25,0,0,1,0,0,0,40,0
37,1,1,2,2,0,0,40,0
21,0,1,2,1,0,0,40,0
47,0,3,0,3,0,0,40,0
37,3,3,3,3,0,0,40,0
23,0,3,0,3,0,0,40,0
18,4,0,3,0,0,0,40,0
27,5,3,0,3,0,0,40,0
48,1,1,1,1,0,0,40,0
19,0,0,1,0,0,0,40,0
22,0,3,0,3,0,0,40,0
46,0,1,1,1,0,0,40,0
53,1,1,1,2,4865,0,45,0
40,6,4,1,0,0,0,50,0
27,3,0,1,1,0,0,40,0
19,0,0,0,0,0,0,52,0
27,1,0,1,1,0,0,40,0
32,3,0,2,2,0,0,40,0
35,1,0,3,1,0,0,50,0
30,1,0,3,1,0,0,45,0
29,0,0,1,2,0,0,42,0
27,1,1,2,1,0,0,40,0
24,3,0,1,0,0,0,40,0
46,1,3,3,3,0,0,50,0
19,0,0,0,0,0,0,40,0
34,0,3,3,3,0,0,51,0
35,0,3,0,3,0,0,50,0
26,1,0,0,2,0,0,37,0
39,1,1,2,1,0,0,40,0
39,1,1,0,0,0,0,40,0
26,4,0,4,5,0,0,40,0
29,3,3,1,3,0,0,40,0
49,3,1,3,2,0,625,40,0
69,5,1,1,1,0,0,40,0
54,0,1,0,1,0,0,40,0
37,1,0,1,2,0,0,40,0
56,4,4,2,2,0,0,50,0
60,0,1,2,1,0,0,40,0
28,3,0,0,0,0,0,40,0
50,1,1,1,2,0,0,40,0
35,0,3,0,4,0,0,48,0
22,3,0,1,0,0,0,50,0
39,4,3,0,3,0,0,40,0
29,1,0,1,1,0,0,40,0
38,0,0,0,5,0,0,40,0
24,1,3,0,3,0,0,40,0
22,0,0,0,0,0,0,40,0
49,2,3,3,3,0,0,35,0
42,1,1,1,2,0,0,40,0
19,4,0,1,2,0,0,43,0
40,5,3,0,3,0,0,40,0
41,5,3,0,3,0,0,40,0
30,0,0,0,1,0,0,50,0
29,3,3,3,3,0,0,40,0
30,1,1,3,2,0,0,40,0
50,0,1,2,2,0,0,49,0
27,3,1,3,1,0,0,50,0
38,1,1,0,1,0,0,44,0
23,1,0,1,0,0,0,40,0
24,0,3,0,3,0,0,40,0
37,0,0,1,1,0,0,40,0
36,1,3,0,3,0,0,40,0
25,0,0,0,1,0,0,48,0
57,3,3,3,3,0,0,40,0
25,1,0,0,2,0,0,35,0
48,0,0,2,1,0,0,40,0
38,3,0,3,0,0,0,40,0
45,1,1,1,1,0,0,45,0
18,4,0,2,0,0,0,40,0
29,0,3,0,3,0,0,42,0
26,3,1,1,1,0,0,40,0
35,4,1,0,5,0,0,40,0
24,0,0,0,0,0,0,40,0
58,0,0,1,2,0,0,40,0
32,0,3,0,3,2829,0,40,0
40,0,4,2,2,0,0,40,0
29,3,0,3,1,0,0,50,0
28,0,3,2,0,0,0,35,0
41,1,1,1,5,0,0,38,0
36,0,3,0,3,0,0,40,0
31,0,3,0,3,0,0,45,0
25,0,0,2,1,0,0,50,0
34,0,3,0,3,0,0,40,0
40,3,3,3,3,0,0,50,0
36,0,3,3,3,0,0,40,0
55,0,3,3,3,0,0,45,0
46,0,1,0,2,0,0,40,0
22,1,0,0,0,0,0,35,0
55,0,1,2,2,0,0,40,0
42,4,3,2,3,0,0,40,0
26,0,1,0,0,0,0,40,0
25,3,0,0,1,0,0,40,0
23,3,0,3,1,0,0,40,0
29,0,0,4,1,0,0,40,0
26,1,0,0,1,0,0,38,0
33,0,3,0,3,0,0,40,0
34,3,0,1,0,0,0,35,0
20,4,0,2,1,0,0,40,0
26,0,0,4,0,0,0,40,0
17,5,0,2,5,0,0,48,0
47,5,3,0,3,0,0,50,0
28,0,0,0,0,0,0,40,0
40,4,1,0,1,0,0,40,0
58,0,3,0,3,0,0,52,0
52,5,0,0,1,0,0,40,0
38,3,3,3,3,0,0,40,0
57,1,1,3,2,0,0,35,0
56,0,3,0,3,0,0,40,0
30,0,3,0,3,0,0,40,0
54,1,1,0,2,0,0,48,0
24,5,0,1,1,0,0,40,0
47,5,1,2,1,0,0,38,0
36,1,1,1,2,0,0,40,0
34,1,0,4,1,0,0,35,0
27,1,3,0,3,0,0,45,0
52,2,3,0,3,0,0,40,0
47,0,1,2,2,0,0,40,0
43,5,3,0,3,0,0,40,0
32,2,3,0,3,0,0,50,0
46,2,3,0,3,0,0,40,0
69,0,1,0,2,2387,0,40,0
23,1,0,2,2,0,0,40,0
55,0,1,0,2,0,0,40,0
30,6,0,1,2,0,0,45,0
57,0,3,2,3,0,0,48,0
20,1,0,1,0,0,0,40,0
32,4,3,0,3,0,0,40,0
43,1,1,1,2,0,0,35,0
40,5,2,0,2,0,0,40,0
27,0,0,1,1,0,0,40,0
33,4,0,4,1,0,0,40,0
35,1,0,1,1,0,1669,45,0
52,1,3,0,3,0,0,40,0
47,0,3,2,4,0,0,35,0
56,0,3,3,3,0,0,45,0
38,1,1,0,2,0,0,40,0
23,2,0,1,0,0,0,35,0
21,1,0,1,0,0,0,35,0
37,0,0,0,0,0,0,40,0
41,0,0,2,0,0,0,40,0
41,0,3,0,3,0,0,40,0
61,1,1,2,1,0,0,40,0
32,0,3,2,3,0,0,43,0
34,0,3,2,3,0,0,40,0
33,3,3,0,3,0,0,35,0
35,1,1,0,1,0,0,40,0
27,1,0,2,1,0,0,40,0
22,1,0,1,1,0,0,40,0
32,3,3,1,3,0,0,50,0
32,1,0,1,2,0,0,40,0
25,0,0,0,5,0,0,45,0
24,0,0,0,2,0,0,40,0
29,0,3,0,3,0,0,40,0
48,3,1,3,1,0,0,40,0
34,0,3,0,3,0,0,50,0
23,0,0,0,1,0,0,40,0
62,2,4,3,1,0,0,40,0
27,0,0,4,5,0,0,40,0
51,1,3,1,3,0,0,40,0
38,3,0,1,2,0,0,45,0
43,1,3,2,3,0,0,40,0
17,4,0,2,0,0,0,40,0
34,0,3,3,3,0,0,40,0
28,0,0,2,2,0,0,40,0
40,6,3,1,5,0,0,40,0
31,5,3,0,3,0,0,40,0
20,0,0,0,0,0,1590,40,0
47,6,3,3,3,0,0,40,0
31,3,0,3,1,0,0,40,0
22,3,0,2,1,0,0,35,0
27,4,0,0,0,0,0,40,0
41,1,4,2,2,0,0,40,0
23,0,0,0,1,0,0,40,0
24,3,0,4,2,0,0,50,0
49,0,3,0,3,0,0,40,0
57,0,3,1,3,0,0,50,0
53,2,1,0,1,0,0,40,0
34,4,0,2,2,0,0,40,0
36,3,3,3,4,0,1672,38,0
45,1,0,3,1,0,0,35,0
35,0,3,3,3,0,0,50,0
38,0,0,1,1,0,0,50,0
55,0,2,0,5,0,0,40,0
32,0,0,0,1,0,0,40,0
42,0,1,2,2,0,0,50,0
59,5,1,0,1,0,0,40,0
46,3,1,1,5,0,0,40,0
29,1,0,0,2,0,0,40,0
42,0,0,0,2,0,0,38,0
26,0,3,1,4,0,0,40,0
24,1,0,1,1,0,0,40,0
23,4,0,4,5,0,0,40,0
36,1,3,0,3,0,0,45,0
32,4,0,1,2,0,0,40,0
36,3,0,3,2,0,0,40,0
48,5,3,0,3,0,0,40,0
54,3,1,3,1,0,0,40,0
33,3,0,1,2,0,0,40,0
67,1,3,3,3,0,1539,40,0
38,2,0,1,1,0,0,50,0
50,0,1,1,1,0,0,40,0
48,3,0,3,1,0,0,50,0
23,4,0,2,1,0,0,40,0
31,1,3,2,3,3464,0,45,0
34,1,1,2,2,0,0,37,0
42,2,3,0,3,0,0,52,0
33,1,1,1,1,0,0,40,0
23,0,3,0,3,0,0,45,0
33,0,3,0,3,3781,0,40,0
27,3,3,1,3,0,0,45,0
67,3,3,3,3,0,0,40,0
59,0,4,1,1,0,0,40,0
41,0,3,2,3,0,0,40,0
44,1,1,0,0,0,1380,40,0
18,0,0,2,1,0,0,45,0
30,1,0,0,0,0,0,40,0
52,0,4,2,1,0,0,40,0
51,0,1,1,1,0,0,40,0
46,6,1,3,1,0,0,35,0
49,6,1,3,1,0,0,40,0
33,4,3,0,3,0,0,50,0
30,0,1,0,5,0,0,40,0
29,0,0,1,1,0,0,40,0
33,1,3,3,3,0,0,40,0
29,1,0,2,1,0,0,45,0
52,4,3,0,3,0,0,40,0
23,0,0,1,2,0,0,48,0
40,3,0,1,1,0,0,40,0
23,0,0,0,1,0,0,40,0
42,1,0,1,1,0,0,33,0
26,0,0,1,0,0,0,40,0
49,1,1,2,2,0,0,43,0
55,2,3,0,3,0,0,40,0
43,0,3,0,3,0,0,40,0
46,0,1,2,1,0,0,40,0
32,2,3,0,3,0,0,40,0
37,1,0,3,1,0,0,40,0
43,1,1,1,2,0,0,38,0
22,0,3,4,3,0,0,45,0
29,3,0,1,1,3325,0,45,0
43,0,3,2,3,0,0,40,0
31,0,0,0,5,0,0,50,0
27,4,3,0,3,0,0,42,0
28,4,1,2,1,0,0,40,0
36,6,0,3,1,0,0,45,0
33,3,0,3,1,0,0,40,0
24,1,0,1,2,0,0,40,0
50,0,2,0,1,0,0,45,0
30,0,1,1,1,0,0,40,0
41,1,2,1,1,4650,0,40,0
59,0,1,0,0,0,0,40,0
61,0,3,0,3,0,2002,38,0
75,1,3,3,3,0,2149,35,0
40,1,3,1,3,0,0,40,0
21,1,0,3,0,0,0,40,0
28,5,1,0,2,0,0,40,0
23,1,0,2,0,0,0,40,0
41,3,1,1,1,0,0,40,0
43,4,3,0,3,0,2042,40,0
25,4,0,0,2,914,0,40,0
40,3,1,3,1,0,1741,40,0
29,0,0,0,1,0,0,40,0
57,4,3,0,3,0,0,40,0
19,2,0,3,1,0,0,50,0
60,1,4,3,1,0,0,40,0
26,5,2,0,1,0,1719,40,0
56,5,3,0,3,0,0,40,0
29,0,3,0,3,0,0,40,0
43,6,1,3,1,0,0,50,0
53,5,3,2,3,0,0,35,0
23,0,0,1,5,0,0,40,0
23,1,0,0,0,0,0,40,0
35,0,1,0,1,0,0,40,0
20,0,0,0,1,0,0,35,0
25,0,0,0,2,0,0,40,0
49,0,1,3,1,0,0,40,0
65,1,1,1,1,0,0,38,0
39,0,0,0,5,0,0,40,0
51,1,1,0,1,0,0,40,0
38,0,3,0,3,0,0,40,0
45,1,1,1,1,0,0,45,0
45,1,4,2,2,0,0,40,0
29,3,1,3,1,0,0,52,0
49,0,0,0,1,0,0,40,0
25,3,0,1,1,0,0,40,0
40,4,3,0,3,0,0,40,0
24,0,1,2,2,0,0,40,0
22,1,0,1,0,0,0,40,0
35,2,3,0,4,0,0,44,0
59,1,4,4,1,6849,0,40,0
37,0,3,0,3,0,0,50,0
39,1,1,3,0,0,0,45,0
22,1,0,2,0,0,0,36,0
51,0,1,0,1,0,0,40,0
37,3,0,2,1,0,0,39,0
40,1,3,0,3,0,0,43,0
35,3,0,2,1,0,0,38,0
68,0,3,4,3,0,0,50,0
51,5,3,3,3,3908,0,47,0
35,0,0,0,2,0,0,50,0
22,1,0,1,0,0,0,40,0
39,0,4,0,2,0,0,40,0
23,3,0,3,0,0,0,40,0
27,3,1,0,0,0,0,40,0
27,3,0,3,0,0,0,35,0
52,1,3,1,3,5013,0,40,0
38,3,1,1,2,0,213,40,0
61,5,3,1,3,2885,0,40,0
55,0,2,0,1,0,0,40,0
31,1,1,1,2,0,0,40,0
30,3,1,1,1,0,0,40,0
46,0,3,0,3,3464,0,40,0
19,5,0,4,1,0,0,36,0
23,0,0,1,0,0,0,40,0
34,1,0,1,2,0,0,38,0
27,6,0,1,1,0,0,46,0
22,2,0,0,0,0,0,40,0
40,1,0,0,1,0,0,35,0
46,1,3,1,3,0,0,40,0
56,1,4,1,2,0,0,40,0
26,1,0,2,0,0,0,50,0
25,1,0,0,1,0,0,50,0
25,2,0,1,1,0,0,40,0
34,6,0,3,1,0,0,40,0
36,0,3,0,3,0,0,40,0
29,3,0,0,1,0,0,40,0
51,0,1,0,0,0,0,40,0
28,6,0,3,1,0,0,50,0
26,0,0,0,5,0,0,40,0
43,1,3,1,3,0,0,35,0
34,0,0,0,0,0,0,45,0
28,3,0,1,1,0,1408,40,0
65,6,1,1,1,0,0,40,0
35,4,3,0,3,0,0,40,0
62,4,3,4,3,0,0,48,0
34,5,0,2,5,0,0,40,0
24,0,0,3,0,0,0,40,0
56,4,4,2,2,0,0,50,0
21,1,0,1,0,0,0,40,0
26,3,0,3,0,0,0,40,0
34,0,0,2,2,0,0,35,0
30,4,3,0,3,0,0,40,0
37,2,0,3,1,0,0,40,0
48,6,3,3,3,0,0,40,0
54,3,1,3,1,0,0,40,0
24,0,3,3,3,0,0,37,0
25,3,0,1,1,0,0,40,0
22,0,0,0,1,0,0,40,0
32,2,0,3,5,0,0,40,0
32,0,3,2,3,0,0,43,0
20,1,0,0,0,0,0,40,0
63,0,3,0,3,0,0,40,0
21,0,0,2,0,0,0,40,0
29,4,1,2,0,0,0,40,0
35,1,1,1,1,0,0,50,0
23,3,0,3,2,0,0,40,0
56,0,0,2,1,0,0,40,0
36,6,0,3,1,0,0,45,0
32,2,3,2,3,0,0,40,0
24,3,0,4,2,0,0,50,0
23,0,0,1,1,0,0,37,0
42,4,3,2,3,0,0,40,0
59,3,3,3,3,0,0,35,0
40,0,3,0,3,0,0,50,0
27,3,0,1,1,0,0,43,0
26,0,0,2,1,0,0,40,0
34,1,3,0,3,0,0,40,0
51,3,3,1,3,0,0,50,0
33,3,3,3,3,0,1672,40,0
24,0,0,0,1,0,0,40,0
58,2,3,3,3,0,0,40,0
27,5,3,4,3,0,0,40,0
21,1,0,1,0,0,0,40,0
37,5,3,0,3,0,0,40,0
55,4,4,1,1,0,0,40,0
40,0,1,0,1,0,0,40,0
52,1,4,0,1,0,0,35,0
18,0,3,1,4,0,0,40,0
41,0,1,0,1,0,0,40,0
23,5,0,4,1,0,0,36,0
42,1,0,0,2,0,625,40,0
21,1,0,2,0,0,0,40,0
46,0,1,0,2,0,0,50,0
24,1,0,0,0,0,0,40,0
26,5,0,0,1,0,0,40,0
32,0,3,3,3,0,0,45,0
40,4,1,0,2,0,0,40,0
24,1,0,0,1,0,0,40,0
26,0,0,0,0,0,0,40,0
45,0,3,0,3,0,0,40,0
39,0,3,0,3,0,0,40,0
61,3,1,1,1,0,0,35,0
57,0,2,0,1,4650,0,40,0
24,0,3,1,3,0,0,40,0
31,1,3,1,3,0,0,40,0
34,0,3,0,3,0,0,40,0
27,5,0,4,2,0,0,48,0
40,4,3,0,3,0,0,40,0
32,0,3,0,3,0,0,40,0
51,0,1,1,1,0,0,40,0
57,0,1,1,2,0,1876,38,0
34,3,0,1,0,0,0,40,0
48,4,3,0,5,0,0,45,0
56,1,4,0,2,0,0,38,0
41,0,0,0,2,0,0,40,0
26,1,0,0,0,0,0,40,0
49,0,2,0,2,0,0,40,0
31,0,1,2,2,0,0,40,0
46,4,0,2,5,0,0,40,0
26,4,3,0,3,0,0,40,0
33,0,0,0,2,0,0,40,0
21,1,0,1,0,0,0,40,0
32,0,0,2,2,0,0,40,0
33,0,1,1,2,0,0,45,0
30,3,0,1,0,0,0,40,0
20,1,0,2,0,0,0,35,0
33,3,3,0,3,0,0,40,0
23,3,0,3,0,0,1669,40,0
29,1,3,1,4,0,0,40,0
20,0,1,1,1,0,0,40,0
24,1,1,1,1,0,0,50,0
52,4,3,0,3,0,0,40,0
54,1,3,0,3,0,0,40,0
44,1,3,0,3,0,0,40,0
61,5,3,0,3,2290,0,40,0
22,0,0,0,0,0,0,40,0
28,0,3,1,4,0,0,40,0
18,0,0,1,0,0,0,40,0
57,2,0,3,1,0,0,35,0
53,4,3,0,5,0,0,40,0
41,4,3,0,3,0,0,40,0
35,0,3,0,3,0,0,40,0
21,4,0,0,1,0,0,35,0
34,0,0,2,1,0,0,40,0
46,2,1,3,2,0,0,45,0
27,2,3,1,3,0,0,45,0
27,1,1,0,2,0,0,40,0
32,0,3,0,3,0,0,40,0
40,3,1,3,1,0,1741,40,0
64,3,1,1,1,0,0,40,0
46,0,3,0,3,0,0,42,0
26,3,0,3,1,0,0,40,0
28,3,0,3,1,0,0,40,0
33,1,0,1,0,0,0,40,0
30,0,3,0,3,0,0,40,0
29,3,0,3,1,0,0,40,0
53,0,3,3,3,0,0,50,0
48,4,1,1,1,0,0,40,0
55,0,3,1,4,0,0,50,0
38,0,0,3,1,0,0,40,0
27,4,1,0,5,0,0,40,0
58,6,0,3,1,0,0,40,0
53,2,3,1,3,0,0,40,0
45,0,1,0,1,0,0,40,0
21,1,0,3,0,0,0,40,0
27,3,3,1,4,0,0,40,0
30,2,1,3,1,0,0,40,0
25,1,0,1,1,0,0,40,0
46,5,0,0,0,0,0,40,0
44,1,3,0,3,0,0,40,0
55,1,3,0,3,0,0,40,0
29,0,0,4,1,0,0,45,0
59,5,1,2,0,0,0,38,0
39,1,0,1,1,0,0,40,0
35,0,1,2,1,0,0,40,0
32,6,3,3,3,0,0,50,0
50,3,1,3,1,0,0,40,0
53,1,1,0,1,0,0,40,0
24,1,1,1,2,0,0,45,0
65,0,3,1,4,0,0,40,0
24,0,0,0,0,0,0,50,0
44,0,1,1,1,0,0,40,0
22,1,0,1,0,0,0,40,0
40,1,0,3,2,0,0,40,0
32,1,3,0,5,0,0,40,0
26,1,0,1,1,0,0,40,0
45,0,0,0,0,0,0,40,0
73,1,3,2,3,0,0,40,0
57,1,3,0,3,0,0,40,0
34,3,3,0,3,0,0,40,0
24,3,0,3,0,0,0,40,0
25,1,3,0,3,0,0,40,0
21,1,0,0,5,0,0,35,0
52,1,3,0,3,0,0,40,0
41,3,3,3,3,0,0,50,0
19,1,0,1,5,0,0,38,0
48,0,3,0,4,0,0,50,0
25,5,3,0,3,0,0,40,0
27,6,0,1,0,0,0,45,0
43,1,3,4,3,0,0,40,0
62,5,4,0,1,0,0,40,0
34,3,1,3,2,6497,0,40,0
25,1,0,2,1,0,0,40,0
38,1,3,0,3,0,0,40,0
31,0,0,0,2,0,0,40,0
46,0,0,2,2,0,0,40,0
35,1,1,1,2,0,0,40,0
25,2,0,1,1,4865,0,40,0
26,0,0,1,0,0,0,50,0
49,0,0,2,1,0,0,38,0
21,0,0,2,5,0,0,35,0
24,0,0,0,0,0,0,40,0
28,2,3,1,4,0,0,35,0
22,1,0,0,0,0,0,35,0
18,4,0,0,2,0,0,40,0
48,1,1,3,1,0,0,50,0
59,2,4,3,2,0,0,40,0
39,0,0,2,1,0,0,47,0
52,1,3,1,3,0,0,45,0
34,6,0,3,0,0,0,50,0
30,0,3,0,3,0,0,40,0
35,2,2,3,2,0,0,44,0
21,2,3,4,3,0,0,40,0
43,2,1,0,1,0,0,40,0
36,3,1,1,5,0,0,40,0
27,0,3,0,3,0,0,40,0
17,4,0,0,0,0,0,35,0
22,4,0,1,1,0,0,40,0
22,1,0,1,0,0,0,40,0
22,1,0,2,0,0,0,35,0
29,0,3,4,3,0,0,40,0
29,3,0,1,1,6849,0,48,0
24,3,0,1,5,0,0,50,0
47,1,0,2,2,0,0,40,0
20,0,0,1,2,0,0,38,0
24,3,0,1,0,0,0,40,0
49,1,3,1,3,0,0,50,0
50,5,3,4,5,0,0,40,0
31,0,0,0,5,0,0,40,0
30,0,3,0,3,0,0,40,0
52,0,1,2,1,0,0,38,0
23,0,0,2,5,0,0,40,0
38,1,3,3,3,0,0,40,0
34,0,3,2,3,0,0,45,0
36,4,1,0,1,0,0,40,0
42,3,1,3,2,0,0,40,0
63,1,0,3,1,0,0,40,0
38,3,1,1,0,0,0,50,0
44,0,3,0,4,0,0,45,0
26,0,0,2,1,0,0,40,0
37,3,3,0,3,0,0,40,0
27,0,3,0,3,0,0,40,0
19,0,0,0,0,0,0,40,0
53,4,1,0,1,0,0,50,0
23,4,0,1,2,0,0,40,0
46,0,2,2,1,0,0,35,0
20,1,0,1,0,0,0,40,0
62,0,3,1,3,0,0,38,0
50,0,3,3,3,0,0,40,0
31,1,0,1,1,2463,0,38,0
27,0,3,0,3,0,0,40,0
20,0,0,0,0,0,0,40,0
31,0,0,1,1,0,0,40,0
46,1,1,1,2,0,0,40,0
27,0,1,0,1,0,0,40,0
55,4,3,1,3,0,0,35,0
22,0,3,4,3,0,0,45,0
39,0,1,1,2,0,0,40,0
29,0,3,0,3,0,0,40,0
37,4,3,0,3,0,0,40,0
39,1,0,0,0,0,0,40,0
44,2,3,4,3,0,0,40,0
46,1,3,0,3,0,0,40,0
22,0,0,0,0,0,0,40,0
44,3,0,1,1,0,0,42,0
25,2,0,3,0,0,0,35,0
29,1,0,1,1,0,0,40,0
42,3,0,1,0,0,0,35,0
35,2,1,1,1,0,0,40,0
29,0,0,2,5,0,0,40,0
25,4,0,2,1,0,0,40,0
36,5,3,2,3,0,0,40,0
18,0,0,0,0,0,0,40,0
35,0,0,0,5,0,0,40,0
48,0,3,0,3,0,0,40,0
38,3,1,0,1,0,0,40,0
25,0,0,0,0,0,0,40,0
21,1,0,1,0,0,0,40,0
51,0,0,2,1,0,0,40,0
25,6,0,3,1,0,0,43,0
22,0,2,1,5,0,0,40,0
34,0,1,1,1,0,1590,40,0
30,1,3,4,3,0,0,40,0
19,0,0,0,0,0,0,43,0
29,4,0,2,1,0,0,40,0
25,3,0,3,0,0,0,46,0
49,0,3,2,3,0,0,40,0
28,3,0,1,1,0,0,45,0
61,3,0,3,0,0,0,40,0
43,0,3,2,3,0,0,40,0
33,3,3,2,3,0,0,40,0
63,5,3,1,3,0,0,40,0
31,0,3,0,3,0,0,50,0
17,4,0,0,0,0,0,40,0
45,0,1,1,1,0,0,35,0
37,0,0,4,1,0,0,45,0
24,0,0,1,0,0,0,40,0
17,4,0,1,0,0,0,40,0
25,2,3,1,3,0,0,40,0
39,1,3,2,3,0,0,40,0
60,4,1,4,1,0,0,48,0
28,1,0,1,1,0,0,40,0
25,0,0,1,0,0,0,40,0
25,3,0,1,0,0,0,35,0
43,1,3,2,3,0,0,40,0
31,3,3,1,3,0,0,40,0
28,0,1,0,1,0,0,45,0
24,0,3,0,3,2885,0,50,0
38,3,0,3,1,2202,0,45,0
52,0,3,1,3,0,0,50,0
25,0,0,0,1,0,0,36,0
29,0,3,0,3,0,0,50,0
40,0,2,1,2,0,0,40,0
34,1,0,1,1,0,0,40,0
19,4,0,2,5,0,0,40,0
35,0,3,0,3,0,0,50,0
22,1,0,1,0,0,0,40,0
21,4,0,0,0,0,0,40,0
59,4,1,0,5,0,0,35,0
41,1,3,1,3,0,0,50,0
48,4,3,4,3,0,0,50,0
25,0,1,0,0,0,0,40,0
24,1,0,2,1,0,0,40,0
24,1,0,1,2,0,0,40,0
26,3,0,3,1,0,0,40,0
26,6,0,3,1,0,1876,40,0
24,2,0,1,0,0,0,37,0
21,0,0,2,0,0,0,35,0
22,2,0,3,2,0,0,35,0
64,0,3,2,3,0,0,40,0
27,3,3,3,3,0,0,50,0
65,5,3,4,3,0,0,40,0
36,0,3,2,3,0,0,40,0
61,5,3,0,4,0,0,37,0
57,3,4,3,1,0,0,35,0
30,2,0,3,1,0,0,40,0
41,0,0,1,1,0,0,50,0
46,0,3,2,4,0,0,40,0
60,2,4,0,1,0,0,45,0
44,1,1,0,1,0,0,40,0
36,1,0,1,1,0,0,50,0
32,6,0,3,1,0,0,40,0
33,0,1,2,2,0,0,40,0
43,6,3,3,4,0,0,50,0
27,0,0,1,1,4416,0,40,0
22,3,0,3,1,0,0,40,0
35,4,0,0,1,0,0,40,0
46,4,1,0,2,0,0,40,0
25,0,0,0,0,0,0,40,0
35,0,3,0,3,0,0,40,0
24,0,1,2,1,0,0,40,0
31,3,4,3,0,0,0,35,0
33,2,2,3,0,0,0,40,0
33,4,3,0,3,0,0,40,0
41,0,1,0,1,0,0,40,0
25,0,0,1,0,0,0,40,0
36,5,3,2,4,0,0,40,0
43,0,2,4,2,0,0,40,0
49,1,1,1,2,0,0,35,0
67,2,1,3,2,0,0,40,0
51,2,1,3,1,0,0,48,0
27,1,0,0,5,0,0,40,0
26,3,0,3,1,0,0,40,0
43,3,3,3,3,0,0,50,0
21,0,0,1,0,0,0,40,0
19,4,1,3,0,1055,0,40,0
21,0,0,1,1,0,0,40,0
57,1,4,0,2,0,0,40,0
28,0,0,4,1,0,0,40,0
41,0,1,1,2,0,0,40,0
40,1,3,1,3,0,0,40,0
30,3,0,1,1,0,0,40,0
62,0,0,2,1,0,0,40,0
33,3,3,3,3,0,0,40,0
59,6,3,3,3,0,0,40,0
44,0,3,0,3,0,0,40,0
26,1,3,2,3,0,0,40,0
38,3,3,2,3,0,1628,48,0
51,1,4,2,2,0,0,40,0
30,0,0,0,5,0,0,40,0
27,1,0,2,1,0,0,50,0
52,0,4,0,1,0,0,40,0
36,2,3,0,3,0,0,40,0
47,0,1,0,1,4650,0,40,0
60,5,1,0,2,0,0,40,0
46,5,0,0,1,0,0,50,0
25,0,0,1,1,0,0,40,0
58,4,3,0,3,0,0,40,0
24,0,1,3,1,0,0,50,0
20,1,0,2,1,0,0,45,0
39,1,1,1,5,0,0,35,0
37,3,0,3,1,0,0,40,0
59,3,1,1,1,0,0,45,0
66,4,3,0,3,3471,0,40,0
32,0,0,0,0,0,0,45,0
60,4,3,0,3,0,0,49,0
41,6,1,3,1,0,0,35,0
33,5,3,0,3,0,0,40,0
32,0,0,2,0,0,0,38,0
35,4,3,0,3,0,0,40,0
44,3,1,2,0,0,0,40,0
30,4,3,0,3,0,0,40,0
22,0,0,0,1,0,0,35,0
30,1,3,1,3,0,0,50,0
40,1,0,1,2,0,0,49,0
40,3,1,1,1,0,0,35,0
38,1,1,1,2,1506,0,50,0
26,5,0,0,1,0,0,40,0
35,4,1,2,2,0,0,40,0
51,0,3,0,3,0,0,40,0
36,1,1,1,2,0,0,40,0
27,0,3,2,3,0,0,40,0
36,1,0,1,0,0,0,40,0
55,4,3,1,3,0,0,45,0
42,0,1,0,1,0,0,40,0
26,3,0,1,1,0,0,40,0
38,3,3,0,3,0,0,45,0
48,4,1,1,1,0,0,40,0
57,1,3,0,3,0,0,40,0
49,0,3,0,3,0,0,44,0
56,0,3,1,3,0,0,40,0
25,4,3,0,3,0,0,40,0
28,0,3,0,3,0,0,43,0
28,1,0,1,1,0,0,50,0
23,2,0,1,1,0,0,40,0
36,0,0,0,1,0,0,45,0
22,2,3,3,4,0,0,40,0
32,2,3,0,3,0,0,40,0
38,5,3,0,3,0,0,40,0
24,0,3,0,3,0,0,40,0
41,3,0,3,0,0,0,40,0
39,4,0,0,1,0,0,40,0
58,3,1,3,1,0,0,50,0
60,1,3,2,3,0,0,40,0
70,4,3,0,3,0,0,40,0
58,0,1,1,2,0,0,45,0
52,5,3,0,3,0,0,40,0
31,1,1,1,2,0,0,40,0
19,0,0,0,1,0,0,40,0
22,0,3,2,0,0,0,40,0
64,0,3,3,3,0,0,40,0
43,4,0,0,1,0,0,40,0
29,0,3,2,3,0,0,35,0
18,1,0,1,0,0,0,40,0
29,1,1,0,1,2174,0,40,0
47,0,3,0,3,0,0,40,0
24,1,0,3,1,0,0,40,0
64,3,0,1,2,0,0,40,0
60,0,3,1,3,0,0,40,0
42,6,1,3,1,0,0,40,0
30,1,0,0,1,0,1590,40,0
21,0,0,1,2,0,0,40,0
22,4,2,2,5,0,0,35,0
33,0,3,1,0,0,0,40,0
23,0,0,2,0,0,0,40,0
59,3,0,3,5,0,0,35,0
66,1,0,1,0,0,0,40,0
40,0,1,2,1,0,0,40,0
26,3,0,3,1,0,0,50,0
53,4,3,0,3,0,0,44,0
23,0,0,1,1,0,0,50,0
28,2,0,3,2,0,0,40,0
26,0,0,0,2,0,0,40,0
59,0,4,4,2,0,2339,40,0
29,4,0,0,0,0,0,48,0
23,3,0,3,1,0,1092,40,0
42,3,1,3,2,0,0,40,0
26,0,1,1,2,0,0,40,0
26,0,0,2,0,0,0,40,0
50,4,1,0,1,0,0,50,0
24,5,0,1,1,0,0,40,0
48,4,3,2,4,0,0,40,0
50,2,1,1,1,0,0,40,0
55,0,1,1,1,0,0,40,0
32,2,0,2,1,0,0,45,0
20,0,0,0,0,0,0,40,0
38,1,3,3,4,0,0,40,0
29,1,3,0,3,0,0,40,0
45,0,3,2,3,0,0,40,0
22,0,0,2,1,0,0,40,0
38,0,0,3,1,0,0,40,0
41,6,1,3,2,0,0,45,0
27,0,3,0,3,0,0,40,0
28,0,0,0,0,0,0,40,0
35,0,3,0,3,0,0,40,0
31,3,4,1,2,0,0,41,0
28,0,3,1,3,0,0,40,0
19,1,1,2,0,0,0,40,0
62,3,3,3,3,0,0,35,0
27,6,0,1,0,0,0,40,0
31,0,1,1,2,0,0,40,0
34,1,0,1,1,0,0,50,0
36,0,3,0,3,0,0,40,0
31,2,1,3,1,0,0,40,0
24,3,0,1,0,0,0,40,0
39,4,3,0,3,0,0,40,0
30,0,3,1,3,0,0,40,0
61,5,3,0,3,0,0,40,0
33,0,0,0,1,0,0,40,0
33,4,3,0,3,0,0,40,0
24,0,0,0,1,0,0,40,0
38,0,0,0,1,0,0,40,0
42,0,3,2,4,0,0,35,0
45,5,1,0,1,0,0,35,0
49,1,1,0,1,0,0,35,0
33,0,0,1,1,0,0,45,0
35,0,3,1,3,0,0,40,0
31,0,3,0,4,0,0,40,0
61,3,0,3,0,0,0,40,0
23,4,0,1,1,0,0,45,0
27,1,3,0,3,3411,0,40,0
38,4,3,0,3,0,0,40,0
36,0,0,1,0,0,0,40,0
23,0,0,0,0,0,0,50,0
37,0,3,0,3,0,0,40,0
50,1,1,1,2,0,0,40,0
32,0,1,1,1,0,0,50,0
19,0,0,3,0,0,0,40,0
46,0,3,0,3,0,0,50,0
57,5,3,0,3,0,0,40,0
51,0,3,0,3,0,0,40,0
37,0,3,3,3,0,0,40,0
22,1,0,2,1,0,0,50,0
21,1,0,1,0,0,0,40,0
24,1,0,0,1,0,0,39,0
39,0,1,2,1,0,0,40,0
25,3,1,2,1,0,0,40,0
30,0,3,0,3,0,0,40,0
36,0,3,0,3,0,0,50,0
26,0,3,0,3,0,0,40,0
44,2,0,1,1,0,1340,40,0
40,1,3,1,3,4386,0,50,0
48,0,1,0,1,0,0,48,0
44,0,1,0,1,0,0,40,0
23,4,0,0,0,0,0,40,0
34,0,1,0,2,0,0,40,0
33,0,3,0,3,0,0,40,0
24,0,3,0,0,0,0,35,0
30,0,1,1,2,0,0,40,0
23,3,0,3,0,0,0,45,0
34,0,3,0,3,0,0,40,0
43,2,1,3,1,0,0,40,0
52,0,1,1,2,0,1741,38,0
39,0,1,3,5,0,0,40,0
42,1,3,1,3,0,0,40,0
37,2,0,3,1,0,0,45,0
34,0,1,1,1,0,0,42,0
50,1,3,0,3,0,0,48,0
26,1,0,0,1,0,0,40,0
73,1,1,3,1,0,0,40,0
48,0,3,1,4,0,0,50,0
54,1,1,2,2,0,0,40,0
47,1,3,0,3,0,0,40,0
27,5,3,4,3,0,0,40,0
34,1,1,0,2,0,0,40,0
48,0,1,0,5,0,0,38,0
26,1,3,0,3,0,0,40,0
25,3,0,3,0,0,0,40,0
39,0,3,1,3,0,0,50,0
24,0,0,1,0,0,0,45,0
22,2,0,0,1,0,0,45,0
48,0,1,0,2,0,0,40,0
40,0,0,2,1,0,0,35,0
20,4,0,0,0,0,0,40,0
81,5,4,0,2,1264,0,40,0
42,3,0,3,2,0,1876,38,0
44,0,0,0,1,0,0,40,0
51,0,0,0,1,0,1590,40,0
40,0,3,0,3,0,0,40,0
52,0,3,0,3,0,0,40,0
38,0,3,4,3,0,0,43,0
47,3,3,2,3,0,0,40,0
41,2,1,1,1,3325,0,40,0
57,0,0,3,1,0,0,45,0
26,4,3,3,3,3411,0,40,0
26,4,3,0,3,0,0,40,0
64,5,3,0,3,0,0,40,0
60,1,1,1,5,0,0,40,0
59,5,0,4,2,4865,0,40,0
43,0,1,3,2,0,0,40,0
32,0,1,0,2,0,0,40,0
29,0,3,1,4,0,0,40,0
24,0,0,1,1,0,0,38,0
48,0,1,0,5,0,0,38,0
51,5,1,0,1,0,0,48,0
54,6,3,3,3,0,0,40,0
53,4,3,3,3,0,0,40,0
34,1,0,2,1,0,0,40,0
32,3,3,1,3,0,0,40,0
43,1,3,3,3,0,0,50,0
34,4,3,0,3,0,0,40,0
52,1,1,2,2,0,0,40,0
36,0,0,1,0,3325,0,40,0
49,0,1,2,1,0,0,40,0
38,2,3,0,3,0,0,50,0
42,4,1,1,2,0,0,40,0
23,3,0,3,0,0,0,40,0
20,0,0,1,1,0,0,40,0
43,1,1,1,1,0,0,35,0
41,0,1,1,2,0,0,40,0
33,1,1,3,2,0,0,40,0
61,1,1,0,2,0,0,40,0
52,0,3,1,3,0,0,46,0
60,0,3,2,3,0,0,40,0
40,0,1,0,1,0,0,35,0
31,1,1,0,1,0,0,40,0
48,0,1,0,2,0,0,40,0
32,0,3,1,3,0,0,40,0
41,1,1,1,1,0,0,38,0
43,1,3,1,3,0,0,35,0
32,4,3,1,3,0,0,45,0
59,0,4,4,2,0,2339,40,0
35,3,3,0,3,0,0,45,0
26,3,0,3,1,0,0,40,0
33,6,0,3,1,0,0,40,0
43,6,3,1,3,0,0,45,0
26,1,0,4,1,0,0,40,0
33,3,3,1,3,0,0,45,0
34,1,3,2,3,0,0,40,0
36,1,3,0,3,0,0,48,0
28,5,0,0,1,0,0,40,0
28,0,3,0,3,0,0,40,0
32,0,1,3,0,0,0,40,0
27,1,0,3,1,0,0,45,0
55,1,0,1,1,0,0,45,0
37,0,0,2,2,0,0,48,0
62,5,3,2,3,0,0,40,0
52,4,1,2,1,0,0,40,0
38,3,3,0,3,0,0,40,0
34,0,3,1,3,0,0,40,0
52,0,3,0,3,0,0,43,0
27,4,1,0,1,0,0,45,0
38,1,3,0,3,0,0,45,0
26,3,0,3,0,0,0,42,0
41,3,0,1,1,0,0,40,0
20,0,0,1,1,0,0,35,0
29,1,1,2,1,0,0,35,0
27,3,0,3,1,0,0,40,0
44,0,3,4,3,0,0,42,0
40,6,0,3,1,0,0,40,0
38,3,3,3,3,0,0,50,0
39,0,1,0,1,0,0,37,0
40,0,0,0,1,0,0,40,0
45,0,4,0,2,0,0,40,0
20,4,0,1,5,0,0,40,0
49,1,3,0,3,0,0,40,0
24,0,0,0,1,0,0,48,0
28,0,3,1,3,0,1628,40,0
72,6,3,3,3,0,0,35,0
52,0,2,1,1,0,0,50,0
35,1,3,0,3,0,0,40,0
62,0,3,0,3,0,0,40,0
19,0,0,0,1,0,0,49,0
36,0,1,0,0,0,0,40,0
31,3,3,1,3,3908,0,50,0
32,0,0,0,1,0,0,40,0
62,0,3,0,3,0,0,40,0
30,0,0,0,5,0,0,35,0
25,0,0,2,2,0,0,50,0
22,1,3,3,3,0,0,40,0
26,0,0,0,0,0,0,36,0
36,3,0,1,1,0,0,40,0
43,0,0,1,1,0,0,40,0
35,0,1,3,1,0,0,40,0
19,0,0,1,0,0,0,40,0
34,1,0,1,2,0,0,40,0
30,1,1,1,1,0,0,35,0
32,1,0,2,2,3887,0,40,0
35,1,0,0,1,0,0,40,0
22,2,0,2,2,0,0,35,0
50,5,3,4,3,0,0,40,0
28,1,1,1,2,0,0,40,0
21,4,2,0,0,0,1762,40,0
71,0,3,0,3,0,0,40,0
58,0,0,2,1,0,1719,40,0
20,1,0,3,2,0,0,40,0
32,4,3,2,4,0,0,40,0
28,4,0,1,1,0,0,40,0
44,1,1,0,1,0,0,40,0
29,0,0,0,1,0,0,35,0
49,6,0,4,5,0,0,48,0
40,0,1,0,1,0,0,40,0
31,0,1,1,1,0,0,40,0
39,3,0,1,1,0,1669,40,0
58,0,1,1,1,0,0,40,0
27,0,0,0,0,0,0,40,0
43,0,2,0,1,0,0,40,0
40,0,0,3,1,6849,0,43,0
51,1,1,3,1,0,0,40,0
19,4,1,3,0,1055,0,40,0
38,3,3,1,3,0,0,38,0
61,5,3,0,3,0,0,40,0
26,3,0,1,0,0,0,40,0
22,0,0,0,0,0,0,40,0
50,5,3,4,3,0,0,40,0
63,0,0,0,1,2174,0,40,0
22,0,3,0,3,0,0,40,0
29,3,3,3,4,0,0,35,0
51,0,1,0,1,0,1876,40,0
26,1,0,1,5,0,0,40,0
43,0,1,0,1,0,0,40,0
44,1,4,1,2,0,0,38,0
52,0,1,0,1,0,0,40,0
23,1,0,1,1,0,0,38,0
51,1,3,3,3,0,0,45,0
45,3,3,0,3,0,0,40,0
23,1,0,3,1,0,0,50,0
52,0,1,0,1,0,0,38,0
50,1,3,0,3,0,0,50,0
33,0,0,0,0,0,0,35,0
24,3,0,1,1,0,0,50,0
64,0,3,0,3,0,0,50,0
22,0,0,2,0,0,0,35,0
27,1,1,1,1,0,0,50,0
44,0,2,0,2,0,0,40,0
24,3,3,3,3,0,0,40,0
30,1,0,0,1,0,0,40,0
49,0,3,0,3,0,0,40,0
29,4,0,0,1,0,0,40,0
49,5,4,0,1,0,0,40,0
35,0,1,2,1,0,0,40,0
42,1,3,0,3,0,0,40,0
42,6,3,1,3,0,0,40,0
32,1,3,3,0,2597,0,40,0
32,0,1,1,2,0,0,40,0
52,4,3,2,4,0,0,35,0
41,3,1,1,1,0,0,40,0
35,2,3,1,3,0,0,36,0
42,1,0,1,1,0,0,33,0
22,4,0,2,1,0,0,35,0
51,5,4,0,1,0,0,40,0
35,0,3,0,3,0,0,43,0
51,0,1,1,2,0,0,45,0
19,0,0,0,5,0,0,40,0
31,4,3,4,4,0,0,42,0
44,3,3,1,3,5013,0,40,0
60,0,3,0,3,0,0,40,0
55,1,1,0,0,0,0,40,0
36,2,1,3,1,0,0,50,0
45,5,0,0,1,0,0,40,0
32,0,0,1,1,0,0,45,0
59,0,1,1,2,0,0,38,0
26,0,0,0,1,0,0,40,0
61,3,1,3,2,0,0,40,0
53,2,3,3,4,0,0,37,0
56,0,3,0,3,0,0,40,0
20,0,0,1,1,0,0,40,0
35,0,1,1,2,0,0,38,0
24,3,0,3,0,0,0,40,0
24,3,0,3,1,0,0,40,0
47,1,1,2,1,0,0,35,0
21,1,0,0,0,0,0,40,0
47,0,3,0,3,0,0,35,0
27,3,0,0,0,0,0,35,0
45,1,1,1,1,0,0,40,0
25,4,0,0,0,0,0,40,0
38,3,0,3,0,0,0,40,0
27,2,1,0,1,0,0,40,0
35,0,1,1,1,0,0,40,0
31,3,0,3,1,0,0,40,0
56,5,3,0,3,0,0,48,0
31,5,3,2,3,0,0,40,0
59,4,3,0,3,0,0,50,0
45,1,1,1,2,0,0,45,0
36,2,1,3,1,0,0,48,0
42,1,3,0,3,0,0,40,0
50,0,4,2,1,0,0,37,0
44,0,3,0,3,0,0,40,0
25,4,0,0,1,0,0,40,0
48,1,1,3,1,0,0,40,0
24,5,0,4,5,0,0,40,0
47,2,0,3,1,0,0,40,0
34,4,3,0,0,0,0,40,0
54,6,1,3,1,0,0,40,0
47,5,3,0,3,0,0,40,0
35,0,1,2,2,0,1594,40,0
27,1,3,3,3,0,0,40,0
39,1,1,0,1,0,0,40,0
25,3,0,3,0,0,0,40,0
31,0,3,1,3,0,0,40,0
22,5,0,2,2,0,0,40,0
28,6,3,3,4,0,0,40,0
35,1,3,3,3,0,0,50,0
38,3,1,3,1,0,0,40,0
57,0,3,0,3,0,0,40,0
33,0,3,0,3,0,0,43,0
65,5,3,0,3,0,0,40,0
55,0,4,1,1,0,0,40,0
42,0,1,1,2,0,0,40,0
47,1,1,1,1,0,0,40,0
33,0,0,2,1,0,0,35,0
41,0,1,2,1,0,0,40,0
35,1,0,1,0,0,0,48,0
49,6,3,3,3,0,0,40,0
39,4,0,0,1,0,0,40,0
29,0,3,0,3,0,0,45,0
34,0,3,0,3,0,0,40,0
35,4,0,1,1,0,0,45,0
30,2,0,0,1,0,0,40,0
36,0,3,4,4,0,0,40,0
28,4,0,0,1,0,0,40,0
32,0,0,3,2,0,1380,40,0
29,6,3,3,3,0,0,40,0
39,0,1,2,1,0,0,40,0
61,0,4,3,1,0,0,40,0
50,0,3,0,3,0,0,40,0
45,5,0,0,2,0,0,42,0
33,4,3,0,3,0,0,40,0
37,1,3,0,3,0,0,40,0
54,0,3,0,3,0,0,40,0
25,1,3,0,3,0,0,40,0
28,4,1,0,2,0,0,40,0
34,2,0,0,0,0,0,40,0
49,3,3,1,3,0,0,40,0
66,5,3,4,3,0,0,48,0
54,0,3,0,3,0,0,40,0
32,3,3,0,3,0,0,50,0
28,0,3,0,3,0,0,40,0
30,0,2,0,5,0,0,40,0
27,3,0,1,1,0,0,40,0
31,4,0,0,1,0,0,35,0
24,0,0,0,1,0,0,35,0
46,0,0,0,1,0,0,40,0
38,1,3,1,3,0,0,40,0
56,4,1,1,2,0,0,36,0
29,1,3,0,3,0,0,40,0
34,0,0,2,0,0,0,40,0
18,4,0,0,0,0,0,40,0
26,0,3,2,4,0,0,40,0
48,1,0,1,1,0,0,40,0
38,0,1,2,2,0,0,48,0
31,2,1,1,2,0,0,35,0
22,0,3,2,4,4508,0,40,0
45,2,0,1,2,0,0,48,0
50,0,3,1,3,0,0,40,0
30,3,0,3,5,0,0,45,0
37,1,3,1,3,0,0,40,0
28,1,1,1,2,0,0,45,0
23,1,0,0,5,0,0,40,0
20,1,0,2,1,0,0,40,0
44,0,1,1,1,0,0,40,0
29,3,0,3,1,0,0,40,0
20,0,0,2,1,0,0,45,0
27,3,0,1,1,0,1876,50,0
22,1,0,1,1,0,0,42,0
22,3,0,1,0,0,0,50,0
49,4,3,2,5,0,0,40,0
49,0,3,0,3,0,0,40,0
31,0,3,3,3,0,0,50,0
43,1,3,1,3,0,0,35,0
33,4,1,0,1,0,0,35,0
30,3,3,1,4,0,0,40,0
37,3,0,3,1,0,0,45,0
31,1,0,1,0,0,0,35,0
45,2,1,1,2,0,0,40,0
33,3,0,1,1,0,0,40,0
36,6,1,3,0,0,0,40,0
34,2,0,0,0,0,0,40,0
32,2,3,0,3,0,0,40,0
67,0,4,1,1,0,0,40,0
28,2,3,1,3,0,0,40,0
43,3,3,0,3,0,0,40,0
40,0,3,0,3,0,0,40,0
36,1,1,1,2,0,0,40,0
51,0,0,1,1,0,0,40,0
19,0,0,0,0,0,0,40,0
33,5,2,2,1,0,0,40,0
22,0,2,1,5,0,0,40,0
39,0,0,0,2,0,0,48,0
23,4,3,2,3,0,0,40,0
33,1,3,1,3,0,0,45,0
64,1,1,2,1,0,0,40,0
25,3,3,3,3,0,0,40,0
31,0,3,1,4,0,0,40,0
24,3,0,3,1,0,0,40,0
59,1,3,3,3,0,2179,40,0
31,3,0,3,1,0,0,50,0
18,1,0,1,1,0,0,40,0
41,4,4,2,2,0,0,40,0
42,1,0,3,1,0,1340,40,0
24,6,0,1,2,0,0,38,0
35,2,1,2,2,0,0,50,0
23,1,0,0,0,0,0,40,0
43,1,1,0,1,0,0,40,0
20,0,0,0,0,0,0,40,0
27,6,0,3,1,0,0,37,0
31,3,3,3,3,0,0,40,0
62,6,3,3,3,0,0,40,0
45,1,0,0,0,0,0,40,0
42,1,3,0,3,0,0,40,0
40,3,3,1,3,0,0,40,0
65,6,1,3,1,0,1668,40,0
50,4,1,2,2,0,0,40,0
50,1,1,1,1,0,0,36,0
42,6,1,3,2,1151,0,40,0
27,0,0,0,1,0,0,35,0
49,0,3,0,3,0,0,40,0
34,0,0,0,1,0,0,40,0
33,2,1,1,1,0,0,40,0
49,0,0,2,0,0,0,40,0
20,1,0,0,1,0,0,40,0
29,0,2,2,1,0,0,40,0
32,0,0,1,2,2977,0,35,0
22,1,0,1,1,0,0,40,0
45,0,1,1,2,0,0,38,0
24,0,0,0,2,0,0,45,0
33,0,1,0,5,0,0,50,0
23,2,0,1,0,0,0,36,0
21,1,0,1,0,0,0,40,0
38,1,3,1,4,0,0,40,0
39,3,1,3,2,0,0,40,0
31,4,1,0,2,0,0,40,0
48,0,1,1,1,0,0,40,0
51,0,3,0,4,0,0,40,0
28,1,2,1,0,0,0,40,0
24,3,0,1,0,0,0,40,0
49,1,0,3,2,0,0,40,0
34,6,0,3,0,4650,0,40,0
37,6,0,1,1,0,0,50,0
76,4,3,3,3,0,0,40,0
40,6,0,3,1,0,0,40,0
68,5,4,2,1,0,0,40,0
49,0,3,0,3,0,0,40,0
35,4,0,1,1,0,0,45,0
47,0,1,0,1,0,1590,40,0
17,4,0,2,0,0,0,40,0
40,0,3,0,3,0,0,40,0
45,5,3,2,4,0,0,40,0
33,1,1,1,1,0,0,40,0
32,3,0,3,1,0,0,50,0
22,0,0,2,1,0,0,45,0
29,6,0,3,1,0,0,40,0
29,0,0,1,0,0,0,40,0
24,0,0,0,0,0,0,40,0
41,0,1,3,2,0,0,40,0
23,0,0,0,0,0,0,40,0
40,0,1,2,1,0,0,40,0
19,1,0,1,0,0,0,34,0
42,0,1,0,1,3325,0,40,0
20,0,0,0,0,0,0,40,0
26,2,1,1,2,114,0,40,0
54,3,3,3,4,0,0,45,0
73,4,4,1,2,0,0,40,0
25,0,0,1,0,6849,0,40,0
34,0,1,3,1,0,0,40,0
27,0,1,0,1,0,0,45,0
36,3,3,3,4,0,0,40,0
45,3,1,3,1,0,0,40,0
38,2,3,0,3,0,0,40,0
45,3,0,1,0,0,0,40,0
31,0,0,0,0,0,0,40,0
28,0,1,0,2,0,0,36,0
29,0,3,1,4,2829,0,40,0
53,0,4,1,1,0,0,40,0
25,1,0,2,1,0,0,40,0
44,3,3,3,3,0,0,50,0
38,0,1,2,2,0,0,40,0
33,4,3,0,3,0,0,40,0
24,0,3,2,3,0,0,40,0
56,4,3,3,3,0,1651,40,0
36,0,3,0,3,0,0,35,0
40,6,0,3,1,0,1669,40,0
28,3,0,3,1,0,0,40,0
31,3,0,3,1,0,0,40,0
53,0,0,1,1,0,0,40,0
28,1,0,1,2,0,0,40,0
57,5,3,0,3,0,0,40,0
27,0,0,0,0,0,0,40,0
24,0,3,0,3,0,0,45,0
44,4,0,0,1,0,0,36,0
49,6,0,1,1,0,0,35,0
42,3,3,0,3,0,0,50,0
42,0,1,0,2,0,0,40,0
34,1,3,1,3,0,0,50,0
26,2,0,4,0,0,0,40,0
32,4,3,3,4,0,0,35,0
44,0,1,3,1,0,0,39,0
49,0,3,2,3,0,0,40,0
73,1,3,3,3,0,0,35,0
40,0,0,1,1,0,0,40,0
54,1,3,1,3,0,0,50,0
28,0,3,0,3,0,0,35,0
41,1,4,1,2,0,0,48,0
21,1,0,2,0,0,0,40,0
56,0,3,2,3,0,0,40,0
32,2,1,1,1,0,0,40,0
35,3,3,0,3,0,0,40,0
42,4,4,0,2,0,0,35,0
39,4,3,0,3,0,0,40,0
34,0,1,0,0,0,0,35,0
32,1,3,1,3,0,0,40,0
22,0,0,1,0,2597,0,40,0
38,3,3,2,3,0,0,52,0
37,0,0,2,1,0,0,40,0
24,1,0,1,0,0,0,35,0
32,2,0,3,1,0,0,38,0
43,0,3,3,3,0,0,50,0
33,5,2,4,2,0,0,40,0
35,1,0,0,0,0,0,40,0
53,0,4,0,2,0,0,40,0
31,1,3,1,3,0,0,40,0
42,6,0,3,1,0,0,38,0
42,3,3,3,3,0,0,40,0
46,1,3,3,3,0,0,40,0
32,0,3,0,3,3781,0,40,0
39,0,1,2,2,0,0,40,0
20,4,0,0,1,0,0,40,0
57,0,3,0,3,0,0,40,0
30,0,3,0,3,0,0,40,0
57,1,0,0,1,0,0,42,0
40,0,1,0,1,0,0,40,0
54,1,3,1,3,3137,0,50,0
32,0,1,0,2,0,0,40,0
45,1,1,1,2,0,0,48,0
27,0,3,1,4,3464,0,40,0
62,4,3,0,3,2829,0,40,0
67,1,1,1,1,7978,0,35,0
35,0,3,1,3,0,0,50,0
43,5,1,0,1,0,0,40,0
42,2,3,2,3,0,0,45,0
25,4,0,0,1,0,0,40,0
32,1,1,1,2,0,0,40,0
29,0,3,2,3,0,0,40,0
37,0,3,3,3,0,0,40,0
32,0,1,2,1,0,0,40,0
33,5,3,4,3,0,0,40,0
45,0,1,1,2,0,0,38,0
52,2,3,3,3,0,0,35,0
24,1,3,0,4,0,0,40,0
48,1,3,0,3,0,0,45,0
37,3,3,4,3,0,0,45,0
62,6,4,3,2,0,0,40,0
35,2,3,0,3,0,0,45,0
22,5,0,2,1,0,0,50,0
31,3,0,3,1,0,0,35,0
35,0,1,0,1,0,0,40,0
30,4,3,0,3,0,0,40,0
41,3,0,1,1,0,0,35,0
46,2,1,1,1,0,0,36,0
42,1,3,0,3,0,0,52,0
60,1,3,1,4,0,0,35,0
33,6,0,3,1,0,0,40,0
24,4,1,0,2,0,0,40,0
46,5,1,2,1,0,0,40,0
28,4,0,2,1,0,0,40,0
50,3,1,3,2,0,0,36,0
29,2,0,1,0,0,0,40,0
49,0,3,0,3,0,0,40,0
52,5,3,2,3,0,0,48,0
31,0,1,1,1,0,0,40,0
37,0,1,1,2,0,0,40,0
48,0,3,0,3,0,0,40,0
35,0,1,0,2,0,0,40,0
37,1,1,1,2,0,0,40,0
29,2,1,2,2,0,0,45,0
34,0,3,0,3,0,0,50,0
33,0,2,1,2,0,0,40,0
41,1,1,0,1,0,0,35,0
42,0,1,1,2,0,0,40,0
19,0,0,0,0,0,0,40,0
56,6,3,3,3,0,0,40,0
32,0,0,2,0,0,0,40,0
30,0,0,0,5,0,0,40,0
31,0,0,1,1,0,0,40,0
24,3,0,1,1,0,0,40,0
18,4,0,3,0,0,0,40,0
30,0,0,3,0,0,0,35,0
34,1,0,1,1,0,0,50,0
29,6,0,3,1,0,0,50,0
52,1,1,3,2,0,0,40,0
40,1,0,3,1,0,0,40,0
27,2,0,2,1,0,0,40,0
33,1,3,3,3,0,0,40,0
56,6,1,1,2,0,0,40,0
28,1,0,1,0,0,0,40,0
29,0,3,0,3,0,0,40,0
58,1,1,0,1,0,0,40,0
27,0,3,0,3,0,0,40,0
33,0,1,1,2,0,0,40,0
34,1,3,2,3,0,0,50,0
33,0,3,0,3,0,1672,40,0
35,1,3,1,3,0,1740,40,0
64,1,4,3,1,0,0,50,0
33,4,1,0,2,0,0,40,0
47,0,3,0,3,0,0,40,0
24,0,0,1,1,0,2001,37,0
47,0,1,1,2,0,0,40,0
41,0,0,1,1,0,0,40,0
21,5,3,0,3,0,0,40,0
38,4,2,2,1,0,0,45,0
52,4,0,2,2,0,0,40,0
47,0,0,1,5,0,0,40,0
31,0,1,1,2,0,0,40,0
65,4,4,3,1,2009,0,44,0
40,0,1,0,1,0,0,50,0
33,0,0,0,1,0,0,35,0
46,3,1,3,2,0,0,43,0
52,1,3,0,3,0,0,40,0
26,0,3,0,3,0,0,40,0
46,1,0,0,1,2354,0,40,0
60,5,4,1,1,0,0,40,0
57,0,0,1,0,0,0,40,0
31,2,1,2,2,0,0,40,0
23,0,0,1,1,0,0,40,0
32,1,3,0,3,0,0,40,0
65,5,4,4,2,0,0,50,0
26,0,0,2,1,0,0,50,0
52,2,0,4,1,0,0,50,0
34,4,1,0,1,0,0,40,0
25,2,0,1,2,0,0,40,0
26,3,0,3,1,4650,0,40,0
35,2,3,3,3,0,0,45,0
24,1,0,1,0,0,0,40,0
58,4,3,0,3,0,0,40,0
28,3,0,1,0,0,0,50,0
24,0,3,4,3,0,0,50,0
39,5,0,2,0,0,0,40,0
25,0,3,1,3,0,0,40,0
26,0,3,0,3,0,0,50,0
49,0,0,2,1,0,0,40,0
32,0,0,0,1,0,0,40,0
47,1,1,0,2,0,0,40,0
53,0,3,0,3,0,0,45,0
26,0,0,1,1,0,0,40,0
36,5,3,1,3,0,0,45,0
43,2,3,1,3,0,0,43,0
36,1,3,3,3,0,0,52,0
41,4,3,0,3,0,0,40,0
48,1,1,3,1,0,0,40,0
20,0,0,2,2,0,0,40,0
21,1,0,3,0,0,0,40,0
36,1,3,0,3,0,0,40,0
19,4,2,1,2,0,0,40,0
30,0,0,0,2,0,0,40,0
23,3,0,3,1,0,0,40,0
46,0,3,0,3,0,0,40,0
43,1,1,3,2,0,0,45,0
56,0,3,0,3,0,0,40,0
36,4,3,0,3,0,0,50,0
43,3,1,3,2,0,0,48,0
18,0,0,2,0,0,0,35,0
33,0,0,1,0,0,0,46,0
28,0,1,1,1,0,0,35,0
35,0,3,0,3,0,0,40,0
29,3,0,1,0,0,0,40,0
70,4,3,0,3,0,0,50,0
25,4,2,0,1,0,0,40,0
29,0,3,0,3,0,0,40,0
28,1,0,1,1,0,0,40,0
45,0,0,2,0,0,0,40,0
31,3,0,1,1,0,0,40,0
54,5,1,2,5,0,0,40,0
51,4,1,0,2,0,0,50,0
24,0,0,0,1,0,0,40,0
19,0,0,1,0,0,0,40,0
67,3,3,3,3,0,0,40,0
24,3,0,1,1,0,0,50,0
33,0,4,2,2,0,0,40,0
23,2,3,0,3,0,0,40,0
22,0,0,0,5,0,0,40,0
29,1,3,2,3,0,0,40,0
18,4,0,0,2,0,0,40,0
32,2,1,1,2,0,0,40,0
47,5,3,0,3,0,0,40,0
37,1,3,2,3,0,0,40,0
35,4,0,1,1,0,0,40,0
25,4,3,2,4,0,0,40,0
30,2,0,3,1,0,0,40,0
45,3,1,2,1,0,0,40,0
28,3,1,1,1,0,0,40,0
37,2,1,0,2,0,0,40,0
51,1,4,2,2,0,0,40,0
35,3,3,1,3,0,0,42,0
50,0,1,0,2,0,0,40,0
22,3,0,0,0,0,0,40,0
24,0,0,2,0,0,0,40,0
29,1,0,0,2,0,0,40,0
38,1,0,0,1,0,1876,40,0
36,2,3,3,3,0,0,40,0
33,0,3,0,3,0,0,40,0
33,0,0,0,0,0,0,35,0
36,0,0,0,0,0,0,40,0
17,4,0,0,0,0,0,40,0
25,0,3,2,4,0,0,40,0
31,2,3,0,3,0,1579,45,0
34,1,3,4,3,0,0,50,0
35,4,3,0,3,0,0,40,0
26,1,3,0,3,0,0,40,0
44,5,3,2,3,0,0,40,0
46,3,0,3,2,0,0,40,0
28,0,0,0,0,0,0,40,0
24,1,0,0,0,0,0,45,0
67,6,1,1,1,2009,0,40,0
45,0,1,1,1,0,1590,40,0
24,1,0,1,1,0,0,40,0
32,1,0,0,2,0,0,40,0
37,0,3,2,3,0,0,40,0
28,0,3,0,3,0,0,48,0
30,2,0,3,1,0,0,40,0
56,0,3,3,3,0,0,48,0
37,0,3,0,3,0,2129,40,0
35,6,3,3,3,0,0,50,0
57,4,3,0,3,0,0,48,0
23,4,0,1,1,0,0,45,0
32,0,0,0,1,0,0,40,0
31,2,3,2,3,0,0,42,0
25,1,0,4,0,0,0,50,0
48,0,3,1,3,0,0,40,0
33,1,0,1,1,0,0,40,0
48,3,1,3,1,0,0,47,0
42,1,0,0,2,0,0,40,0
20,4,0,0,0,0,0,40,0
34,0,3,1,3,0,0,45,0
40,2,3,1,3,0,0,52,0
55,4,3,2,3,0,1672,40,0
46,4,3,0,3,0,0,48,0
33,6,3,0,3,0,0,40,0
28,4,1,0,1,0,0,40,0
46,6,1,3,2,0,0,40,0
51,0,3,1,3,0,0,40,0
45,0,3,0,3,0,1628,45,0
34,1,3,0,3,0,0,50,0
47,1,3,1,3,0,0,40,0
57,1,3,0,3,0,0,40,0
33,1,1,2,1,0,0,50,0
35,0,0,1,0,0,0,40,0
42,3,1,1,2,0,0,50,0
23,1,3,2,3,0,0,40,0
62,1,1,1,2,0,1617,33,0
41,3,3,0,3,0,0,40,0
27,3,0,3,1,0,0,40,0
19,0,0,0,5,2597,0,40,0
23,4,0,0,5,0,0,39,0
55,0,3,0,3,0,0,45,0
58,4,3,0,3,0,0,50,0
22,1,0,0,0,0,0,40,0
34,0,1,0,2,0,0,44,0
42,2,3,0,3,2407,0,40,0
36,0,3,0,3,2885,0,40,0
47,1,1,0,2,0,0,40,0
32,1,3,3,3,0,0,40,0
31,2,0,1,1,0,0,40,0
36,4,3,0,3,0,0,50,0
34,3,3,1,3,4508,0,35,0
27,0,3,1,3,0,0,38,0
43,1,3,3,3,0,0,40,0
52,6,3,3,3,0,0,40,0
23,0,0,0,1,0,0,35,0
28,3,0,1,1,0,0,40,0
28,1,3,0,3,0,0,40,0
39,0,3,0,3,0,0,40,0
58,5,1,2,5,0,0,40,0
44,0,0,2,2,0,0,40,0
67,0,4,1,1,0,0,40,0
32,5,3,0,3,0,0,35,0
30,2,3,2,3,0,0,40,0
64,0,3,0,3,0,0,50,0
56,0,3,0,3,0,0,50,0
61,4,4,2,1,0,0,40,0
26,0,0,0,2,0,0,40,0
30,4,0,0,1,0,0,50,0
36,0,3,0,3,0,0,40,0
38,1,1,3,2,0,0,40,0
29,0,3,1,3,0,0,50,0
53,0,1,0,1,0,0,40,0
37,1,3,3,3,0,0,38,0
25,4,0,0,5,0,0,48,0
54,2,3,1,3,0,0,50,0
29,3,0,1,0,0,0,40,0
41,1,0,2,0,0,0,40,0
49,0,3,0,3,0,0,45,0
41,0,1,1,2,0,0,40,0
48,0,2,1,2,1471,0,40,0
36,2,0,1,2,0,0,45,0
38,0,1,0,1,3325,0,40,0
36,0,1,0,1,0,0,40,0
25,0,0,3,1,0,0,40,0
39,1,0,0,2,0,0,40,0
23,3,0,1,0,0,0,52,0
27,0,0,4,0,0,0,40,0
35,1,0,3,1,0,0,50,0
37,0,1,1,2,0,0,40,0
31,3,0,3,1,0,0,45,0
36,0,0,0,1,0,0,40,0
27,2,0,0,0,0,0,38,0
66,0,3,2,3,0,0,34,0
21,1,0,1,0,0,0,40,0
45,4,1,2,1,0,0,38,0
60,1,3,3,3,0,0,40,0
22,4,1,0,0,0,0,40,0
28,2,1,3,1,0,0,40,0
39,1,3,1,3,0,0,40,0
46,0,3,2,3,0,0,40,0
31,0,0,1,5,0,0,40,0
32,3,0,3,1,0,0,45,0
47,3,3,2,3,0,0,40,0
45,1,0,1,1,0,0,52,0
37,1,1,1,1,0,0,40,0
45,2,1,3,1,0,0,44,0
45,5,1,2,2,0,0,35,0
27,0,3,0,3,0,1902,45,0
40,1,1,0,2,0,0,38,0
28,1,0,3,1,0,0,40,0
34,2,1,3,1,0,0,45,0
34,1,0,2,1,0,0,48,0
32,1,3,0,3,0,0,48,0
36,0,0,1,1,4865,0,40,0
22,0,0,1,1,0,0,40,0
47,0,3,0,3,2829,0,40,0
28,4,0,0,1,0,0,50,0
33,5,2,4,2,0,0,40,0
45,2,0,1,1,0,0,38,0
28,1,0,0,1,0,0,42,0
33,3,3,3,3,0,0,40,0
44,0,3,0,3,0,0,40,0
61,0,0,0,1,0,0,40,0
27,0,0,0,0,0,0,40,0
33,0,3,0,3,0,0,40,0
43,1,1,1,1,0,0,40,0
25,1,3,3,3,0,0,50,0
34,0,3,0,3,0,0,45,0
37,0,0,4,0,0,0,35,0
25,0,3,0,3,0,0,40,0
42,4,1,1,2,0,0,40,0
34,1,3,0,3,0,0,45,0
29,4,2,2,1,0,0,40,0
50,0,1,2,1,0,0,45,0
35,4,0,2,2,0,0,40,0
23,1,0,1,0,0,0,40,0
20,4,0,0,1,0,0,50,0
48,0,1,0,1,0,0,40,0
41,2,1,1,2,0,0,44,0
50,1,1,0,1,0,0,40,0
28,0,0,0,1,0,0,40,0
52,0,1,1,2,0,0,40,0
33,3,0,3,1,0,0,40,0
33,0,1,0,1,0,0,45,0
36,1,3,1,3,0,0,40,0
41,0,1,1,2,0,0,40,0
29,0,3,1,3,0,0,40,0
30,2,0,3,1,0,0,40,0
52,0,4,1,1,0,0,40,0
42,2,1,3,2,0,0,40,0
61,6,1,3,1,0,0,35,0
47,6,0,1,1,0,0,40,0
39,3,1,1,1,0,0,40,0
22,4,0,0,1,0,0,40,0
43,4,0,0,2,0,625,40,0
55,4,1,1,2,0,0,40,0
22,1,0,3,1,0,0,40,0
22,0,0,2,0,0,0,50,0
39,3,3,4,4,0,0,50,0
45,0,0,0,1,0,0,40,0
56,4,4,1,2,0,0,40,0
34,0,0,4,1,0,0,40,0
21,1,0,2,1,0,0,40,0
23,0,0,0,1,0,0,40,0
32,1,0,0,1,0,0,40,0
38,0,0,0,1,0,0,40,0
60,0,4,0,1,0,0,40,0
27,0,1,2,2,0,0,50,0
30,1,0,0,1,0,0,40,0
37,0,1,0,1,0,0,50,0
32,1,3,2,4,0,0,36,0
36,4,3,0,3,0,0,42,0
40,2,0,1,1,0,0,40,0
22,0,0,0,1,0,0,40,0
35,1,3,1,3,0,0,50,0
28,0,3,1,3,0,1628,40,0
29,3,1,3,1,0,0,40,0
23,0,0,1,5,0,0,40,0
31,6,0,3,0,0,0,48,0
38,0,0,0,2,0,0,40,0
24,2,3,1,4,0,0,40,0
40,0,3,1,3,0,0,50,0
21,0,0,3,1,0,0,47,0
36,0,3,0,3,0,0,40,0
41,0,1,1,2,0,0,40,0
26,0,0,0,2,0,0,40,0
36,6,3,3,3,0,0,40,0
24,3,0,1,0,0,0,40,0
28,4,3,2,4,0,0,40,0
46,0,3,4,3,0,0,40,0
43,4,3,0,3,0,2042,40,0
51,1,1,2,2,0,0,35,0
35,1,3,3,3,0,0,50,0
21,0,1,0,5,0,0,40,0
25,0,0,1,2,0,0,40,0
27,0,0,0,1,0,0,40,0
49,0,3,3,3,0,0,50,0
31,0,0,1,5,0,0,40,0
34,0,0,0,1,0,0,40,0
24,3,0,1,1,0,0,40,0
30,1,3,0,3,0,0,40,0
34,1,0,1,1,0,0,40,0
45,3,0,3,1,0,0,40,0
34,1,3,1,3,0,0,50,0
33,3,0,3,1,0,0,50,0
62,0,4,0,2,0,0,40,0
52,0,1,1,5,0,0,40,0
41,1,3,3,3,0,0,40,0
30,3,0,3,1,0,0,40,0
48,0,3,0,3,0,0,40,0
26,2,1,1,2,114,0,40,0
49,0,1,0,2,0,0,40,0
42,3,3,3,3,5013,0,40,0
26,4,0,0,2,6497,0,48,0
46,1,3,3,3,0,0,35,0
41,0,1,0,1,0,0,50,0
34,2,1,0,1,0,0,50,0
49,4,3,2,3,0,0,40,0
28,3,0,3,1,0,0,40,0
48,1,1,3,1,0,0,40,0
26,0,3,3,4,5013,0,40,0
42,3,0,3,1,0,0,40,0
42,2,1,3,2,0,0,40,0
19,0,0,0,0,0,0,40,0
44,3,2,1,2,0,0,40,0
55,6,2,3,1,0,0,38,0
20,0,0,2,0,0,0,40,0
53,1,3,1,3,0,0,40,0
23,3,0,0,0,0,1719,40,0
58,3,0,3,1,0,0,40,0
30,3,0,3,1,0,1876,40,0
31,3,0,1,0,0,0,40,0
23,0,0,1,0,0,0,40,0
20,0,0,0,0,0,0,40,0
41,3,3,1,3,0,0,40,0
37,1,2,1,2,0,0,40,0
25,1,0,0,1,0,0,45,0
34,4,3,0,3,0,0,40,0
40,1,0,1,1,0,0,40,0
42,2,1,1,1,0,0,40,0
37,1,1,2,2,0,0,40,0
26,1,0,1,1,0,0,45,0
30,6,0,1,1,0,0,40,0
29,1,0,2,1,0,0,40,0
29,2,3,3,3,0,0,40,0
45,0,1,2,0,0,0,40,0
26,3,0,3,0,0,0,40,0
42,2,0,3,0,0,0,40,0
54,5,1,2,5,0,0,40,0
36,0,1,0,1,0,0,40,0
42,1,1,3,1,0,0,40,0
23,0,1,1,1,0,0,40,0
22,3,0,3,5,0,0,40,0
28,1,0,1,1,0,0,40,0
21,5,0,0,1,0,0,40,0
38,3,1,1,0,0,0,50,0
59,3,1,1,2,0,0,40,0
31,1,3,2,4,0,0,40,0
20,0,0,0,0,0,0,45,0
31,3,0,3,0,0,0,40,0
28,3,4,2,0,0,1974,50,0
52,0,3,1,3,0,0,36,0
42,1,1,0,0,0,0,40,0
51,0,3,0,3,0,0,40,0
30,4,1,0,0,0,0,40,0
61,0,1,1,5,0,0,40,0
27,4,0,2,0,0,0,38,0
31,0,0,0,0,0,0,40,0
39,6,0,3,1,0,0,40,0
30,0,0,0,5,0,0,40,0
25,1,0,1,1,0,0,40,0
48,0,1,2,1,0,0,35,0
48,1,1,3,1,0,0,52,0
70,1,0,1,5,0,0,40,0
61,6,4,3,2,0,0,40,0
31,1,3,2,3,0,0,50,0
45,3,1,3,0,0,1408,40,0
29,0,3,1,4,0,0,40,0
42,0,1,2,2,0,0,50,0
36,0,3,0,3,5013,0,40,0
33,3,0,0,5,0,0,40,0
30,6,0,1,2,0,0,45,0
48,4,1,1,1,0,0,40,0
62,0,1,0,1,2174,0,40,0
19,1,0,2,1,0,0,35,0
34,2,1,2,2,0,0,40,0
22,0,0,1,1,0,0,40,0
22,1,0,1,0,0,0,40,0
44,4,3,0,3,0,0,40,0
38,0,1,2,2,0,0,48,0
62,2,3,4,3,0,0,50,0
28,1,1,1,1,0,0,40,0
22,1,0,1,1,0,0,40,0
53,0,1,0,1,0,0,40,0
45,0,3,2,3,0,0,40,0
49,3,3,2,3,0,0,40,0
49,1,1,1,1,0,0,44,0
43,4,3,0,3,0,0,42,0
33,3,0,1,0,0,0,40,0
29,2,3,4,3,0,0,50,0
52,1,1,3,1,0,0,50,0
18,4,0,0,0,0,0,40,0
41,3,1,3,1,0,0,40,0
23,1,0,0,1,0,0,40,0
33,0,0,0,1,0,0,40,0
31,1,1,1,1,0,0,35,0
35,1,0,1,1,0,0,38,0
31,1,1,0,1,0,0,45,0
56,0,3,0,3,0,0,50,0
22,1,0,2,0,0,0,35,0
46,0,0,0,0,0,0,40,0
31,4,3,1,4,0,0,40,0
35,0,3,0,3,0,0,40,0
29,1,3,1,3,0,0,50,0
25,1,0,0,0,0,0,40,0
23,0,1,0,5,0,0,40,0
31,1,0,2,1,0,0,40,0
78,0,4,2,1,2964,0,40,0
57,5,1,2,1,0,0,37,0
50,4,1,2,2,0,0,40,0
27,0,0,0,0,0,0,40,0
20,0,0,2,0,0,0,35,0
21,2,0,1,0,0,0,40,0
39,1,1,0,0,0,0,40,0
47,3,1,1,1,0,0,40,0
32,0,0,0,2,0,0,40,0
27,3,0,1,1,0,0,50,0
45,0,3,0,3,0,0,40,0
37,0,0,3,1,0,0,50,0
52,5,1,0,2,4101,0,40,0
35,0,1,0,2,0,0,40,0
30,2,0,1,2,0,0,40,0
67,0,3,4,3,0,0,50,0
26,1,3,2,3,0,0,40,0
23,1,0,1,1,0,0,50,0
58,1,1,3,2,0,0,40,0
21,0,0,1,0,0,0,35,0
23,3,0,1,0,0,0,50,0
62,0,3,0,3,0,0,40,0
44,0,3,2,3,0,0,40,0
50,0,3,1,4,0,0,40,0
26,2,3,0,3,0,0,40,0
26,4,0,1,1,2907,0,40,0
46,1,3,3,4,0,0,50,0
24,5,0,4,1,0,0,36,0
49,0,3,0,3,0,2002,40,0
34,3,0,1,1,0,0,50,0
62,3,3,3,3,0,0,40,0
34,0,1,0,0,0,0,40,0
23,3,0,3,1,0,0,40,0
25,3,0,3,1,0,0,40,0
23,1,1,3,1,0,0,50,0
30,1,1,1,2,0,0,40,0
49,0,3,0,3,0,0,40,0
21,0,0,4,0,0,0,40,0
19,4,0,0,5,0,0,40,0
47,0,3,0,3,0,0,40,0
28,1,0,1,1,0,0,40,0
47,0,3,0,3,0,0,40,0
52,4,3,0,3,0,0,40,0
69,0,4,1,1,1848,0,40,0
28,4,0,3,2,0,0,40,0
49,3,2,1,1,0,0,40,0
52,3,0,3,1,0,0,38,0
37,0,1,0,1,0,0,40,0
19,0,3,1,4,0,0,40,0
58,0,1,2,2,0,0,40,0
31,0,0,1,0,0,0,40,0
27,1,1,1,2,0,0,35,0
47,0,1,1,2,0,0,40,0
24,0,3,1,3,0,0,40,0
17,4,0,0,5,0,0,40,0
47,1,3,3,3,0,0,40,0
44,2,4,1,2,0,0,40,0
28,3,3,0,3,0,0,40,0
48,1,3,3,3,0,0,49,0
26,1,0,3,1,0,0,40,0
29,3,0,1,1,0,0,42,0
41,0,3,0,3,0,0,50,0
39,0,4,1,1,0,0,40,0
20,1,0,4,1,0,0,40,0
23,3,0,1,0,0,0,40,0
49,5,3,0,3,0,0,40,0
18,0,0,0,0,0,0,40,0
26,0,1,4,1,0,0,40,0
60,5,1,0,2,0,0,40,0
28,0,3,0,3,0,0,40,0
27,0,3,0,3,0,0,40,0
36,4,3,0,3,0,0,40,0
33,0,3,0,3,0,0,40,0
30,4,3,0,3,0,0,40,0
35,0,0,1,1,0,0,40,0
24,1,3,3,3,0,0,50,0
63,0,3,3,3,0,0,40,0
36,0,3,4,3,0,0,45,0
64,2,1,1,1,0,0,40,0
45,6,1,3,2,0,0,42,0
31,0,1,1,2,0,0,38,0
32,0,0,0,5,0,0,40,0
28,2,0,1,0,0,0,40,0
35,1,3,0,3,0,0,40,0
62,3,1,3,1,0,0,40,0
24,1,0,1,1,0,0,35,0
25,0,3,1,3,0,0,50,0
18,5,0,4,0,0,0,40,0
37,0,3,0,3,0,0,45,0
27,0,0,0,0,0,0,40,0
29,4,3,0,3,0,0,40,0
22,1,0,3,1,0,0,40,0
41,1,4,4,2,0,0,40,0
51,0,3,1,3,0,0,50,0
40,1,3,2,4,0,0,35,0
39,0,3,0,3,0,0,40,0
33,0,1,0,5,0,0,50,0
40,1,0,0,1,0,0,40,0
43,0,3,0,3,0,0,50,0
50,0,1,3,2,0,0,40,0
28,3,0,1,1,0,0,40,0
29,1,0,1,2,2174,0,40,0
36,0,3,4,3,0,0,40,0
34,0,3,3,3,0,0,40,0
49,0,3,1,3,4064,0,40,0
28,0,3,0,3,0,0,50,0
34,1,3,0,3,0,0,40,0
28,4,0,0,0,0,0,40,0
35,0,3,2,3,0,0,40,0
52,2,3,0,3,0,0,40,0
68,5,3,0,3,0,0,40,0
17,4,0,0,0,0,0,40,0
54,0,4,1,1,0,0,37,0
27,0,0,3,0,0,0,40,0
51,2,1,1,2,0,0,48,0
23,0,0,0,1,0,0,35,0
63,0,4,3,1,0,0,40,0
28,1,0,3,1,0,0,40,0
48,2,1,3,1,0,0,50,0
32,2,0,1,1,0,0,46,0
51,0,3,0,3,0,0,40,0
44,0,4,0,1,0,0,40,0
25,3,0,3,1,0,0,40,0
40,0,1,3,2,0,0,40,0
17,4,0,2,0,0,0,40,0
49,0,3,3,3,0,0,40,0
51,2,1,3,1,0,0,48,0
32,4,1,0,2,0,0,40,0
90,3,3,3,3,0,0,45,0
59,0,4,2,1,0,0,36,0
45,0,3,1,4,0,0,35,0
45,3,1,1,1,0,0,40,0
57,1,3,0,3,0,0,40,0
27,4,1,0,0,0,0,40,0
58,0,1,1,2,0,0,45,0
45,0,1,3,1,0,0,42,0
22,3,0,3,0,0,0,35,0
29,0,0,3,1,0,0,45,0
45,6,3,1,3,0,0,35,0
40,3,0,3,1,0,0,50,0
51,1,1,1,2,0,0,40,0
41,0,3,0,3,0,0,40,0
67,3,4,1,1,0,0,40,0
36,5,3,0,3,0,0,35,0
46,6,3,0,3,0,0,40,0
29,0,3,1,4,0,0,40,0
26,0,1,0,1,0,0,40,0
41,1,1,0,2,0,0,40,0
35,1,0,2,1,0,0,40,0
23,0,3,2,3,0,0,38,0
42,3,3,0,3,0,0,40,0
24,0,3,2,3,0,0,40,0
35,0,3,4,3,0,0,40,0
26,0,0,0,5,0,0,40,0
55,1,1,1,1,0,0,40,0
34,0,0,2,0,0,0,40,0
40,1,3,0,3,0,0,40,0
57,1,1,2,1,0,0,38,0
41,0,3,0,4,0,0,40,0
56,3,3,1,3,0,0,50,0
24,0,3,2,3,0,0,40,0
42,3,0,3,1,0,0,50,0
24,1,0,0,0,0,0,40,0
31,3,3,0,3,0,0,46,0
24,0,0,0,0,0,0,40,0
27,4,3,3,4,0,0,40,0
24,0,3,4,3,0,0,50,0
64,4,3,0,3,0,0,40,0
54,5,1,1,1,0,0,40,0
22,1,3,1,4,0,0,40,0
46,1,3,2,3,0,0,40,0
40,0,1,3,2,0,0,50,0
30,0,0,1,0,0,0,40,0
26,1,0,1,1,0,0,37,0
32,3,0,3,1,0,0,45,0
29,3,0,3,1,0,0,40,0
23,3,0,3,0,0,0,38,0
32,3,0,1,1,0,0,40,0
51,3,3,3,3,0,0,40,0
29,1,1,1,2,0,0,50,0
41,1,3,1,3,0,0,50,0
44,3,1,3,2,0,0,40,0
62,0,4,1,1,0,0,42,0
53,6,4,3,2,0,1669,35,0
47,0,1,2,2,0,0,37,0
59,5,3,0,3,0,0,40,0
53,0,3,0,3,3464,0,34,0
41,1,3,1,4,0,0,40,0
32,1,0,0,0,0,0,40,0
27,4,0,1,5,0,1980,40,0
33,0,3,1,3,0,0,40,0
52,0,1,0,1,0,0,47,0
27,0,1,0,0,0,0,40,0
32,1,0,0,1,0,0,40,0
54,1,4,1,2,0,0,40,0
37,0,3,0,3,0,0,40,0
42,4,4,0,2,0,0,35,0
49,3,0,1,1,0,0,45,0
45,4,3,0,3,0,0,50,0
37,0,3,4,3,0,0,50,0
35,0,1,1,2,0,0,40,0
45,1,1,1,1,0,0,40,0
26,1,2,1,2,0,0,40,0
32,0,3,0,3,0,0,48,0
29,0,3,0,3,0,0,45,0
45,1,3,0,3,0,0,45,0
47,0,3,3,3,0,0,40,0
58,3,1,1,1,0,0,40,0
19,0,0,0,0,0,0,40,0
55,1,0,1,0,0,0,36,0
46,1,3,2,3,0,0,40,0
40,0,1,1,1,0,0,40,0
44,1,1,0,2,1831,0,50,0
44,1,0,2,1,0,0,35,0
37,0,0,0,1,0,0,40,0
33,3,1,3,5,0,0,40,0
19,0,0,1,0,0,0,40,0
22,3,0,1,0,0,0,40,0
56,0,3,1,4,0,0,35,0
50,3,0,3,1,0,0,40,0
31,1,1,1,2,0,0,40,0
55,2,3,0,3,0,0,45,0
61,1,3,1,3,0,0,35,0
56,0,1,0,1,0,0,42,0
34,2,1,3,1,0,0,40,0
32,3,0,3,0,0,0,40,0
26,4,0,0,0,0,0,40,0
35,2,3,0,3,0,0,50,0
43,3,3,2,3,0,0,40,0
35,1,0,0,0,0,0,40,0
26,0,3,0,3,0,0,40,0
49,4,1,0,2,5455,0,45,0
31,0,0,0,2,0,0,40,0
22,0,0,2,2,0,0,40,0
27,1,0,1,1,0,0,40,0
22,4,3,0,3,0,0,40,0
46,1,3,0,3,0,0,45,0
30,0,0,0,0,0,0,35,0
25,1,0,0,2,0,0,40,0
30,2,3,3,3,0,0,48,0
46,0,1,1,2,0,0,38,0
42,5,3,0,3,0,0,40,0
30,3,0,1,1,0,0,45,0
38,1,1,0,2,0,0,40,0
38,1,3,3,4,0,0,40,0
27,4,0,2,0,0,0,40,0
46,0,1,1,5,0,0,40,0
23,1,0,0,0,2597,0,50,0
52,0,3,1,3,0,0,50,0
28,6,0,3,1,0,0,45,0
51,0,3,3,3,0,0,40,0
35,4,0,0,1,0,0,40,0
60,5,1,2,2,0,0,40,0
26,6,0,3,1,0,0,40,0
20,0,3,1,3,0,0,40,0
51,0,3,3,4,0,0,40,0
36,1,1,3,1,0,0,50,0
33,0,3,0,3,0,0,40,0
53,1,3,1,3,0,0,40,0
55,1,1,0,0,0,0,40,0
25,0,1,1,1,0,0,35,0
24,1,0,3,0,0,0,40,0
40,0,1,1,2,0,0,40,0
20,0,0,0,1,0,0,35,0
23,3,0,3,2,0,0,40,0
29,3,3,3,3,0,0,35,0
19,1,0,0,0,0,0,35,0
31,2,0,1,0,0,0,40,0
52,6,3,3,3,0,0,40,0
61,0,3,2,3,0,0,40,0
54,0,3,0,3,0,2051,50,0
34,3,3,3,3,0,0,45,0
46,6,0,3,1,0,0,40,0
33,4,1,0,1,0,2258,42,0
40,1,3,4,3,0,0,40,0
47,0,1,2,5,0,0,35,0
35,0,1,0,2,0,0,40,0
42,0,3,1,3,3908,0,45,0
24,1,3,1,4,0,0,45,0
41,0,1,0,1,0,0,50,0
44,1,1,2,2,0,0,40,0
42,0,1,1,2,0,0,39,0
30,1,3,0,3,0,0,40,0
47,0,3,2,3,0,0,40,0
42,4,3,0,3,0,0,40,0
49,1,1,2,1,0,0,40,0
35,0,1,2,1,0,0,40,0
29,1,1,1,2,0,0,50,0
44,1,1,1,1,0,0,40,0
31,2,1,0,2,0,0,40,0
42,0,1,0,2,0,0,45,0
24,1,0,0,0,0,0,45,0
32,3,3,3,3,0,0,40,0
36,3,1,3,1,0,0,50,0
43,0,3,0,3,0,0,40,0
70,4,3,0,4,2653,0,40,0
22,4,0,0,0,0,0,40,0
61,3,2,3,1,0,0,40,0
56,3,1,3,1,0,0,40,0
66,4,3,2,3,0,0,40,0
31,2,1,0,1,0,0,40,0
46,0,3,0,3,0,0,40,0
23,1,0,1,1,0,0,50,0
40,3,1,0,1,0,0,40,0
49,0,3,0,3,0,0,40,0
43,1,3,1,3,0,0,35,0
23,1,0,1,2,0,0,40,0
50,0,3,3,3,0,0,40,0
57,5,3,2,3,0,0,40,0
23,0,0,0,0,0,0,40,0
28,0,3,0,3,0,0,38,0
46,1,3,0,3,0,1628,40,0
59,0,3,3,3,0,0,40,0
28,1,0,1,0,0,0,38,0
23,0,0,0,1,0,0,40,0
49,1,1,2,1,0,0,40,0
60,6,3,3,3,0,0,40,0
57,4,1,2,2,4650,0,50,0
28,1,0,1,1,0,0,40,0
38,0,3,0,3,0,1740,40,0
36,4,3,0,3,0,0,40,0
36,3,0,3,1,0,0,40,0
44,2,3,3,3,0,0,40,0
56,0,1,0,1,0,0,40,0
30,0,3,0,3,0,0,40,0
26,0,0,1,1,0,0,40,0
35,1,3,0,3,0,0,40,0
53,1,0,2,1,0,0,40,0
26,0,1,0,0,0,0,40,0
22,0,0,1,0,0,0,35,0
41,2,1,3,2,0,0,36,0
19,0,0,4,0,0,0,40,0
36,1,0,2,1,0,0,48,0
31,4,3,0,3,0,0,40,0
29,6,0,3,1,0,0,50,0
41,1,1,1,5,0,0,38,0
47,0,1,0,2,0,625,40,0
40,3,3,3,3,0,0,40,0
51,0,3,0,3,0,0,40,0
47,1,3,3,3,0,0,50,0
33,4,3,0,3,0,0,40,0
17,4,0,1,1,0,1602,40,0
35,0,0,1,2,0,0,40,0
23,0,0,0,0,0,0,40,0
33,0,0,2,5,0,0,36,0
36,2,3,0,3,0,0,50,0
54,3,3,1,3,0,0,40,0
28,0,1,0,0,0,0,40,0
51,6,3,3,3,0,0,40,0
34,1,0,3,0,0,0,35,0
34,2,0,1,2,0,0,40,0
30,1,0,1,1,0,0,40,0
23,1,0,0,0,0,0,40,0
29,1,1,1,2,0,0,40,0
55,1,3,1,3,0,0,40,0
23,0,3,1,3,0,0,40,0
47,1,1,2,2,0,0,40,0
27,4,0,0,5,0,0,40,0
28,0,1,0,2,0,0,36,0
33,2,3,0,3,0,0,50,0
36,3,1,2,0,0,0,40,0
44,2,1,1,1,0,0,45,0
25,3,0,1,0,0,0,40,0
41,0,0,1,1,0,0,40,0
36,1,0,2,1,0,0,40,0
41,0,1,1,2,0,0,45,0
32,0,3,0,3,0,0,40,0
30,3,0,1,1,0,0,40,0
29,3,0,1,1,0,0,50,0
39,0,1,0,1,0,0,40,0
50,0,3,0,3,0,0,40,0
49,3,1,3,1,0,0,40,0
43,6,1,3,2,0,0,40,0
26,4,1,2,2,0,0,40,0
36,0,1,4,1,0,0,50,0
51,5,3,2,3,0,0,40,0
52,0,4,0,1,0,0,40,0
33,3,0,3,5,0,0,40,0
27,0,0,1,1,0,0,50,0
18,1,0,1,0,0,0,35,0
51,1,1,3,1,0,0,40,0
48,1,3,3,3,0,0,40,0
33,0,0,2,0,1055,0,40,0
24,1,0,0,1,0,0,40,0
30,0,3,0,3,0,0,40,0
40,6,3,3,3,0,0,45,0
31,0,3,2,4,0,0,35,0
23,0,0,2,0,0,0,40,0
44,0,3,4,3,0,0,40,0
47,1,1,1,1,0,0,40,0
32,1,2,0,1,0,0,37,0
21,0,0,2,0,0,0,40,0
42,6,3,1,3,0,0,40,0
37,4,0,2,2,0,0,40,0
33,0,1,1,2,0,0,40,0
57,1,1,3,2,0,0,40,0
38,0,3,0,3,0,0,40,0
20,1,0,2,1,0,0,40,0
39,6,0,3,1,0,0,45,0
40,6,0,3,1,0,0,40,0
42,0,0,3,1,0,0,48,0
28,3,3,3,3,0,0,45,0
55,1,4,2,1,0,0,35,0
50,3,1,1,1,0,0,37,0
35,3,3,1,3,0,0,42,0
62,0,1,0,1,2174,0,40,0
58,1,1,1,1,0,1092,40,0
55,0,1,1,1,0,0,40,0
27,0,3,0,3,0,1740,40,0
23,0,0,3,1,0,0,40,0
29,1,3,3,3,0,0,40,0
29,5,3,2,4,0,0,40,0
33,3,0,1,1,0,0,40,0
29,0,3,0,3,2635,0,40,0
36,1,0,3,1,0,0,50,0
34,0,3,3,3,0,0,39,0
30,4,3,0,3,2580,0,40,0
24,0,3,3,3,0,0,37,0
42,2,3,1,3,0,0,40,0
59,5,3,4,3,0,0,48,0
46,0,3,1,4,0,0,40,0
60,1,3,3,3,0,0,40,0
31,0,1,0,5,3325,0,40,0
52,0,1,2,5,0,0,38,0
38,0,3,0,3,0,0,40,0
45,2,1,1,2,0,0,40,0
34,2,1,3,1,0,0,45,0
27,1,3,0,3,0,0,45,0
33,6,3,3,3,0,0,50,0
22,3,0,1,1,0,0,40,0
60,0,3,2,3,0,0,40,0
28,0,3,1,3,0,0,40,0
21,0,0,0,0,0,0,40,0
39,1,0,1,1,2202,0,44,0
31,0,3,0,5,0,1902,40,0
41,0,3,0,3,0,0,35,0
40,1,0,1,1,0,0,40,0
33,0,1,0,1,0,0,40,0
32,0,3,0,3,0,0,40,0
32,4,0,0,2,0,0,40,0
33,4,0,2,1,0,0,40,0
33,3,3,0,3,0,0,40,0
51,4,0,2,1,0,0,40,0
23,1,0,2,2,0,0,40,0
23,0,1,0,1,4650,0,50,0
26,0,0,2,1,0,0,35,0
30,3,1,1,1,0,0,40,0
28,1,0,0,0,0,0,50,0
28,2,0,1,1,0,0,40,0
62,0,3,0,3,0,0,40,0
27,0,3,0,0,0,0,40,0
65,5,3,4,3,0,0,40,0
23,0,0,0,1,0,0,40,0
38,1,1,0,1,0,0,40,0
27,4,3,0,3,0,0,40,0
33,1,1,0,1,0,0,45,0
26,3,0,3,1,0,0,50,0
45,5,1,0,1,0,0,35,0
66,5,2,0,2,0,0,40,0
43,1,3,1,3,0,0,35,0
32,1,2,0,1,0,0,37,0
32,4,3,0,3,0,0,40,0
61,1,1,0,1,0,0,40,0
26,0,0,1,1,0,0,40,0
47,1,3,0,3,0,0,40,0
64,5,3,0,3,0,0,40,0
53,5,3,0,3,0,0,40,0
30,0,0,0,0,0,0,40,0
19,1,0,0,1,0,0,35,0
43,0,3,0,3,0,0,50,0
19,0,0,0,1,0,0,37,0
47,0,3,0,3,0,0,40,0
42,0,3,1,3,0,0,40,0
36,0,1,3,2,0,0,45,0
27,0,0,1,0,0,0,40,0
49,4,3,2,3,0,0,40,0
50,1,1,1,1,0,0,40,0
35,1,0,1,0,0,0,40,0
32,3,0,0,1,0,0,40,0
22,1,0,1,0,0,0,40,0
26,1,1,4,0,0,0,40,0
61,0,3,3,3,0,0,40,0
44,0,3,2,3,0,0,40,0
32,4,0,0,2,0,0,40,0
39,2,1,3,2,0,0,40,0
18,0,0,1,0,0,0,40,0
45,2,1,3,2,5455,0,38,0
38,1,3,0,3,0,0,36,0
34,0,0,0,1,0,0,40,0
52,0,3,1,3,0,0,40,0
25,1,0,3,1,0,0,40,0
19,1,0,1,0,0,2001,40,0
29,2,0,3,1,0,0,40,0
47,1,1,3,1,0,0,40,0
27,0,3,0,4,0,0,40,0
45,1,3,0,5,0,0,40,0
26,1,3,0,3,0,0,45,0
24,3,0,2,1,0,0,40,0
23,1,0,0,1,0,0,40,0
36,1,0,2,1,0,0,40,0
66,2,4,3,1,0,0,35,0
61,6,1,3,1,0,0,50,0
42,1,3,0,3,3908,0,40,0
48,3,0,2,2,0,0,40,0
44,0,3,0,3,0,0,40,0
28,1,0,2,0,0,0,40,0
68,0,3,1,3,0,0,40,0
23,3,0,1,0,0,0,40,0
36,6,0,3,0,0,0,40,0
19,0,0,0,1,0,0,40,0
30,1,0,2,2,0,0,36,0
26,1,1,0,1,0,0,45,0
32,0,1,0,0,0,0,40,0
33,4,3,0,3,0,0,40,0
32,0,0,0,1,0,0,45,0
52,5,0,2,5,0,0,40,0
29,1,0,2,0,0,0,48,0
30,4,3,0,3,0,0,40,0
48,0,1,1,1,0,0,40,0
33,2,3,1,3,0,0,40,0
37,4,3,0,3,0,0,40,0
50,0,2,1,5,0,0,40,0
48,1,1,3,1,0,0,50,0
33,0,3,0,3,0,0,40,0
38,1,3,0,3,0,0,40,0
44,0,1,1,2,0,0,40,0
37,1,3,0,3,0,0,35,0
25,1,0,0,1,0,0,50,0
34,0,0,0,2,0,0,40,0
50,4,3,0,3,0,0,38,0
39,1,0,1,1,0,0,40,0
20,4,0,4,5,0,0,36,0
24,0,3,1,4,0,0,40,0
54,0,3,2,4,0,0,35,0
47,0,0,1,5,0,0,40,0
26,0,0,3,0,0,0,40,0
25,1,0,1,5,0,0,40,0
36,1,3,0,3,0,0,45,0
23,4,0,0,1,0,0,50,0
25,0,1,2,2,0,0,40,0
21,4,0,4,2,0,0,40,0
39,2,1,3,1,0,0,40,0
24,2,0,3,0,0,0,40,0
35,2,1,1,0,0,0,35,0
46,5,1,2,1,0,0,40,0
24,0,3,2,3,0,0,40,0
57,5,3,0,3,0,0,50,0
57,1,3,3,3,0,0,40,0
44,1,3,3,3,0,0,40,0
30,0,3,2,3,0,0,40,0
61,0,0,1,1,0,0,44,0
27,0,0,0,1,0,0,40,0
45,6,1,3,2,1506,0,45,0
39,2,3,1,4,0,0,45,0
36,2,1,3,2,0,0,40,0
49,1,1,1,1,0,0,44,0
38,1,3,2,4,0,0,40,0
22,1,0,3,0,0,0,40,0
37,0,3,2,3,0,0,40,0
36,0,3,0,3,0,0,48,0
37,3,1,2,2,0,0,48,0
68,4,4,0,1,0,1870,35,0
50,1,1,3,1,0,0,40,0
37,0,0,3,2,0,0,40,0
44,1,1,2,2,0,0,40,0
28,1,3,0,3,0,0,40,0
54,5,3,0,3,0,0,40,0
23,3,0,1,1,0,0,40,0
30,2,3,0,3,0,0,40,0
25,3,0,0,1,0,0,40,0
32,0,3,0,3,0,0,40,0
43,6,1,3,1,0,0,40,0
27,1,0,1,2,0,0,50,0
52,1,1,2,2,0,0,45,0
35,0,3,0,3,0,0,40,0
26,0,3,0,3,0,0,50,0
39,4,1,0,0,0,0,40,0
52,6,3,3,3,5013,0,40,0
32,2,3,0,3,0,0,40,0
25,1,0,3,1,0,0,40,0
56,1,1,2,1,0,0,40,0
61,4,0,0,2,0,0,40,0
37,3,3,3,5,3411,0,47,0
51,0,3,4,3,0,0,50,0
24,0,0,1,1,0,0,45,0
23,3,0,3,0,0,0,40,0
61,0,3,0,3,0,0,40,0
66,4,4,2,2,0,0,38,0
54,3,3,1,3,0,0,50,0
65,2,3,3,3,3818,0,40,0
26,0,0,1,0,0,0,35,0
28,3,3,0,3,0,0,50,0
45,2,1,3,2,0,0,50,0
36,0,0,1,0,0,0,40,0
27,6,0,3,1,0,0,40,0
50,0,1,0,2,0,1408,50,0
39,0,1,0,1,2176,0,40,0
28,0,3,2,3,0,0,40,0
33,5,3,0,3,0,0,35,0
17,5,0,4,5,0,0,40,0
32,4,1,0,2,0,0,40,0
28,6,0,3,1,0,0,50,0
34,0,1,2,1,0,0,40,0
24,1,3,1,4,0,0,44,0
28,0,0,3,1,0,0,40,0
24,1,0,3,1,0,0,40,0
59,0,4,0,1,0,0,40,0
48,4,3,4,3,0,0,50,0
48,0,3,0,3,0,1579,40,0
46,1,1,1,1,0,0,48,0
42,1,1,1,0,0,0,40,0
34,0,3,0,3,0,1672,40,0
29,2,1,0,2,0,0,38,0
40,1,1,1,2,0,0,40,0
44,5,3,2,5,0,0,40,0
19,0,0,0,0,0,0,40,0
23,3,0,3,0,0,0,40,0
41,0,1,1,2,0,0,45,0
34,1,1,3,1,0,0,44,0
23,0,0,0,1,0,0,40,0
54,5,1,0,1,0,0,40,0
28,0,3,0,3,0,0,40,0
22,0,0,0,2,0,0,35,0
50,0,3,0,3,0,0,40,0
51,0,1,1,1,0,1741,40,0
28,1,1,1,2,0,0,40,0
47,1,4,3,2,0,0,40,0
50,0,3,3,3,0,0,45,0
42,0,3,0,3,0,0,40,0
31,4,1,0,2,0,0,40,0
25,0,3,0,3,0,0,40,0
19,1,0,2,0,0,1721,35,0
28,3,0,3,0,0,0,40,0
32,6,3,3,3,3908,0,40,0
33,0,3,3,3,0,0,40,0
20,0,0,0,0,0,0,43,0
29,6,3,3,3,0,0,50,0
22,0,0,1,0,0,0,40,0
63,0,4,0,5,0,0,40,0
42,4,3,0,3,0,0,40,0
21,1,0,1,1,0,0,45,0
42,0,1,0,2,0,0,48,0
47,0,1,1,2,0,0,40,0
26,3,1,1,1,0,0,40,0
27,3,0,1,0,0,0,40,0
36,4,3,0,3,0,0,40,0
25,0,3,1,4,0,0,40,0
26,1,3,1,3,0,0,40,0
38,0,3,0,3,0,0,50,0
36,0,1,1,1,0,0,35,0
25,0,0,0,1,0,0,48,0
28,3,1,0,2,0,0,50,0
37,0,1,0,2,0,0,40,0
56,0,3,1,3,0,0,50,0
19,0,0,2,0,0,0,40,0
22,0,0,3,0,0,0,40,0
55,0,3,1,3,0,0,40,0
26,1,3,0,3,0,0,40,0
32,0,1,2,2,0,0,40,0
46,0,3,0,3,0,0,40,0
32,3,0,1,1,0,0,45,0
60,5,3,1,3,0,0,50,0
26,0,3,0,3,0,0,40,0
19,0,0,0,0,0,0,40,0
27,0,1,0,1,0,0,50,0
61,0,3,4,3,0,0,48,0
43,0,0,2,1,0,0,45,0
67,3,1,3,1,0,0,40,0
34,0,1,3,2,0,0,50,0
32,1,3,0,3,0,0,40,0
35,0,0,0,0,0,0,40,0
58,6,3,3,3,0,0,50,0
22,0,0,1,5,0,0,40,0
29,0,0,0,0,0,0,40,0
25,3,3,3,0,0,0,40,0
59,6,1,3,1,0,0,40,0
27,0,0,0,0,0,0,40,0
61,4,3,0,3,0,2051,40,0
21,0,0,2,0,0,0,40,0
29,0,2,2,1,0,0,40,0
21,0,0,1,5,0,0,45,0
22,1,0,0,0,0,0,40,0
38,1,3,1,3,0,0,40,0
33,1,1,2,1,0,0,50,0
27,0,0,0,0,0,0,40,0
27,3,3,1,4,0,0,40,0
54,6,3,2,3,0,0,40,0
21,0,1,2,1,0,0,40,0
32,0,3,2,3,0,0,36,0
24,3,0,1,1,0,0,50,0
32,3,3,1,3,0,0,40,0
39,0,0,0,1,0,0,40,0
31,3,0,1,1,0,0,40,0
24,4,0,0,5,0,0,40,0
19,1,0,4,0,0,0,50,0
52,0,3,0,3,0,0,40,0
37,2,0,2,1,0,0,40,0
34,4,0,1,2,0,0,35,0
42,4,0,4,1,0,0,40,0
27,1,0,1,1,0,0,40,0
40,3,3,3,3,0,0,40,0
33,1,1,1,0,0,0,35,0
28,1,3,3,3,0,0,40,0
36,0,3,3,4,0,0,40,0
45,1,1,1,2,0,0,40,0
58,4,3,0,3,0,0,40,0
26,0,0,0,2,0,0,50,0
21,5,0,0,1,0,0,40,0
49,0,3,1,3,4064,0,40,0
20,0,0,2,1,0,0,40,0
35,2,3,2,3,0,0,42,0
68,0,3,3,3,0,0,40,0
29,1,3,0,3,0,0,38,0
43,2,1,0,1,0,0,40,0
17,4,0,2,0,0,0,40,0
28,1,3,0,3,0,0,45,0
24,0,0,4,2,0,0,40,0
31,2,0,1,1,0,0,45,0
30,3,0,3,1,0,0,40,0
28,1,0,3,0,0,0,40,0
50,0,3,1,3,0,0,40,0
24,0,0,1,0,0,0,40,0
51,0,3,0,3,5013,0,40,0
61,1,3,0,3,0,0,40,0
36,3,1,3,2,0,0,40,0
39,0,1,1,2,0,0,40,0
29,1,3,4,3,0,0,40,0
35,1,0,2,2,0,0,40,0
36,1,3,1,3,0,0,35,0
39,2,1,3,2,0,0,40,0
33,0,3,2,3,0,0,40,0
41,0,3,1,3,0,0,40,0
25,0,0,2,0,114,0,40,0
30,2,3,0,3,0,0,40,0
48,0,1,1,1,0,0,35,0
47,6,3,3,3,0,0,40,0
37,2,3,2,3,0,0,40,0
33,2,1,0,2,0,0,40,0
38,4,3,0,3,0,0,40,0
23,3,0,3,0,0,0,40,0
39,4,3,0,3,0,0,40,0
45,1,3,2,3,3103,0,42,0
34,3,3,1,3,0,0,38,0
21,1,0,0,0,0,0,40,0
58,0,0,1,2,0,0,40,0
29,1,0,0,5,0,0,40,0
31,1,3,1,3,0,0,40,0
36,6,1,3,0,0,0,40,0
26,3,0,1,0,0,0,40,0
39,0,1,0,2,2977,0,40,0
58,4,3,0,3,0,0,50,0
24,3,0,1,0,0,0,40,0
33,1,1,3,1,0,0,40,0
40,2,0,3,2,0,0,40,0
21,1,0,2,0,0,0,40,0
23,0,3,0,3,0,0,40,0
32,2,3,2,3,0,0,35,0
45,3,0,3,1,0,0,40,0
54,1,1,3,1,0,0,40,0
51,0,1,3,1,0,0,40,0
24,0,1,0,0,0,0,40,0
42,0,1,0,2,0,0,48,0
40,0,1,0,1,0,0,40,0
42,0,0,0,1,0,0,50,0
56,4,1,1,2,0,0,36,0
47,1,3,1,3,0,0,40,0
44,1,1,3,1,0,0,40,0
25,2,0,0,0,0,0,48,0
30,0,0,1,1,0,0,40,0
31,3,0,1,0,0,0,40,0
33,0,3,3,3,0,0,40,0
23,0,0,5,0,0,0,40,0
29,1,0,2,2,0,0,40,0
36,3,0,3,1,0,0,45,0
37,1,3,2,3,0,0,40,0
43,0,1,3,2,0,0,40,0
19,0,0,0,0,0,0,40,0
23,3,0,3,1,0,0,40,0
22,1,0,3,1,0,0,40,0
59,0,1,1,2,0,0,40,0
34,4,3,5,3,0,0,40,0
48,1,0,1,1,0,0,43,0
42,3,0,1,5,0,0,40,0
61,3,1,1,1,0,0,35,0
29,1,0,0,5,0,0,40,0
40,3,3,1,3,0,0,40,0
28,0,3,0,3,0,0,40,0
38,0,3,0,3,0,0,40,0
46,4,3,0,3,0,0,40,0
61,0,3,0,3,0,0,40,0
23,1,0,3,0,0,0,45,0
44,1,3,1,3,0,0,40,0
25,3,0,1,1,0,0,50,0
58,1,1,1,2,0,0,46,0
41,0,3,1,3,0,0,40,0
35,1,0,1,1,0,0,40,0
37,2,0,0,1,0,0,40,0
21,0,3,0,3,0,0,40,0
29,3,0,1,1,0,0,40,0
24,0,0,4,0,0,0,50,0
23,3,0,3,1,0,0,40,0
30,0,0,1,1,0,0,40,0
41,1,3,3,3,0,0,40,0
48,4,3,3,3,0,0,50,0
25,0,0,0,1,0,0,40,0
27,1,3,1,3,0,0,40,0
38,0,1,1,1,0,0,45,0
20,0,0,4,0,0,0,47,0
34,3,3,0,3,0,0,40,0
34,1,3,0,3,0,1579,40,0
39,1,0,0,1,0,0,40,0
30,1,0,0,1,0,0,44,0
31,2,0,2,1,0,0,40,0
28,1,3,2,3,0,0,40,0
55,3,3,1,4,3464,0,40,0
42,1,3,0,3,0,0,52,0
47,4,1,0,1,0,0,40,0
52,0,1,1,1,0,0,40,0
63,0,3,1,3,2105,0,40,0
52,4,1,0,1,0,0,40,0
57,0,1,0,1,2174,0,40,0
47,1,3,0,3,0,0,40,0
27,0,0,4,0,0,0,40,0
30,2,0,0,1,0,0,40,0
42,1,3,0,3,0,0,40,0
25,0,0,0,1,0,0,35,0
48,0,3,2,3,0,0,40,0
23,3,0,1,1,0,0,48,0
26,0,0,0,5,0,0,40,0
60,1,3,2,3,0,0,40,0
31,3,0,1,1,4101,0,50,0
33,3,3,0,3,0,0,50,0
56,4,4,2,2,0,0,40,0
30,0,3,0,3,5013,0,40,0
23,5,0,0,2,0,0,40,0
32,6,0,1,0,0,0,40,0
58,0,3,4,3,0,0,50,0
20,1,0,1,1,0,0,50,0
43,3,3,3,3,0,0,50,0
22,4,0,0,0,0,0,40,0
24,0,0,0,2,0,0,40,0
35,3,1,3,2,0,0,36,0
35,0,0,1,1,0,0,40,0
23,2,0,0,0,0,0,33,0
64,4,0,1,5,0,0,40,0
39,1,0,0,0,0,0,40,0
25,0,0,1,0,0,0,40,0
26,3,0,3,0,2463,0,35,0
42,2,1,1,1,0,1974,40,0
56,1,1,1,1,0,2339,40,0
39,2,1,3,2,1506,0,40,0
33,1,0,1,1,0,0,40,0
22,0,0,1,1,0,0,45,0
33,0,0,0,1,0,0,41,0
37,1,1,0,1,0,0,40,0
32,0,0,1,1,0,0,37,0
33,1,1,0,2,0,0,50,0
31,0,3,0,3,0,0,50,0
51,4,1,0,2,0,0,40,0
73,0,3,4,3,0,0,50,0
38,0,3,0,3,0,0,45,0
27,1,3,0,4,0,0,35,0
28,0,1,0,2,0,0,50,0
42,3,1,2,5,0,0,50,0
36,0,1,0,2,0,0,40,0
23,3,0,1,1,0,0,40,0
33,2,3,1,3,0,0,40,0
33,1,3,1,4,0,0,40,0
68,0,3,2,3,0,0,40,0
51,3,1,1,1,0,0,40,0
46,5,2,0,1,0,0,45,0
25,2,0,3,0,0,0,40,0
26,1,0,0,1,0,0,40,0
35,2,1,1,0,0,0,35,0
30,4,3,0,3,0,0,50,0
41,2,0,0,1,0,0,42,0
44,0,3,0,3,5013,0,40,0
23,1,3,1,4,0,0,40,0
21,0,0,2,1,0,0,35,0
42,1,1,3,1,0,0,40,0
45,0,3,0,3,5013,0,45,0
30,3,0,1,1,0,0,35,0
50,0,1,0,2,0,0,40,0
27,3,0,3,1,0,0,40,0
17,4,0,1,0,0,0,35,0
38,0,0,2,2,0,0,40,0
20,0,0,0,1,0,0,40,0
23,1,0,1,1,0,0,40,0
37,3,4,3,1,0,0,50,0
51,1,3,0,3,0,0,40,0
48,1,3,0,3,0,0,45,0
41,0,1,2,2,0,0,40,0
49,2,1,3,2,0,0,40,0
56,0,3,0,3,0,0,40,0
24,1,0,2,0,0,0,40,0
33,0,3,2,3,0,0,37,0
32,0,0,0,0,0,0,40,0
30,1,3,0,3,0,1740,40,0
35,4,1,0,2,0,0,40,0
40,2,3,0,3,0,2377,50,0
38,1,3,0,3,0,0,40,0
29,0,0,1,1,0,0,40,0
23,0,0,0,5,0,0,40,0
42,0,3,0,3,0,0,40,0
31,0,0,3,0,0,0,40,0
25,0,0,1,0,4416,0,40,0
20,4,0,0,0,0,0,40,0
24,3,0,1,1,0,0,40,0
52,0,1,0,2,0,0,40,0
25,4,3,0,3,0,0,45,0
28,2,3,2,3,0,2002,40,0
44,1,3,3,3,0,0,50,0
24,3,0,1,0,0,0,40,0
47,1,3,3,3,0,0,50,0
61,4,0,0,2,0,0,40,0
35,1,0,1,0,0,0,40,0
47,0,0,3,0,0,0,41,0
31,0,1,2,2,0,0,40,0
30,0,0,0,0,0,0,50,0
41,0,1,1,2,0,0,40,0
41,5,3,0,3,0,0,40,0
41,2,1,2,1,0,0,40,0
20,1,0,0,1,0,0,40,0
34,1,3,2,3,0,0,40,0
49,6,1,3,1,0,0,40,0
48,1,4,1,2,0,0,43,0
37,0,3,1,3,0,0,40,0
40,2,0,3,1,0,0,40,0
30,4,2,0,1,0,0,40,0
40,0,0,0,1,0,0,40,0
22,3,0,3,1,0,0,50,0
23,0,1,1,0,0,0,40,0
24,3,0,3,0,0,0,36,0
44,3,1,3,1,0,0,40,0
56,3,3,3,3,0,0,40,0
51,1,4,2,2,0,0,40,0
29,0,1,0,1,0,0,50,0
58,0,3,0,3,0,0,44,0
33,5,3,0,5,0,0,40,0
41,2,1,3,2,0,0,36,0
41,1,3,4,3,0,0,40,0
44,0,1,1,2,0,0,40,0
48,0,1,0,1,0,0,46,0
20,0,0,0,0,0,0,40,0
37,6,0,3,1,0,0,40,0
31,0,0,3,0,0,0,40,0
19,1,0,1,5,0,0,38,0
46,1,1,3,1,0,0,40,0
36,1,0,1,2,0,0,40,0
45,1,1,1,2,0,0,50,0
21,1,0,0,0,0,0,40,0
21,4,0,0,0,0,0,40,0
56,0,3,0,3,0,0,40,0
29,1,0,1,2,2174,0,40,0
25,3,0,0,0,0,0,40,0
61,1,1,1,2,0,0,43,0
38,6,3,3,3,0,0,40,0
17,0,0,2,0,0,0,40,0
31,0,3,0,3,0,0,40,0
26,0,0,2,2,0,0,44,0
29,6,3,1,3,0,0,50,0
21,0,3,1,3,0,0,35,0
53,2,1,3,1,0,0,48,0
59,2,1,1,1,0,0,40,0
36,0,0,0,0,0,0,40,0
33,0,3,0,3,0,0,40,0
50,0,3,0,3,0,0,40,0
35,4,3,0,3,0,0,40,0
26,0,0,4,1,0,0,50,0
42,0,3,0,3,5013,0,35,0
43,3,2,1,2,0,0,42,0
46,3,1,0,1,0,0,40,0
18,1,0,1,0,0,0,40,0
27,2,0,0,0,0,0,38,0
54,0,3,0,3,0,2051,40,0
52,0,2,1,1,0,0,50,0
57,4,1,0,2,0,0,40,0
37,4,3,0,3,5013,0,40,0
37,0,0,0,1,0,0,40,0
52,0,1,1,2,0,1741,38,0
25,1,0,2,1,2174,0,40,0
29,0,0,0,2,0,0,40,0
32,2,1,3,1,0,0,40,0
26,1,1,1,1,0,0,45,0
60,0,3,1,3,0,0,40,0
26,1,3,0,3,0,0,40,0
31,1,0,1,2,0,0,40,0
48,0,0,1,1,0,0,40,0
44,3,2,1,2,0,0,40,0
54,0,3,1,3,0,0,44,0
28,6,0,3,1,0,0,50,0
31,0,0,1,1,2354,0,40,0
32,3,0,1,1,0,0,35,0
60,4,3,0,3,0,0,40,0
23,0,0,0,1,0,0,40,0
34,4,3,0,3,0,0,40,0
33,1,1,0,1,0,0,40,0
33,2,3,0,3,0,0,45,0
42,3,3,2,3,0,0,40,0
66,1,0,1,0,0,0,40,0
18,1,0,1,0,0,0,40,0
17,4,0,1,0,0,0,35,0
45,0,0,2,1,0,0,40,0
18,0,0,1,0,0,0,40,0
35,0,1,0,2,0,0,40,0
46,2,1,1,2,0,0,38,0
43,0,1,1,1,0,0,40,0
38,1,1,3,2,0,0,40,0
31,0,3,0,3,0,0,45,0
24,0,0,2,0,0,0,40,0
51,0,1,1,1,0,0,44,0
34,0,3,3,3,0,0,50,0
54,2,1,0,1,0,0,40,0
35,0,0,0,0,0,0,40,0
28,4,0,1,1,0,0,40,0
32,0,0,0,0,0,0,40,0
41,1,1,1,1,0,0,38,0
34,4,3,0,0,0,0,40,0
40,3,1,3,1,0,0,40,0
31,4,0,2,0,0,0,40,0
29,3,3,3,3,0,0,40,0
37,0,3,2,3,0,0,40,0
46,1,3,1,3,0,2042,50,0
31,3,0,3,1,0,0,40,0
30,2,3,1,3,0,0,35,0
24,1,0,1,0,0,0,40,0
20,0,0,1,0,0,0,40,0
34,3,0,3,1,0,0,36,0
31,3,0,3,0,0,0,40,0
42,1,1,0,1,3325,0,40,0
43,0,3,0,3,0,0,40,0
32,0,3,2,4,0,0,40,0
33,1,3,0,3,0,0,39,0
24,1,0,3,1,0,0,40,0
19,1,0,2,0,0,0,40,0
53,4,0,2,1,0,0,35,0
26,3,0,1,0,0,0,40,0
33,2,3,1,3,0,0,50,0
25,3,0,3,0,4650,0,45,0
52,0,3,1,3,0,0,36,0
37,5,3,0,3,0,0,40,0
34,3,0,1,0,0,0,40,0
45,3,3,1,3,5013,0,45,0
50,6,3,3,4,0,0,40,0
36,2,1,2,2,0,0,37,0
46,2,1,1,5,0,0,36,0
38,1,3,0,3,0,0,40,0
43,1,1,1,1,0,0,40,0
18,5,0,2,5,0,0,40,0
34,1,0,1,2,0,0,38,0
58,0,3,2,3,0,0,40,0
49,0,1,2,2,0,0,35,0
56,6,1,3,1,0,0,39,0
45,4,0,0,1,0,0,40,0
53,1,0,3,2,0,0,40,0
33,2,3,1,3,0,0,36,0
23,0,0,1,1,0,0,38,0
23,0,0,2,0,0,0,40,0
64,1,4,1,1,0,0,40,0
32,1,3,0,3,0,0,40,0
24,0,0,1,1,0,0,38,0
34,0,3,0,3,0,0,40,0
25,0,1,0,2,0,0,40,0
31,6,3,3,3,0,1740,40,0
38,0,1,1,1,0,0,38,0
20,1,0,1,2,0,0,35,0
40,3,3,3,3,0,0,50,0
31,4,1,0,2,0,0,40,0
53,0,1,1,1,0,0,37,0
29,3,3,3,3,0,0,40,0
55,0,3,0,3,0,0,40,0
29,0,1,0,1,0,0,40,0
34,1,3,0,3,0,0,40,0
35,0,0,0,0,0,0,40,0
27,0,1,1,0,0,0,40,0
25,0,3,0,3,0,0,40,0
24,0,3,0,3,0,0,38,0
19,0,0,1,1,0,0,35,0
31,1,0,3,1,0,0,40,0
26,5,0,0,1,0,0,40,0
25,3,0,3,1,3325,0,40,0
31,0,1,0,5,0,0,40,0
71,0,3,1,3,0,0,50,0
28,4,3,0,3,0,0,42,0
46,2,1,1,2,0,625,40,0
23,3,0,1,0,0,0,38,0
30,3,0,3,0,0,0,40,0
41,3,3,3,3,0,0,50,0
33,3,0,3,1,0,0,40,0
23,1,0,1,5,0,0,40,0
43,1,1,2,2,0,0,38,0
27,0,0,0,0,0,0,40,0
55,0,4,1,1,0,0,40,0
49,1,1,1,2,0,0,50,0
33,3,0,1,1,0,0,40,0
35,3,0,1,1,0,0,40,0
30,0,1,0,1,0,0,43,0
26,0,3,1,3,0,0,40,0
61,4,4,2,1,0,0,40,0
29,1,1,1,2,0,0,38,0
24,0,0,0,2,0,0,40,0
57,1,4,1,1,0,0,40,0
53,3,1,1,1,0,0,40,0
52,2,0,0,0,0,0,40,0
21,1,0,2,0,0,0,48,0
27,3,0,3,0,0,0,40,0
26,1,3,0,3,0,0,45,0
55,1,3,1,3,0,0,40,0
30,0,0,1,2,0,0,40,0
33,0,0,0,1,0,0,40,0
53,0,3,0,3,0,0,45,0
52,0,1,2,1,0,0,50,0
42,4,0,1,1,0,1340,40,0
41,5,3,0,3,0,0,40,0
47,0,3,2,4,0,0,35,0
27,5,2,2,1,0,0,40,0
33,4,0,0,1,0,0,40,0
59,1,1,0,1,2907,0,40,0
52,0,1,0,1,0,0,45,0
50,5,2,0,2,0,0,40,0
31,1,1,1,2,0,0,40,0
33,3,0,3,0,0,1741,40,0
26,0,3,0,3,0,0,40,0
40,0,1,1,2,0,0,45,0
30,6,3,3,3,0,0,40,0
63,1,3,1,3,0,0,48,0
40,2,3,1,3,0,0,50,0
24,0,3,0,3,0,0,50,0
46,0,1,0,1,0,0,40,0
34,1,1,1,1,0,0,50,0
61,6,1,3,1,0,0,35,0
47,0,3,0,3,0,0,40,0
21,0,0,0,0,0,0,40,0
23,3,0,3,1,0,0,40,0
42,1,3,3,3,0,0,45,0
60,1,3,2,4,0,0,50,0
41,4,2,0,1,0,0,40,0
31,4,0,4,1,0,0,40,0
48,3,1,1,1,0,0,40,0
27,0,3,0,3,0,0,40,0
56,1,1,1,1,0,0,35,0
35,3,0,3,1,2977,0,45,0
23,1,0,1,0,0,0,40,0
59,5,1,0,1,0,0,40,0
29,0,3,2,4,0,0,35,0
35,1,0,1,1,0,0,40,0
53,3,4,1,2,0,0,52,0
30,2,3,0,3,0,0,40,0
49,1,3,3,3,0,0,46,0
50,3,1,3,2,0,0,36,0
58,4,3,0,3,0,0,40,0
61,0,3,0,3,0,0,40,0
26,1,0,3,0,0,0,40,0
54,5,1,0,5,0,0,40,0
58,4,1,1,1,3674,0,40,0
28,0,3,0,3,0,0,50,0
19,0,0,0,1,0,0,40,0
25,1,0,1,1,0,0,50,0
24,0,0,3,1,0,0,40,0
45,0,1,1,1,0,0,40,0
41,0,1,2,2,0,0,40,0
36,0,1,1,2,0,0,40,0
27,4,0,0,0,0,0,40,0
21,0,0,2,1,0,0,40,0
34,0,1,2,1,0,0,40,0
22,0,3,2,4,4508,0,40,0
37,4,0,0,1,0,0,40,0
46,3,1,3,5,0,0,40,0
36,0,0,1,1,0,0,35,0
36,4,3,0,3,0,0,40,0
36,1,1,0,1,0,0,50,0
47,0,0,1,5,0,0,50,0
22,0,0,1,0,0,0,40,0
27,3,3,3,3,0,0,40,0
23,1,3,1,4,0,0,35,0
33,3,3,0,3,0,0,40,0
63,0,3,0,3,0,0,45,0
22,1,0,2,5,0,0,43,0
21,0,0,0,0,0,0,40,0
31,2,0,1,1,0,0,45,0
30,1,1,1,2,0,0,40,0
53,0,1,0,2,0,0,45,0
47,0,4,2,1,0,0,45,0
42,1,3,0,3,0,0,40,0
25,2,0,1,0,0,0,40,0
38,0,3,0,3,0,0,48,0
33,4,0,0,2,0,0,40,0
23,3,0,1,0,0,0,40,0
61,0,0,1,2,0,0,35,0
44,3,1,0,1,0,0,40,0
59,2,0,0,1,0,0,40,0
19,0,0,2,0,0,0,40,0
23,0,1,1,0,0,0,40,0
33,0,3,2,3,0,0,40,0
61,0,3,0,3,0,0,40,0
44,0,1,0,1,0,0,45,0
42,4,3,1,3,0,0,45,0
28,0,0,1,1,0,0,40,0
37,4,1,0,1,0,0,40,0
52,4,3,0,3,0,0,35,0
30,5,3,0,3,0,0,40,0
21,0,0,2,0,0,0,40,0
34,0,0,1,2,0,0,40,0
42,0,3,2,3,0,0,45,0
62,4,1,2,2,0,0,40,0
40,6,0,3,1,3325,0,40,0
24,0,3,2,3,0,0,40,0
52,1,3,1,3,0,0,50,0
42,0,1,1,2,0,0,40,0
29,1,0,1,0,0,0,40,0
30,2,0,0,1,0,0,40,0
41,0,3,0,3,0,0,40,0
40,0,0,2,5,0,0,40,0
38,1,1,1,1,0,0,40,0
25,0,3,1,3,0,0,40,0
40,0,3,0,4,0,1628,45,0
46,6,0,3,1,0,0,40,0
61,1,1,2,1,0,0,40,0
20,0,0,0,0,0,0,40,0
28,1,0,0,1,0,0,35,0
25,3,0,1,1,0,0,50,0
43,2,1,2,2,0,2238,40,0
52,0,3,1,4,0,0,40,0
34,1,2,1,2,0,0,38,0
36,1,3,2,3,0,0,40,0
34,0,1,0,2,0,0,40,0
42,0,1,0,2,0,0,40,0
55,0,3,2,4,2407,0,35,0
20,0,0,1,0,0,0,48,0
48,3,3,3,3,0,0,40,0
18,0,0,1,0,0,0,40,0
20,1,0,4,0,0,0,40,0
53,0,3,2,3,0,0,40,0
29,3,3,0,3,3411,0,45,0
37,0,3,0,3,0,0,50,0
44,1,3,0,3,0,0,40,0
28,0,3,0,3,0,0,40,0
37,1,1,0,1,0,0,35,0
28,0,0,0,0,0,0,40,0
41,0,3,1,3,0,0,40,0
37,1,1,1,2,0,0,40,0
46,1,3,0,3,0,0,40,0
25,4,1,1,0,0,0,40,0
26,0,0,1,0,0,0,40,0
25,2,0,1,1,0,0,40,0
36,1,3,0,3,0,0,45,0
23,0,0,0,0,0,0,40,0
55,0,1,1,1,0,0,40,0
28,5,0,4,2,0,0,40,0
38,1,1,3,0,0,0,40,0
33,0,3,0,3,0,0,40,0
49,1,1,1,5,0,0,35,0
54,6,3,2,3,0,0,40,0
46,2,1,1,2,0,625,40,0
30,0,0,0,1,0,0,50,0
41,0,3,0,3,2885,0,40,0
27,2,3,3,3,0,0,40,0
84,0,4,2,1,0,0,40,0
49,2,3,0,3,0,0,45,0
47,0,1,2,0,0,0,40,0
30,0,1,3,0,0,0,40,0
23,0,0,1,1,0,0,40,0
25,1,3,0,3,0,0,40,0
40,0,1,3,2,0,0,50,0
28,1,2,1,0,0,0,40,0
34,3,0,3,1,2463,0,50,0
45,4,1,2,2,0,0,40,0
33,0,1,0,1,0,0,40,0
45,0,1,2,2,0,0,40,0
32,0,1,0,1,0,0,40,0
32,3,3,3,3,0,0,40,0
32,4,3,0,3,0,0,50,0
42,1,3,3,3,0,0,50,0
31,0,3,0,5,0,1902,40,0
32,1,1,2,2,0,0,40,0
26,0,3,0,3,0,0,40,0
57,5,3,4,3,0,0,45,0
29,1,1,0,0,0,0,40,0
25,1,3,1,4,0,0,40,0
31,0,3,0,3,0,0,40,0
47,4,3,2,3,0,0,35,0
20,0,3,0,3,3781,0,35,0
29,4,1,0,1,0,0,40,0
36,1,3,2,4,0,0,40,0
23,4,0,2,1,0,0,50,0
24,0,0,2,1,0,0,40,0
35,0,3,0,3,0,0,48,0
45,5,1,2,2,0,0,40,0
27,3,0,1,0,0,0,50,0
30,0,3,0,3,0,2002,43,0
54,4,3,2,4,0,0,43,0
29,3,0,3,1,0,0,40,0
31,2,0,1,1,3325,0,35,0
30,0,0,0,1,0,0,40,0
40,2,3,2,3,0,0,40,0
44,3,1,3,2,0,0,40,0
25,1,3,2,3,0,0,40,0
37,5,3,3,4,0,0,40,0
24,0,0,0,1,0,0,40,0
46,0,3,2,3,0,0,40,0
31,3,0,3,1,0,0,40,0
25,0,3,1,3,0,0,40,0
63,1,4,2,1,0,0,40,0
27,2,0,3,1,0,0,40,0
36,1,3,2,4,0,0,40,0
33,4,3,0,3,0,0,40,0
29,3,0,1,2,0,0,40,0
39,0,0,0,1,0,0,40,0
29,2,3,1,3,0,0,40,0
36,6,3,3,3,0,0,40,0
45,3,1,3,2,0,0,40,0
50,0,1,0,5,0,0,40,0
24,2,0,0,0,0,0,40,0
23,1,0,0,1,0,0,40,0
26,3,1,1,2,0,0,40,0
27,0,2,4,0,0,0,40,0
27,4,1,4,5,0,0,40,0
56,4,3,0,3,0,0,40,0
40,4,3,0,3,0,0,40,0
53,1,3,2,3,0,0,40,0
53,2,1,0,1,0,0,40,0
36,6,3,2,3,0,0,40,0
35,1,3,3,3,0,0,40,0
49,0,4,0,2,0,0,40,0
28,2,0,3,0,0,0,40,0
33,0,3,2,3,0,0,37,0
25,4,3,0,5,0,0,40,0
33,3,3,3,3,0,0,40,0
33,5,0,4,1,0,0,40,0
34,1,0,1,0,0,0,40,0
17,0,0,2,5,0,0,35,0
31,1,3,0,3,0,0,50,0
52,0,1,0,1,0,0,40,0
31,0,3,0,5,0,0,40,0
37,0,3,0,3,0,0,40,0
40,4,3,4,3,0,0,40,0
26,0,0,3,1,0,0,40,0
43,0,0,0,5,0,0,40,0
21,0,0,2,0,0,0,40,0
45,6,1,3,2,1506,0,45,0
39,3,1,3,1,0,0,36,0
57,0,1,2,1,0,0,38,0
20,1,0,2,0,0,0,40,0
51,0,3,1,4,0,0,40,0
35,0,3,0,3,0,0,35,0
26,0,0,1,0,0,0,40,0
54,6,1,3,1,0,0,40,0
29,0,3,0,3,0,0,40,0
32,4,1,1,0,0,0,35,0
38,6,3,1,4,0,0,40,0
48,0,3,0,3,0,0,40,0
39,1,3,4,3,0,0,45,0
45,5,3,0,3,0,0,40,0
45,0,3,0,3,0,0,40,0
30,6,0,3,0,0,0,40,0
52,2,1,1,1,0,0,40,0
38,1,1,0,1,0,0,40,0
37,6,3,3,3,0,0,38,0
26,0,1,0,2,0,0,40,0
31,4,1,0,1,0,0,40,0
20,4,0,0,0,0,0,40,0
39,1,3,0,3,0,0,40,0
49,4,3,0,3,0,0,40,0
52,4,3,0,3,0,0,40,0
41,2,0,2,1,0,0,40,0
67,5,3,4,3,0,0,40,0
59,2,3,0,3,0,0,40,0
32,0,0,0,2,0,0,40,0
32,0,3,0,3,0,0,50,0
29,0,3,0,3,0,0,40,0
45,4,3,1,3,0,0,40,0
37,1,1,1,2,0,0,40,0
34,3,0,3,1,0,0,45,0
22,0,0,1,0,0,0,40,0
61,2,4,0,2,0,0,40,0
18,5,0,2,5,0,0,40,0
36,3,3,3,0,0,0,40,0
27,0,3,0,3,0,0,40,0
58,0,1,1,1,0,0,42,0
36,0,4,3,1,0,0,40,0
57,1,3,0,3,0,0,50,0
29,1,1,0,1,0,0,45,0
37,1,3,1,3,0,0,45,0
33,5,0,0,1,0,0,35,0
46,2,1,3,1,0,0,50,0
33,0,3,0,3,0,0,40,0
23,1,0,3,0,0,0,40,0
24,4,0,3,1,0,0,45,0
32,4,3,0,3,0,0,40,0
28,2,3,0,3,0,0,40,0
24,1,1,1,2,0,0,45,0
21,0,0,2,0,0,0,40,0
26,4,3,0,3,0,0,40,0
27,2,0,3,1,0,1876,36,0
23,0,0,0,1,0,0,50,0
41,0,3,3,3,0,0,38,0
65,6,1,3,1,0,1668,40,0
31,6,0,3,1,0,0,46,0
37,0,1,0,2,0,0,38,0
31,2,0,3,5,0,0,40,0
45,2,1,1,2,0,0,40,0
24,3,0,3,1,0,0,40,0
37,1,3,0,3,0,0,45,0
39,1,0,1,1,0,0,40,0
43,4,3,0,3,0,1579,40,0
28,2,4,3,2,0,0,40,0
50,0,3,0,3,0,0,40,0
33,2,3,3,3,0,0,50,0
20,0,0,2,1,0,0,40,0
29,1,1,1,2,0,0,40,0
23,1,0,1,0,0,0,40,0
42,0,1,0,2,0,0,45,0
35,0,3,0,3,0,0,40,0
62,0,3,0,3,0,0,40,0
47,0,3,0,3,0,0,40,0
26,0,0,1,0,0,0,40,0
40,1,3,1,5,0,0,40,0
61,5,2,0,1,0,0,40,0
37,3,1,3,1,0,0,50,0
25,0,3,0,3,0,0,50,0
44,0,3,0,3,0,0,40,0
30,1,0,2,0,0,0,40,0
43,0,3,0,3,0,0,40,0
35,0,0,0,0,0,1974,40,0
51,0,3,0,3,0,0,40,0
30,5,0,0,1,0,0,50,0
31,1,3,2,3,0,0,40,0
37,2,3,2,3,0,0,40,0
55,2,1,2,1,0,0,52,0
56,0,3,0,3,0,0,40,0
53,0,3,2,3,0,0,40,0
50,4,1,2,2,0,0,40,0
60,5,3,4,3,0,0,44,0
44,1,3,1,4,0,0,38,0
56,6,1,1,2,0,0,36,0
28,4,3,0,3,0,0,40,0
24,1,0,0,1,0,0,40,0
29,1,0,0,1,0,0,38,0
45,0,3,0,3,0,0,50,0
25,0,3,1,3,0,0,40,0
43,3,3,0,3,0,0,40,0
24,3,0,3,1,0,0,43,0
40,0,3,0,3,0,0,50,0
38,2,3,0,3,0,0,40,0
21,0,0,1,1,0,0,40,0
23,0,0,1,0,0,0,40,0
42,0,3,1,3,0,0,45,0
50,4,3,0,3,0,0,40,0
24,0,0,1,0,0,0,40,0
28,3,0,1,1,0,0,45,0
32,1,1,1,2,0,0,40,0
22,1,0,3,1,0,0,40,0
24,3,0,1,5,0,0,40,0
41,0,1,0,2,0,0,50,0
32,2,0,3,1,0,0,40,0
37,0,0,0,1,0,0,40,0
28,0,3,0,3,0,0,40,0
33,6,3,3,3,0,0,50,0
52,0,3,0,3,0,0,40,0
27,0,3,0,3,2885,0,40,0
33,4,3,0,3,0,0,40,0
60,5,3,4,3,0,0,40,0
48,0,3,0,3,0,0,36,0
27,4,2,1,0,0,0,35,0
22,4,0,4,1,0,0,50,0
20,0,0,0,0,0,0,48,0
45,3,3,0,3,0,0,37,0
50,0,3,0,3,0,0,40,0
34,2,3,0,3,0,0,48,0
36,1,1,3,1,0,0,40,0
50,5,1,0,2,0,0,40,0
26,0,0,0,0,0,0,40,0
39,0,3,1,3,4064,0,38,0
46,1,1,2,0,0,0,35,0
31,0,3,0,3,0,0,40,0
28,0,3,1,3,0,0,40,0
42,1,3,0,3,0,0,45,0
25,5,0,1,5,0,0,45,0
28,5,1,2,2,0,0,50,0
29,0,0,2,2,0,0,45,0
18,4,0,0,1,0,0,40,0
41,1,3,0,3,0,0,50,0
23,0,0,2,1,0,0,40,0
42,0,3,2,3,0,0,45,0
39,4,3,0,3,0,0,40,0
42,0,0,0,1,0,0,50,0
25,4,3,3,3,0,0,40,0
47,2,1,1,0,0,0,44,0
49,4,1,2,2,0,0,40,0
33,1,3,0,3,0,0,48,0
54,5,3,0,3,0,0,40,0
32,0,0,1,1,0,0,45,0
36,0,0,0,1,0,0,43,0
45,1,3,0,3,0,0,40,0
27,2,1,1,2,0,0,40,0
34,0,0,2,2,0,0,40,0
33,0,0,1,0,0,0,40,0
52,4,4,0,1,0,0,40,0
39,0,3,1,3,0,1628,40,0
32,1,3,3,3,3464,0,40,0
32,3,0,3,1,0,0,40,0
40,4,1,0,1,0,0,40,0
57,0,1,1,2,0,0,40,0
37,1,1,2,2,0,0,40,0
60,6,0,3,1,0,0,50,0
30,0,0,1,1,0,0,40,0
23,1,0,2,1,0,0,35,0
21,1,0,1,1,0,0,40,0
36,1,0,0,1,0,0,50,0
23,0,0,0,1,0,0,50,0
55,0,4,2,2,0,0,35,0
23,3,0,1,0,0,0,40,0
46,0,1,0,1,0,0,40,0
28,0,0,2,2,0,0,40,0
32,3,0,3,1,0,0,40,0
60,4,3,4,3,0,0,45,0
36,0,0,2,1,0,0,40,0
36,0,1,3,1,0,0,40,0
40,0,1,0,1,0,0,35,0
42,2,3,1,3,0,0,50,0
53,1,1,0,1,0,0,40,0
25,0,0,0,1,0,0,40,0
43,5,3,4,3,4508,0,40,0
38,0,3,2,3,0,0,40,0
42,5,2,2,1,0,0,35,0
33,2,3,0,3,0,0,40,0
41,0,0,1,1,0,1980,40,0
23,4,0,0,1,0,0,40,0
66,1,3,3,3,0,0,40,0
24,0,0,0,5,0,0,40,0
45,3,2,3,2,0,0,40,0
27,3,3,1,3,0,0,50,0
24,0,0,1,1,2597,0,40,0
60,0,1,2,1,0,0,40,0
23,4,0,0,5,0,0,35,0
35,0,3,2,3,0,0,40,0
46,0,1,0,1,0,0,50,0
31,1,0,1,1,0,0,40,0
38,6,3,1,4,0,0,40,0
49,3,0,3,2,0,0,40,0
25,3,0,2,1,0,0,38,0
52,1,3,0,3,0,0,40,0
41,1,3,0,3,0,0,40,0
19,0,0,0,0,0,0,40,0
38,5,1,1,2,0,0,40,0
34,0,0,1,0,0,0,40,0
38,2,1,2,2,0,0,36,0
24,4,3,0,3,0,0,40,0
34,1,0,3,1,0,0,45,0
41,1,3,0,3,0,0,45,0
35,0,1,3,2,0,0,40,0
55,0,3,4,3,0,0,40,0
63,0,4,0,5,0,0,40,0
42,5,3,0,4,0,0,38,0
40,0,1,0,1,0,0,40,0
25,3,3,1,3,0,0,35,0
30,6,0,3,1,0,0,40,0
64,0,1,0,1,0,0,40,0
25,5,3,0,0,0,0,40,0
53,5,0,0,1,0,0,40,0
46,0,3,4,3,0,1672,50,0
43,0,1,3,1,0,0,48,0
38,3,0,3,0,0,0,40,0
25,4,0,0,2,914,0,40,0
75,0,4,1,1,0,0,40,0
48,2,3,2,3,0,0,40,0
19,0,0,1,0,0,0,40,0
46,1,1,0,1,0,0,40,0
51,6,0,3,0,0,0,40,0
60,0,3,3,3,5013,0,40,0
30,3,0,3,1,0,0,50,0
37,3,1,3,2,1151,0,35,0
34,6,3,0,3,0,0,40,0
55,3,3,1,4,3464,0,40,0
19,1,0,0,1,0,0,50,0
23,0,0,1,1,2463,0,40,0
26,0,3,3,3,3942,0,45,0
26,1,3,1,3,0,0,40,0
34,1,3,0,3,0,0,35,0
38,4,1,1,2,0,0,40,0
56,0,1,2,2,0,0,37,0
35,0,3,0,3,0,0,50,0
63,0,3,0,3,0,0,40,0
43,0,3,4,3,0,0,40,0
50,0,1,0,1,0,0,40,0
21,1,0,1,5,0,0,40,0
24,3,3,1,3,0,0,40,0
48,1,3,0,3,0,0,40,0
59,6,4,3,1,0,0,40,0
40,0,3,0,3,0,0,40,0
32,0,3,2,4,0,0,40,0
61,5,3,0,3,0,1651,40,0
28,0,3,0,3,2885,0,40,0
21,1,0,3,0,0,0,35,0
59,1,3,0,3,0,0,50,0
54,6,3,1,3,0,0,40,0
62,0,3,1,3,0,0,38,0
32,3,3,1,3,0,0,47,0
31,3,0,3,0,6849,0,40,0
58,1,0,1,1,0,0,39,0
39,2,3,0,3,0,0,49,0
30,4,1,4,2,0,0,40,0
42,4,1,1,2,1506,0,50,0
36,0,0,0,1,0,1590,40,0
58,4,0,0,1,0,0,40,0
53,0,1,0,2,0,0,45,0
26,4,3,0,4,0,0,40,0
55,1,3,0,3,0,0,35,0
38,1,4,0,1,0,0,47,0
23,3,0,3,1,0,0,40,0
34,1,3,3,3,0,0,52,0
36,1,3,0,3,0,0,45,0
28,1,0,0,1,0,0,40,0
67,1,3,4,3,0,0,44,0
41,4,3,0,3,0,0,40,0
20,1,0,0,0,0,0,40,0
26,1,1,3,1,0,0,40,0
32,6,3,3,3,0,0,50,0
21,1,0,2,0,0,0,48,0
46,0,3,0,3,0,0,40,0
44,3,3,0,3,0,0,40,0
32,1,0,1,1,0,0,40,0
51,0,1,0,2,0,0,40,0
37,2,1,3,2,0,0,40,0
42,3,3,0,3,0,0,40,0
26,0,0,0,2,0,0,40,0
38,4,3,2,3,0,0,40,0
41,1,1,2,2,0,0,45,0
39,4,3,0,3,0,0,40,0
28,1,1,0,1,0,0,40,0
57,0,3,1,3,0,0,48,0
53,1,3,3,3,0,0,40,0
32,4,0,0,1,0,0,50,0
31,0,0,0,1,0,0,45,0
26,0,0,1,1,0,0,40,0
74,1,4,3,2,0,0,40,0
36,2,3,0,3,0,0,38,0
47,4,1,0,1,0,0,40,0
34,1,0,0,1,0,0,40,0
26,5,0,0,1,0,0,40,0
49,4,1,0,0,0,0,38,0
20,0,0,1,0,0,0,40,0
42,5,1,1,1,0,0,40,0
40,0,3,0,3,0,0,40,0
42,0,3,3,3,0,0,40,0
43,6,3,3,3,5013,0,45,0
57,4,0,0,1,0,1617,35,0
26,1,0,1,1,0,0,40,0
38,4,2,2,1,0,0,45,0
46,3,1,3,5,0,0,40,0
28,0,1,1,1,0,0,40,0
20,1,0,0,0,0,0,40,0
45,1,2,2,5,0,0,40,0
28,5,0,2,5,2176,0,52,0
22,1,0,1,0,0,0,40,0
23,3,0,1,1,0,0,40,0
58,0,0,3,1,0,0,43,0
22,1,0,1,1,0,0,42,0
36,2,0,3,2,0,0,50,0
76,5,4,2,1,0,0,40,0
35,1,0,1,1,0,0,40,0
41,0,3,3,3,0,0,50,0
24,2,0,1,0,0,0,35,0
28,0,3,0,3,0,0,40,0
27,4,0,0,0,0,0,50,0
40,1,1,1,1,0,0,40,0
60,4,3,0,3,0,0,40,0
35,0,3,0,3,0,0,40,0
28,1,0,0,0,0,0,50,0
26,1,1,1,0,0,0,40,0
47,0,3,3,4,0,0,40,0
32,0,0,0,0,0,0,38,0
29,2,0,3,1,0,0,43,0
54,0,1,1,2,0,0,38,0
35,0,3,0,3,0,0,40,0
31,1,0,1,1,0,0,40,0
47,4,1,3,1,0,0,45,0
64,3,1,1,1,0,0,40,0
37,2,1,3,2,0,0,38,0
23,1,0,1,2,0,0,38,0
40,6,3,0,3,0,0,50,0
53,0,3,2,3,0,0,40,0
44,3,0,1,1,0,0,38,0
32,4,3,0,3,0,0,40,0
58,0,3,0,3,0,0,40,0
33,4,3,2,3,0,0,40,0
64,1,3,3,3,0,0,40,0
55,4,3,4,3,0,0,40,0
36,0,3,0,3,0,0,35,0
25,3,0,3,0,0,0,40,0
66,5,2,0,2,0,0,40,0
29,0,0,1,2,0,0,40,0
34,3,3,1,3,0,0,40,0
52,1,3,0,3,0,0,40,0
45,0,3,3,3,0,0,40,0
35,1,2,0,1,0,0,40,0
50,2,3,0,3,0,0,45,0
31,4,3,0,3,0,0,40,0
22,0,0,0,2,0,0,35,0
31,2,1,0,2,0,0,43,0
47,0,1,0,5,0,0,40,0
38,4,3,0,3,0,0,48,0
38,1,1,0,1,0,0,40,0
27,1,3,1,3,2829,0,40,0
62,4,1,3,2,0,0,40,0
64,0,3,1,3,0,0,50,0
39,0,3,0,3,0,0,40,0
62,4,3,0,3,0,0,40,0
37,4,3,0,3,0,0,40,0
32,1,2,4,0,0,0,50,0
53,5,0,0,1,0,0,40,0
36,4,0,2,2,0,0,35,0
35,4,3,4,3,0,0,40,0
47,0,3,0,3,0,0,40,0
21,0,1,1,2,0,0,48,0
23,2,3,0,3,0,0,40,0
30,3,0,3,1,0,0,40,0
49,6,2,2,1,0,0,40,0
59,0,4,1,2,0,0,40,0
40,3,0,3,0,0,0,40,0
23,1,0,1,0,0,0,40,0
31,0,0,1,1,0,0,40,0
40,0,1,0,0,0,0,40,0
57,1,1,3,2,0,0,40,0
61,6,3,3,3,4064,0,40,0
61,0,3,0,3,0,0,40,0
26,4,1,2,1,0,0,40,0
20,0,0,0,0,0,0,40,0
21,1,0,1,0,0,0,35,0
41,0,0,1,0,0,0,40,0
40,6,3,3,3,0,0,40,0
56,6,1,3,1,0,0,39,0
22,1,3,1,4,0,0,44,0
53,0,1,0,0,0,0,40,0
75,6,2,3,1,0,0,50,0
29,1,0,1,2,2174,0,40,0
44,1,1,1,2,0,0,40,0
53,0,1,0,1,0,0,40,0
32,4,3,3,3,0,0,45,0
25,3,0,1,1,6849,0,50,0
37,3,3,3,3,0,0,45,0
24,0,3,0,3,0,0,40,0
28,5,0,0,5,0,0,40,0
40,6,0,3,1,0,0,35,0
22,3,0,3,1,0,0,50,0
31,1,1,1,2,0,0,40,0
21,0,3,0,3,0,0,40,0
28,4,1,0,0,0,0,40,0
47,5,3,0,4,0,0,35,0
34,0,3,2,3,0,0,50,0
28,1,3,2,3,0,0,50,0
45,0,2,0,1,0,0,40,0
36,0,3,0,3,0,0,40,0
41,0,3,1,3,0,0,40,0
44,3,0,1,1,0,0,40,0
48,0,3,1,3,0,0,40,0
53,0,1,0,1,0,0,40,0
30,0,0,0,1,4865,0,40,0
21,0,0,2,0,0,0,40,0
22,4,0,0,0,0,0,40,0
44,1,1,1,1,0,0,40,0
27,4,1,2,1,0,0,40,0
44,6,1,3,2,0,0,40,0
37,0,3,0,3,0,0,45,0
57,5,3,1,3,0,0,35,0
31,1,1,2,2,0,0,35,0
37,0,3,0,3,0,0,50,0
24,3,0,3,1,0,0,40,0
31,1,4,1,2,0,0,40,0
65,2,3,1,4,0,0,40,0
17,4,0,1,0,0,0,40,0
35,1,0,1,0,0,0,38,0
29,0,0,3,1,0,0,40,0
34,4,3,4,3,0,0,40,0
45,1,1,1,1,0,0,40,0
48,1,3,3,3,0,0,50,0
39,2,1,1,2,0,0,40,0
34,0,0,0,0,0,0,40,0
23,1,3,1,3,0,0,42,0
34,2,1,1,2,0,0,40,0
35,1,3,1,3,0,0,50,0
24,3,0,3,0,0,0,40,0
22,4,0,0,2,0,0,40,0
33,2,0,0,1,0,0,45,0
20,0,0,2,1,0,0,40,0
53,1,0,2,1,0,0,40,0
48,0,1,2,1,0,0,35,0
57,1,1,1,0,0,0,40,0
35,0,1,1,1,0,0,45,0
34,4,2,0,2,0,0,35,0
55,0,3,4,3,0,0,40,0
34,1,1,0,1,0,0,40,0
28,0,0,0,1,0,0,50,0
21,1,0,1,1,0,0,40,0
19,2,0,3,0,0,0,40,0
61,0,3,0,3,0,0,40,0
40,1,1,1,2,0,213,40,0
47,0,3,1,3,0,0,38,0
57,5,1,0,5,0,0,40,0
59,1,1,1,5,3325,0,40,0
44,0,1,1,2,0,0,35,0
27,4,1,0,1,0,0,45,0
30,0,3,3,3,0,0,40,0
22,1,3,2,3,0,0,35,0
56,0,3,0,3,0,0,40,0
34,0,3,4,3,0,0,40,0
34,0,0,2,2,0,0,35,0
25,3,0,1,1,0,0,40,0
52,5,3,0,3,0,0,50,0
32,0,2,0,5,0,0,40,0
28,2,0,0,0,0,0,40,0
33,1,1,3,2,0,0,37,0
48,2,1,0,1,0,0,40,0
21,0,0,3,0,0,0,40,0
41,1,1,1,0,0,0,40,0
48,0,1,3,2,0,0,40,0
30,1,0,0,1,0,0,40,0
28,6,0,3,1,0,0,50,0
22,0,0,1,0,0,0,40,0
37,2,3,1,3,0,0,43,0
48,6,3,3,3,0,0,40,0
45,0,3,0,3,0,0,40,0
27,1,1,0,2,0,0,40,0
27,1,0,3,1,0,0,40,0
22,0,3,0,3,0,0,45,0
64,0,3,0,3,0,0,40,0
28,0,3,0,3,0,0,50,0
35,4,3,0,3,0,0,40,0
46,0,3,0,3,0,1740,35,0
35,3,0,3,1,0,0,40,0
44,0,0,0,1,0,0,35,0
39,0,1,0,1,0,0,37,0
27,3,1,3,5,0,0,40,0
36,3,1,3,1,0,1876,44,0
50,2,1,0,2,0,0,40,0
30,0,3,0,3,0,0,40,0
21,0,0,1,0,0,0,40,0
40,3,3,4,3,0,0,40,0
56,0,3,0,3,0,0,40,0
39,0,0,1,1,0,0,40,0
39,0,1,3,2,0,0,45,0
37,0,0,4,0,0,0,35,0
26,3,0,1,1,0,0,40,0
47,0,3,0,3,0,0,40,0
39,0,0,0,0,0,0,40,0
33,5,2,2,1,0,0,40,0
34,1,3,0,3,0,1579,40,0
54,1,1,1,1,0,0,40,0
35,1,3,0,3,0,0,40,0
31,2,1,0,2,0,0,43,0
37,1,3,0,3,0,0,45,0
20,0,0,0,0,0,0,40,0
43,6,0,3,1,0,0,45,0
43,3,3,2,3,0,0,40,0
27,0,3,0,3,0,0,40,0
26,0,1,3,0,0,0,40,0
30,2,1,0,1,0,0,49,0
65,1,3,1,3,0,0,40,0
30,4,3,0,3,0,0,40,0
28,0,1,0,2,0,0,50,0
38,0,3,0,3,0,0,40,0
30,0,1,1,2,0,0,40,0
28,0,1,1,2,0,0,40,0
41,0,3,0,3,0,0,40,0
38,6,1,3,1,0,0,40,0
28,0,3,1,0,0,0,40,0
23,1,0,0,1,0,0,40,0
30,1,3,1,3,0,1672,45,0
62,0,1,2,1,0,0,35,0
33,3,1,3,1,0,0,40,0
37,3,3,1,3,0,0,50,0
25,2,0,3,1,0,0,40,0
23,0,0,0,1,0,0,40,0
31,2,0,1,1,0,0,40,0
38,1,3,2,4,0,0,40,0
56,4,4,2,2,0,0,40,0
58,0,4,2,1,0,0,40,0
26,3,0,3,1,0,0,45,0
45,0,0,1,0,0,0,35,0
30,1,3,0,3,0,0,40,0
50,0,1,2,2,0,0,35,0
32,1,3,0,3,0,0,40,0
38,1,1,3,0,0,0,40,0
65,1,4,1,5,0,0,45,0
50,0,3,3,3,0,0,52,0
28,3,0,1,0,0,1974,50,0
24,0,3,0,3,0,0,40,0
65,5,3,0,3,0,0,40,0
35,0,3,0,3,0,0,40,0
33,3,1,3,2,0,323,40,0
39,3,0,3,0,0,0,40,0
24,0,3,0,3,0,0,40,0
51,0,1,0,1,0,0,40,0
40,6,0,1,0,0,0,40,0
32,2,0,2,1,0,0,40,0
47,0,3,0,4,0,0,40,0
51,0,1,1,1,0,0,40,0
31,2,0,1,0,0,0,40,0
24,1,0,3,1,0,0,40,0
41,3,1,3,1,4650,0,45,0
43,4,3,0,3,0,0,40,0
28,1,3,0,3,0,0,40,0
26,0,0,0,1,0,0,40,0
27,2,0,0,1,0,0,40,0
40,0,3,0,3,0,0,40,0
35,6,3,0,3,0,0,40,0
47,0,1,4,1,0,0,40,0
18,4,0,2,0,0,0,40,0
42,2,3,0,3,0,0,40,0
33,0,3,0,3,0,0,40,0
42,0,3,0,3,0,0,40,0
29,4,1,2,0,0,0,40,0
35,0,3,0,3,0,0,40,0
65,0,4,2,1,2538,0,50,0
35,0,0,0,0,0,0,48,0
48,5,1,0,2,0,0,40,0
28,0,0,3,0,0,0,40,0
23,2,0,1,2,0,0,40,0
39,1,1,3,0,0,0,45,0
38,1,3,2,3,0,0,40,0
30,0,0,2,0,0,0,40,0
44,0,3,2,4,0,0,50,0
54,4,3,1,3,0,0,40,0
32,3,3,3,3,0,0,40,0
44,4,1,0,2,0,0,40,0
24,0,0,1,0,0,0,40,0
38,1,1,3,1,0,0,40,0
54,3,1,3,1,0,0,40,0
21,5,0,2,5,0,0,48,0
25,0,1,2,1,2597,0,40,0
56,0,4,2,2,0,0,40,0
18,4,0,1,0,0,0,40,0
36,0,1,0,1,0,0,36,0
32,0,1,2,1,0,0,40,0
26,3,0,1,1,0,0,40,0
21,4,3,0,3,0,0,50,0
41,0,1,0,0,0,0,40,0
36,0,1,0,0,0,0,40,0
28,3,1,1,1,0,0,40,0
43,2,3,0,3,0,0,40,0
43,1,3,4,3,0,2002,40,0
56,0,3,1,3,0,0,40,0
28,3,0,2,1,0,0,35,0
43,0,3,2,3,0,0,40,0
38,0,0,0,1,0,0,40,0
46,0,1,0,1,0,0,40,0
22,0,3,0,3,0,0,35,0
56,1,1,3,1,0,0,40,0
36,0,1,1,2,0,0,40,0
57,0,3,2,3,0,0,40,0
27,3,0,0,1,0,0,40,0
51,0,3,0,3,3137,0,40,0
19,4,0,2,1,0,0,40,0
53,3,1,3,2,0,0,50,0
57,0,1,0,1,0,0,40,0
60,5,1,2,1,0,0,40,0
27,0,1,0,0,0,0,40,0
68,1,1,1,1,0,0,40,0
44,4,1,1,2,0,0,42,0
26,0,0,0,5,0,0,40,0
44,3,0,1,2,0,0,40,0
52,6,3,3,3,5013,0,40,0
29,0,3,0,5,0,0,40,0
33,0,3,0,3,0,0,38,0
39,0,3,0,3,0,0,45,0
58,0,0,2,1,0,1719,40,0
27,0,0,3,1,0,0,48,0
41,1,3,0,3,0,0,40,0
19,0,0,0,0,0,0,40,0
60,1,3,3,3,0,0,50,0
58,0,3,1,4,0,0,40,0
56,4,3,0,3,0,0,40,0
71,1,4,3,1,0,1429,40,0
63,5,3,0,3,0,0,40,0
32,0,3,0,3,0,0,48,0
25,2,0,0,0,0,0,40,0
33,1,2,1,2,0,1602,40,0
40,4,3,0,3,0,0,50,0
22,1,0,0,0,0,0,40,0
27,3,3,3,3,0,0,40,0
39,1,3,1,3,0,0,40,0
27,0,3,0,3,0,0,40,0
56,6,4,3,1,0,0,40,0
44,0,2,1,2,0,0,40,0
41,1,3,0,3,0,0,40,0
25,1,3,1,3,0,0,45,0
61,0,3,2,3,0,0,40,0
31,0,0,4,1,0,0,40,0
44,3,0,1,1,0,0,42,0
40,2,3,0,3,0,0,40,0
32,0,3,2,4,0,0,40,0
44,3,0,1,1,0,0,45,0
32,3,1,1,1,0,0,40,0
28,5,0,0,1,0,0,40,0
20,0,0,0,0,0,0,40,0
52,0,3,0,3,0,1579,40,0
25,3,0,3,1,0,0,40,0
32,4,0,2,1,0,0,40,0
39,1,1,1,1,0,0,40,0
23,3,0,3,1,0,0,50,0
38,2,1,3,0,0,0,40,0
49,0,3,0,3,0,0,44,0
24,2,0,1,1,0,0,40,0
66,5,3,0,3,0,0,50,0
39,1,1,3,1,0,0,38,0
20,1,0,0,1,2176,0,40,0
32,0,0,0,5,0,0,50,0
58,4,0,0,0,0,0,40,0
32,0,3,0,3,0,0,40,0
50,1,2,1,2,0,0,40,0
24,1,3,2,3,0,0,40,0
53,0,3,1,3,0,0,50,0
32,3,1,3,2,0,0,35,0
23,3,0,3,0,0,1669,40,0
42,4,3,1,3,0,0,40,0
32,3,0,3,1,0,0,38,0
22,0,0,1,0,0,0,40,0
22,2,0,0,1,0,0,44,0
36,0,1,0,1,0,0,45,0
42,2,0,0,0,0,0,40,0
55,4,3,0,3,0,0,45,0
51,0,3,0,3,0,0,40,0
46,0,3,0,3,0,0,40,0
47,1,3,1,4,0,0,40,0
48,1,1,0,0,2176,0,40,0
22,1,0,0,1,0,0,40,0
34,0,1,1,2,0,0,35,0
69,0,1,0,2,2387,0,40,0
55,4,1,1,2,0,0,40,0
50,1,1,2,1,0,0,45,0
62,5,3,0,3,0,0,40,0
38,2,0,1,1,0,0,40,0
57,0,4,0,1,0,0,40,0
50,0,3,0,3,0,0,40,0
19,0,0,2,0,0,0,35,0
25,0,0,2,0,0,0,40,0
37,0,1,2,2,0,0,40,0
35,0,0,0,0,0,0,40,0
45,2,3,0,3,0,0,40,0
42,6,0,3,1,0,0,45,0
21,0,0,0,1,0,0,40,0
24,0,0,1,0,0,0,40,0
40,0,0,0,1,0,0,40,0
23,3,0,0,0,0,0,50,0
50,3,3,3,3,0,0,35,0
38,0,0,0,1,0,0,40,0
41,0,0,1,1,0,0,40,0
33,6,3,3,3,0,0,40,0
18,4,0,0,0,0,0,40,0
51,2,3,1,3,0,0,40,0
37,0,1,0,5,0,0,40,0
23,0,0,0,1,0,0,40,0
39,6,0,3,2,0,0,43,0
44,0,1,2,2,0,0,33,0
24,0,0,1,1,0,0,40,0
28,1,3,0,3,0,0,40,0
32,0,3,1,3,0,0,40,0
35,6,3,0,3,0,0,40,0
47,0,3,0,3,0,0,40,0
24,3,0,3,1,0,0,40,0
34,0,0,0,2,0,0,40,0
30,4,3,0,3,0,0,40,0
24,3,3,3,3,0,0,50,0
33,1,3,3,3,0,0,50,0
30,5,3,0,3,0,0,40,0
23,4,0,1,2,0,0,40,0
29,3,1,3,5,0,0,50,0
58,1,1,0,2,0,0,40,0
21,1,0,2,0,0,0,35,0
34,0,2,2,2,0,0,45,0
57,3,1,0,1,0,0,39,0
42,0,0,1,5,0,2339,40,0
25,0,0,2,1,0,0,40,0
34,1,0,2,1,0,0,40,0
26,0,0,1,2,0,1380,40,0
50,4,3,0,3,0,0,38,0
28,0,3,0,4,0,0,40,0
27,2,0,1,0,0,0,38,0
51,0,1,2,2,0,0,52,0
23,3,0,3,1,0,0,40,0
42,0,3,0,3,0,0,45,0
37,3,0,3,1,0,0,45,0
17,4,0,2,5,0,0,35,0
41,0,3,0,3,0,0,40,0
27,3,0,1,1,0,0,40,0
27,0,3,1,4,3464,0,40,0
36,4,1,0,2,0,0,40,0
46,4,1,0,1,0,0,40,0
38,0,1,3,1,0,0,40,0
40,1,0,3,1,0,0,50,0
90,0,0,2,1,0,2206,40,0
28,1,1,1,1,0,0,40,0
44,1,0,1,0,0,0,50,0
56,1,1,1,1,0,0,40,0
23,3,0,1,1,0,0,45,0
52,1,3,3,3,0,0,40,0
40,3,1,1,1,0,0,40,0
24,0,0,3,0,0,0,40,0
33,1,0,1,1,6849,0,50,0
44,3,1,0,0,0,0,40,0
27,3,0,3,0,0,0,50,0
41,0,1,1,1,3674,0,45,0
45,3,1,3,1,0,0,40,0
20,0,0,2,1,0,0,45,0
35,4,3,1,4,0,0,36,0
34,2,0,1,1,0,0,40,0
31,0,0,1,0,0,0,40,0
25,0,0,2,1,0,0,40,0
45,1,3,1,3,0,0,40,0
58,0,0,1,5,0,0,40,0
25,3,0,1,1,0,0,35,0
49,0,3,0,3,0,0,40,0
35,3,0,3,1,0,1876,45,0
35,4,0,1,0,0,0,40,0
29,3,0,3,1,0,0,40,0
25,3,3,1,3,0,0,50,0
48,4,1,2,1,0,0,40,0
29,6,0,3,1,0,0,35,0
22,0,0,2,2,0,0,45,0
56,4,1,1,1,0,0,50,0
35,4,1,2,2,0,0,40,0
34,2,1,2,0,0,0,40,0
35,1,1,0,1,0,0,40,0
41,1,1,1,1,0,0,50,0
38,0,3,0,3,0,0,40,0
45,0,1,2,2,0,0,40,0
65,0,4,1,2,0,0,40,0
40,2,0,1,1,0,0,40,0
32,2,0,1,1,0,0,50,0
35,0,4,2,2,0,0,40,0
49,0,4,2,1,0,0,45,0
58,0,3,3,3,0,0,40,0
43,0,3,0,3,0,0,40,0
40,3,3,3,3,0,0,35,0
54,0,3,1,3,0,0,50,0
29,0,1,3,1,0,0,40,0
42,0,3,0,3,0,0,40,0
42,0,3,0,3,0,0,40,0
50,3,1,3,1,0,0,50,0
63,1,3,3,3,0,0,50,0
51,4,0,2,5,0,0,35,0
62,0,4,0,2,0,0,40,0
25,4,1,0,0,0,0,40,0
48,1,1,1,2,0,0,45,0
50,1,3,1,3,0,0,40,0
50,4,1,0,1,0,0,45,0
29,0,0,1,2,0,0,35,0
50,0,0,1,0,0,0,40,0
60,6,0,3,1,3325,0,35,0
27,4,1,0,0,0,0,40,0
37,1,3,2,3,0,0,40,0
53,6,1,3,2,0,1876,38,0
28,0,3,0,3,0,0,45,0
29,1,3,2,3,0,0,40,0
45,3,1,1,2,0,0,40,0
25,0,0,1,1,0,0,40,0
32,4,0,1,2,0,0,40,0
47,3,3,3,3,0,0,40,0
18,0,0,1,1,0,0,40,0
59,1,4,1,1,0,0,40,0
45,0,0,1,2,0,0,40,0
31,0,3,0,3,0,0,40,0
20,1,0,4,0,0,0,40,0
27,0,0,0,1,0,0,40,0
56,6,3,3,3,0,0,50,0
46,5,3,0,3,0,0,40,0
34,1,0,3,1,0,0,40,0
21,1,0,1,2,0,0,40,0
21,2,0,2,0,0,0,36,0
23,0,1,1,1,0,0,40,0
29,1,1,3,0,1831,0,40,0
29,0,1,0,1,0,0,40,0
18,4,0,2,0,0,0,40,0
32,3,1,3,2,0,0,40,0
36,3,0,3,1,0,0,40,0
28,0,0,0,0,0,0,50,0
25,0,3,0,3,0,0,40,0
33,5,0,0,1,0,0,35,0
32,0,0,1,1,0,0,40,0
28,0,3,0,3,0,0,40,0
30,2,3,0,3,0,0,40,0
24,1,0,3,0,0,0,40,0
44,0,1,1,1,3674,0,50,0
37,2,1,0,1,0,0,40,0
23,1,0,3,1,0,0,40,0
62,0,0,2,5,0,0,38,0
49,0,1,2,1,0,0,40,0
38,0,3,0,3,0,0,40,0
41,0,3,0,3,0,0,40,0
64,4,3,0,3,0,2179,40,0
23,3,0,3,1,0,0,40,0
55,0,4,0,2,0,0,44,0
47,2,3,1,3,0,0,50,0
30,0,0,1,0,0,0,40,0
80,3,0,2,1,0,0,40,0
38,1,3,1,4,5013,0,40,0
61,0,4,3,1,0,0,40,0
27,0,3,0,3,0,0,40,0
56,1,3,1,3,0,0,50,0
27,1,3,1,3,0,0,40,0
42,0,1,0,1,0,0,40,0
37,0,3,0,3,0,0,40,0
51,4,3,0,3,0,0,40,0
34,1,3,2,4,0,0,40,0
44,0,3,3,3,0,0,40,0
64,2,3,1,3,0,0,40,0
39,3,3,3,3,0,0,50,0
60,6,3,3,3,0,0,40,0
37,0,3,0,3,0,0,47,0
22,0,0,1,2,0,0,40,0
25,0,0,0,1,0,0,40,0
24,0,0,0,1,0,0,40,0
50,0,1,1,1,0,0,40,0
20,1,0,1,2,0,0,35,0
43,3,1,4,1,0,0,35,0
45,3,3,3,3,0,0,40,0
28,3,0,1,1,0,0,40,0
40,2,1,3,1,0,0,50,0
31,0,0,0,1,0,0,40,0
49,1,1,2,2,0,0,40,0
48,1,1,1,2,5455,0,40,0
26,0,0,0,2,0,0,40,0
23,1,1,0,1,0,0,40,0
30,0,3,3,3,0,0,40,0
72,1,3,0,3,2653,0,40,0
27,3,0,3,1,0,0,45,0
50,0,3,0,3,0,0,40,0
59,0,4,0,1,0,0,40,0
31,4,1,0,5,0,1721,40,0
23,5,0,0,1,0,0,35,0
28,1,0,1,1,0,0,40,0
45,6,1,3,1,0,0,38,0
24,1,0,3,0,0,0,40,0
42,3,1,1,1,0,0,40,0
40,0,1,1,2,0,0,37,0
21,1,0,3,0,0,0,40,0
57,6,3,3,3,0,0,40,0
19,0,0,2,0,0,0,35,0
40,0,1,1,2,0,0,45,0
33,0,3,0,3,0,0,40,0
21,0,0,0,1,0,0,40,0
19,1,0,3,0,0,0,40,0
34,1,3,1,3,0,0,50,0
23,0,0,1,5,0,0,40,0
48,6,1,1,2,0,0,40,0
30,0,0,1,1,0,0,40,0
40,0,3,0,3,0,0,40,0
53,2,3,0,3,0,0,40,0
42,0,1,0,1,0,0,40,0
35,0,1,1,2,0,0,38,0
53,3,1,1,1,0,0,40,0
30,0,3,0,3,0,0,40,0
42,0,1,0,2,0,0,40,0
36,0,1,2,2,0,0,40,0
28,4,0,0,1,0,0,40,0
61,2,3,3,3,0,0,42,0
45,1,1,3,1,0,1876,50,0
68,2,1,3,1,0,0,43,0
26,3,0,3,0,0,0,40,0
46,1,3,3,3,0,0,40,0
27,1,0,1,1,0,0,40,0
23,1,0,0,0,0,0,40,0
26,1,0,0,0,0,0,40,0
25,4,3,0,3,0,0,40,0
61,0,4,1,2,0,0,40,0
27,3,0,3,0,0,0,35,0
56,0,3,0,3,0,0,50,0
42,0,1,1,1,0,0,42,0
38,3,1,1,2,0,213,40,0
23,4,0,1,2,0,0,40,0
52,1,1,3,1,0,0,38,0
21,1,0,2,0,0,0,40,0
59,0,0,1,0,0,0,40,0
29,4,1,0,1,0,0,52,0
62,0,3,1,3,0,0,44,0
54,0,3,1,3,0,0,40,0
28,4,1,0,1,0,0,40,0
43,0,3,0,3,0,0,40,0
46,1,1,2,0,0,0,35,0
40,2,0,0,1,0,0,40,0
20,4,0,0,1,0,0,40,0
66,0,4,1,5,0,0,35,0
46,6,1,3,2,6497,0,50,0
43,2,3,1,3,0,0,40,0
70,2,3,4,3,0,0,40,0
58,4,1,1,1,3674,0,40,0
54,4,3,0,3,0,0,40,0
26,2,0,0,1,0,0,40,0
43,0,3,0,3,0,0,45,0
33,0,3,0,3,0,0,35,0
24,1,0,1,0,0,0,35,0
36,0,0,3,0,0,0,41,0
50,0,0,2,1,0,0,40,0
46,2,1,1,1,3325,0,42,0
31,1,3,0,3,0,0,40,0
30,0,0,0,1,0,0,44,0
34,0,0,1,1,0,0,40,0
38,3,1,0,1,0,0,40,0
29,3,0,1,1,0,0,40,0
28,1,0,3,1,0,0,50,0
52,3,1,1,1,0,0,40,0
25,1,3,1,3,0,0,45,0
26,0,1,0,2,0,0,40,0
43,6,0,3,1,0,0,40,0
29,2,1,0,2,0,0,50,0
31,1,1,1,0,0,0,40,0
32,4,1,2,2,0,0,42,0
31,2,0,3,5,0,0,40,0
37,3,0,1,1,0,0,40,0
39,4,3,0,3,0,0,50,0
44,5,3,0,3,0,0,40,0
37,3,0,3,1,0,0,45,0
73,0,3,4,3,0,0,40,0
41,1,4,2,2,0,0,40,0
31,0,0,0,0,0,0,40,0
21,1,0,2,1,2907,0,40,0
33,0,1,0,1,0,0,40,0
25,1,0,1,1,0,0,40,0
20,0,0,2,1,0,1719,33,0
37,0,0,2,1,0,0,40,0
21,0,0,0,0,0,0,40,0
23,3,0,2,1,0,0,50,0
37,0,0,0,1,0,0,40,0
38,0,3,0,3,0,0,40,0
60,5,3,0,3,0,0,40,0
53,2,1,3,2,0,0,40,0
54,2,3,0,3,0,0,40,0
52,0,1,1,1,0,0,48,0
29,1,0,2,1,0,0,45,0
34,3,0,3,1,0,0,42,0
52,0,1,1,2,0,0,38,0
48,6,0,3,1,0,0,50,0
41,3,0,3,1,0,1876,40,0
21,1,0,0,0,0,0,35,0
37,0,3,0,3,0,0,40,0
26,3,0,1,1,0,2205,43,0
40,0,1,0,1,0,0,40,0
28,5,3,0,3,0,0,50,0
36,1,3,3,3,0,0,40,0
29,2,0,1,0,0,0,40,0
34,1,3,0,3,0,0,40,0
25,3,0,1,0,0,0,40,0
27,0,3,3,0,0,0,40,0
51,5,1,2,2,0,0,40,0
24,3,2,3,0,0,0,40,0
57,1,4,0,2,0,0,40,0
32,0,1,0,2,0,0,35,0
23,1,0,2,2,0,0,48,0
36,3,0,3,1,0,0,40,0
44,0,3,1,3,0,0,40,0
38,0,1,0,1,0,2205,40,0
23,0,0,0,0,0,0,40,0
42,0,1,1,2,1151,0,50,0
52,0,4,1,5,0,0,40,0
41,0,0,3,1,0,0,40,0
45,2,0,3,1,0,0,40,0
41,0,3,3,3,0,0,40,0
23,3,0,1,0,0,0,40,0
24,0,2,1,0,0,0,36,0
54,4,3,3,3,0,0,40,0
54,0,3,0,3,0,2051,40,0
26,1,3,1,3,0,0,40,0
52,0,3,1,3,0,0,50,0
20,1,0,1,5,0,0,40,0
59,1,1,0,1,2907,0,40,0
33,4,0,4,1,0,0,40,0
23,0,0,2,5,0,0,42,0
43,0,0,1,1,0,0,44,0
47,1,3,0,3,0,0,40,0
34,0,0,1,1,0,0,40,0
39,4,3,0,3,0,0,43,0
45,2,4,3,1,0,0,45,0
22,0,1,0,1,0,0,40,0
19,0,0,1,0,0,0,40,0
68,0,4,0,1,3273,0,42,0
46,0,0,1,2,0,0,37,0
43,1,3,4,3,0,2002,40,0
46,4,1,0,1,0,0,40,0
29,0,0,0,0,0,0,40,0
51,0,3,0,3,0,0,40,0
33,0,3,0,3,0,0,40,0
45,6,1,2,1,0,0,50,0
41,2,3,0,3,0,0,40,0
28,3,0,3,1,0,0,40,0
24,0,0,0,0,0,0,44,0
46,0,3,0,3,4064,0,40,0
45,4,3,1,3,0,0,40,0
64,0,3,0,3,0,0,50,0
26,0,0,0,0,0,0,48,0
45,1,1,1,1,0,0,40,0
23,1,0,1,0,0,0,40,0
36,0,3,0,3,0,0,50,0
47,6,3,0,3,0,0,50,0
27,0,0,1,1,0,0,40,0
41,0,3,0,3,0,0,40,0
53,0,3,1,3,0,0,35,0
40,2,1,1,1,3325,0,40,0
25,0,0,0,1,0,0,40,0
60,3,1,3,1,0,0,42,0
27,0,3,0,3,0,0,40,0
35,1,3,1,3,0,0,50,0
26,0,3,0,3,0,0,45,0
25,0,0,2,0,114,0,40,0
40,1,1,3,1,0,0,40,0
32,1,3,0,3,3464,0,40,0
24,1,0,3,1,0,1504,40,0
24,1,0,1,5,0,0,40,0
51,4,3,4,3,0,0,40,0
25,3,0,1,1,0,0,40,0
57,1,4,1,2,0,0,40,0
55,0,1,0,5,0,0,40,0
44,1,3,1,3,0,0,40,0
32,4,3,0,3,0,0,40,0
54,3,0,2,1,0,0,50,0
57,4,3,0,3,0,0,40,0
44,1,2,0,2,1506,0,45,0
53,0,1,0,1,0,0,40,0
20,0,0,0,0,0,0,40,0
56,3,0,3,1,2907,0,52,0
46,0,0,0,1,0,1590,48,0
47,2,3,2,3,0,1740,40,0
23,1,3,1,3,0,0,40,0
33,0,1,3,1,0,0,45,0
22,1,0,2,5,0,0,39,0
31,0,1,0,2,0,0,40,0
29,0,0,4,1,0,0,40,0
45,5,3,0,3,0,0,40,0
25,0,0,1,2,0,0,40,0
41,4,1,0,2,0,0,40,0
33,1,3,0,3,0,0,50,0
43,3,1,3,1,0,0,40,0
27,0,3,0,3,0,0,40,0
40,3,1,1,1,0,0,40,0
28,3,0,3,1,2174,0,40,0
22,4,3,1,4,0,0,40,0
47,2,0,1,1,0,0,40,0
38,2,0,1,2,0,0,40,0
49,0,3,0,3,5013,0,50,0
38,0,3,0,3,3411,0,40,0
47,2,1,3,2,0,0,44,0
54,2,2,0,2,0,0,40,0
26,1,0,3,1,0,0,40,0
33,1,1,1,1,0,0,40,0
65,0,4,0,1,1848,0,40,0
48,3,3,3,3,0,0,45,0
65,6,1,3,1,0,1668,40,0
33,0,1,1,0,0,0,40,0
23,1,3,3,4,0,0,40,0
43,4,3,0,3,0,0,42,0
26,0,0,0,1,0,0,40,0
42,0,1,0,1,0,0,40,0
47,6,1,3,2,5455,0,45,0
66,5,1,2,5,0,0,40,0
63,1,3,0,3,10566,0,45,0
30,0,3,0,3,0,0,45,0
41,5,3,4,3,3411,0,40,0
56,6,3,3,4,0,0,50,0
30,0,0,0,1,0,1741,42,0
46,0,0,0,1,0,0,45,0
49,2,3,0,3,5013,0,40,0
33,4,0,2,2,0,0,40,0
58,4,4,2,1,0,0,40,0
49,3,1,3,2,6497,0,45,0
32,1,0,1,1,0,0,50,0
51,3,4,3,2,0,0,50,0
57,0,3,0,3,0,0,40,0
23,1,0,0,0,0,1504,40,0
23,5,0,4,2,0,0,36,0
42,0,3,0,3,0,0,40,0
45,0,1,0,2,0,0,40,0
27,1,0,2,1,0,0,38,0
18,0,0,0,0,0,0,40,0
33,1,1,1,1,0,0,40,0
35,3,0,3,1,0,0,40,0
30,0,0,1,0,0,0,40,0
26,3,0,1,0,0,0,50,0
29,0,0,0,0,0,0,45,0
28,1,3,0,3,0,0,45,0
32,0,3,0,3,0,0,50,0
46,1,1,1,1,0,0,42,0
47,2,3,3,3,0,0,40,0
54,0,4,2,2,0,0,40,0
32,0,3,0,3,0,0,40,0
31,0,0,2,1,0,0,40,0
40,0,3,0,3,0,0,40,0
48,4,1,0,0,0,0,48,0
55,0,1,0,1,0,0,40,0
34,0,2,0,1,0,0,40,0
43,0,1,0,2,0,0,40,0
24,4,0,0,1,0,0,35,0
29,0,3,3,3,0,0,40,0
21,0,0,0,0,0,0,40,0
28,0,1,1,2,0,0,40,0
31,0,1,0,1,0,0,40,0
30,2,0,2,5,0,0,40,0
43,4,0,1,0,0,0,44,0
36,1,0,0,1,0,0,38,0
28,2,4,3,2,0,0,40,0
56,0,1,0,1,0,0,42,0
24,1,1,1,1,0,0,50,0
34,0,3,0,3,0,1573,40,0
18,0,0,3,5,0,0,40,0
30,0,0,0,0,0,0,35,0
29,0,3,0,4,0,0,40,0
40,3,0,3,1,0,0,50,0
22,2,0,2,5,0,0,40,0
46,0,2,0,1,0,0,40,0
31,3,0,3,1,0,0,40,0
18,1,0,3,1,0,0,40,0
25,3,0,1,0,0,0,35,0
33,0,3,1,3,0,0,40,0
50,4,1,1,1,0,0,47,0
46,1,1,2,2,0,0,40,0
52,3,0,3,1,0,0,40,0
25,3,0,3,1,0,0,40,0
31,2,1,1,2,0,880,45,0
28,5,0,0,1,0,0,45,0
32,2,1,3,2,0,0,40,0
53,0,3,2,3,0,0,40,0
43,2,0,0,2,0,0,40,0
37,0,0,0,0,0,0,35,0
30,4,3,0,3,0,0,40,0
38,1,1,3,1,0,0,40,0
36,2,3,3,3,0,0,50,0
24,0,3,0,3,0,0,40,0
23,3,0,3,1,0,0,40,0
34,0,3,3,3,0,0,40,0
24,1,3,0,3,2407,0,40,0
39,6,0,3,1,0,0,50,0
29,1,1,1,2,0,0,40,0
44,6,1,3,1,0,0,50,0
32,0,0,0,0,0,0,40,0
28,3,3,3,3,0,0,50,0
47,2,3,2,3,0,1740,40,0
29,3,1,2,2,0,0,40,0
45,3,1,2,1,0,0,40,0
46,1,0,3,2,0,0,45,0
28,0,0,4,2,0,0,35,0
47,0,3,0,3,0,0,45,0
37,0,3,0,3,0,0,40,0
26,1,3,1,3,0,0,40,0
23,3,0,3,1,0,0,40,0
34,0,3,2,3,0,0,45,0
22,0,0,4,0,0,0,40,0
46,1,0,3,1,0,0,40,0
26,0,0,3,1,0,0,40,0
55,0,3,1,3,0,0,35,0
41,0,2,0,1,0,0,40,0
32,3,3,3,3,0,0,50,0
34,0,1,0,0,0,0,35,0
47,1,3,3,3,0,0,45,0
28,3,3,1,3,0,0,40,0
28,6,3,3,3,0,0,48,0
46,2,1,1,2,0,0,38,0
27,2,1,2,2,0,0,40,0
30,6,0,1,2,0,0,45,0
38,3,1,1,2,1151,0,40,0
36,2,3,0,3,2829,0,40,0
18,1,0,0,1,0,0,35,0
22,0,0,2,1,0,0,40,0
27,1,1,1,5,0,0,50,0
35,4,3,1,3,0,0,35,0
29,4,3,0,3,5013,0,40,0
24,0,3,2,3,0,0,39,0
22,3,0,1,1,0,0,45,0
24,3,3,3,4,0,0,40,0
48,0,3,0,3,0,0,40,0
43,1,3,0,3,4064,0,38,0
57,0,3,1,3,0,0,40,0
27,1,1,1,5,0,0,50,0
47,0,1,2,5,0,0,35,0
19,0,0,1,2,0,0,40,0
28,0,3,0,3,0,0,45,0
30,0,0,2,1,0,0,40,0
29,0,0,0,1,0,0,40,0
38,0,0,0,1,0,0,40,0
31,0,0,0,0,0,0,50,0
19,0,0,2,0,0,1721,40,0
32,0,0,1,2,2977,0,35,0
26,1,0,2,0,0,0,40,0
30,0,3,3,5,0,0,40,0
18,0,0,0,1,0,0,35,0
28,3,0,3,1,2174,0,40,0
31,0,0,3,2,0,0,40,0
22,1,0,0,1,0,0,40,0
23,0,3,0,3,0,0,40,0
24,0,0,0,2,0,0,40,0
41,3,4,1,1,0,0,40,0
38,0,1,1,1,0,0,45,0
30,2,0,0,1,0,0,40,0
52,0,1,0,2,0,0,40,0
31,1,1,1,2,0,0,40,0
30,0,0,0,0,0,0,40,0
38,1,3,0,3,0,0,36,0
27,1,0,0,1,0,0,38,0
43,0,3,1,3,0,0,40,0
44,1,3,2,4,0,0,50,0
19,1,0,1,0,0,0,40,0
24,1,3,3,3,0,0,40,0
31,1,0,0,1,0,0,50,0
46,2,2,0,2,0,0,40,0
62,0,1,3,2,0,0,40,0
42,3,3,3,3,0,0,45,0
21,1,0,0,0,0,0,40,0
25,4,1,0,1,0,0,40,0
31,1,3,2,3,0,0,40,0
41,1,0,1,2,0,0,40,0
30,1,3,0,3,0,0,40,0
58,3,3,4,3,0,0,35,0
23,1,0,0,0,0,0,40,0
27,0,1,1,0,0,0,40,0
56,1,3,3,3,0,0,45,0
22,3,0,3,1,0,0,40,0
38,1,3,2,3,0,0,40,0
51,0,0,2,1,0,0,40,0
37,3,0,1,0,0,0,40,0
23,0,0,0,0,0,0,37,0
29,1,3,3,3,0,0,48,0
34,0,3,0,3,0,0,40,0
43,1,1,3,1,0,0,40,0
26,1,0,2,1,0,0,40,0
31,0,0,2,1,0,0,38,0
32,1,3,2,3,0,0,50,0
20,0,0,1,1,0,0,40,0
19,1,0,2,0,0,0,35,0
35,0,0,0,2,0,0,40,0
32,1,0,1,0,0,0,40,0
48,1,3,3,3,0,0,49,0
24,3,0,3,1,0,0,40,0
43,3,1,3,2,0,0,40,0
48,1,1,0,2,1506,0,40,0
37,1,3,0,3,0,0,50,0
27,3,3,2,4,0,0,48,0
19,0,0,2,1,0,0,50,0
45,0,0,0,0,0,0,40,0
30,3,1,3,2,0,0,40,0
24,0,0,3,0,0,0,40,0
32,4,3,0,3,0,0,50,0
46,0,3,2,3,5013,0,50,0
37,0,1,1,2,0,0,40,0
32,1,0,1,1,0,0,50,0
46,4,3,0,3,0,0,45,0
42,2,1,3,1,0,0,40,0
39,0,4,1,0,0,0,40,0
34,3,0,3,0,0,0,40,0
53,1,3,1,3,0,0,40,0
48,0,3,0,3,0,0,45,0
44,0,3,0,3,0,0,40,0
39,1,1,3,2,0,625,40,0
47,1,3,0,3,0,0,40,0
60,5,1,2,1,0,0,40,0
26,2,0,1,0,0,0,40,0
23,1,3,0,3,0,0,38,0
48,5,0,4,1,0,0,50,0
22,0,0,1,1,0,0,45,0
44,2,0,1,1,0,0,40,0
40,3,1,3,1,0,0,40,0
30,3,0,1,5,0,0,40,0
62,1,1,1,1,0,1974,40,0
35,0,3,0,3,0,0,40,0
30,1,0,3,1,0,0,40,0
31,0,3,0,3,0,0,40,0
35,0,0,2,1,0,0,40,0
43,0,3,1,3,3908,0,40,0
35,4,0,0,1,0,0,40,0
30,5,0,0,0,0,0,40,0
57,0,1,1,1,0,0,35,0
25,3,0,1,0,0,0,40,0
18,1,0,0,0,0,1602,35,0
48,1,3,0,3,0,0,40,0
18,4,0,1,0,0,0,35,0
32,0,0,2,2,0,0,40,0
50,0,4,1,2,0,0,40,0
29,2,1,3,1,0,0,40,0
27,4,3,1,3,0,0,40,0
41,0,4,1,1,0,0,40,0
46,0,3,0,3,0,0,40,0
53,6,1,1,1,0,0,40,0
23,1,0,4,1,0,0,50,0
28,3,0,2,1,0,0,40,0
33,4,3,0,3,0,0,40,0
27,0,0,0,0,0,0,40,0
28,3,0,1,0,0,0,40,0
27,3,0,1,1,0,0,40,0
31,4,3,0,3,0,0,40,0
37,0,3,0,3,0,0,35,0
43,5,3,4,3,4508,0,40,0
30,6,0,3,1,0,0,40,0
28,4,1,2,2,0,0,40,0
19,0,0,0,1,0,0,40,0
21,1,0,1,0,0,0,40,0
39,0,1,0,2,0,0,40,0
23,3,0,3,0,0,0,40,0
43,3,0,2,0,0,0,40,0
25,0,0,0,5,0,0,40,0
30,3,0,1,0,0,0,40,0
47,0,1,0,1,0,0,40,0
23,1,0,3,0,0,0,40,0
23,0,3,1,4,3908,0,40,0
35,0,1,0,2,0,0,40,0
29,0,0,0,0,0,0,37,0
27,3,0,1,0,0,0,40,0
44,0,3,0,3,0,0,45,0
29,0,3,0,3,0,0,48,0
40,3,0,3,1,0,0,50,0
62,5,3,2,3,0,0,40,0
56,1,3,1,3,5013,0,46,0
47,3,1,3,1,0,0,40,0
26,1,3,1,4,0,0,40,0
31,0,0,0,5,0,0,50,0
30,1,3,0,3,0,0,40,0
53,1,1,1,1,0,0,43,0
65,1,3,3,4,0,0,45,0
24,1,3,1,4,0,0,40,0
48,0,3,2,3,0,0,40,0
63,5,4,0,2,0,0,44,0
29,6,0,3,1,0,0,42,0
31,0,0,1,1,0,0,37,0
48,5,3,0,3,0,0,40,0
26,3,0,3,1,0,0,45,0
23,2,0,1,0,0,0,40,0
50,0,1,0,1,0,1980,38,0
29,2,0,1,1,0,0,45,0
32,5,3,0,3,0,0,35,0
35,0,0,0,1,0,0,50,0
36,1,3,1,3,0,0,40,0
52,0,3,1,3,0,0,40,0
28,0,3,0,3,0,0,40,0
62,0,4,1,1,0,0,42,0
31,0,1,0,5,0,0,40,0
50,0,3,0,3,0,0,40,0
21,1,0,1,1,0,0,40,0
34,1,3,3,3,0,0,40,0
45,0,1,1,2,0,0,40,0
38,5,3,0,3,0,0,40,0
40,0,3,2,3,0,0,40,0
52,5,3,0,3,0,0,40,0
48,0,4,1,2,0,0,40,0
32,0,3,0,3,0,1672,40,0
25,0,0,0,5,0,0,40,0
59,0,0,3,2,0,625,38,0
67,4,3,0,3,0,0,40,0
22,0,0,0,1,0,0,46,0
36,3,3,3,3,0,0,40,0
43,0,0,0,1,0,0,40,0
34,3,0,1,2,0,0,41,0
46,6,1,3,2,6497,0,50,0
46,1,3,2,4,5013,0,40,0
23,0,0,0,0,0,0,40,0
39,2,1,0,1,0,0,40,0
32,3,0,3,1,0,0,40,0
31,1,0,1,1,0,0,40,0
37,3,0,1,5,0,0,40,0
56,0,3,0,3,0,0,45,0
29,1,0,3,1,0,0,40,0
46,0,3,0,3,0,0,40,0
36,0,3,0,3,0,0,40,0
33,0,3,0,3,0,0,40,0
45,6,1,3,1,0,0,40,0
46,1,2,0,1,0,0,40,0
53,0,3,0,3,0,0,40,0
59,1,1,2,1,0,0,40,0
45,0,1,2,2,0,0,35,0
63,2,3,2,3,0,0,45,0
21,1,0,1,0,0,0,40,0
23,3,3,3,4,0,0,40,0
26,0,0,1,1,0,0,50,0
30,2,1,3,1,0,0,40,0
25,3,0,3,0,4650,0,45,0
28,4,0,0,2,0,0,40,0
33,0,1,1,1,0,0,40,0
34,1,3,0,3,0,0,40,0
58,0,3,0,3,0,0,40,0
45,1,1,1,2,0,0,45,0
39,1,3,0,3,0,0,50,0
43,1,3,3,3,0,0,40,0
47,4,1,0,1,0,0,40,0
34,0,1,3,2,0,0,40,0
19,0,0,1,0,0,0,40,0
22,0,0,0,0,0,0,40,0
34,0,3,1,3,0,0,45,0
31,0,1,1,1,0,0,45,0
33,3,0,1,1,0,0,40,0
63,0,3,2,3,0,0,40,0
48,3,3,3,3,0,0,40,0
45,4,2,0,2,0,0,40,0
47,0,0,4,2,0,0,46,0
27,1,3,1,3,2829,0,40,0
31,4,1,4,1,0,0,50,0
72,6,3,3,3,0,0,35,0
44,2,1,1,1,0,0,35,0
24,3,0,4,0,0,0,40,0
34,3,0,2,1,0,0,35,0
41,0,0,2,0,0,0,40,0
43,1,3,0,3,0,1485,50,0
40,0,0,4,1,0,0,40,0
24,0,0,1,1,0,0,40,0
37,1,0,3,1,0,0,50,0
58,0,1,1,2,0,0,40,0
35,1,3,1,3,0,0,40,0
26,0,1,0,1,0,0,40,0
44,0,4,0,1,0,0,40,0
45,0,0,0,5,0,0,40,0
26,0,3,0,3,0,0,40,0
46,3,1,1,1,0,0,40,0
35,4,0,0,1,0,0,40,0
49,3,3,3,3,0,0,40,0
24,0,0,1,0,0,0,40,0
72,1,3,2,3,0,0,40,0
51,4,3,0,3,0,0,40,0
35,3,0,3,1,0,0,40,0
33,3,3,3,3,0,0,51,0
40,0,1,1,0,0,0,40,0
21,0,0,0,1,0,0,40,0
27,3,3,3,3,0,0,40,0
27,2,0,0,2,0,0,40,0
33,1,0,2,1,0,0,40,0
22,4,2,2,5,0,0,35,0
45,3,1,3,1,0,0,40,0
23,3,0,3,0,594,0,40,0
24,1,0,1,1,0,0,35,0
22,0,0,1,0,0,0,40,0
30,2,1,0,1,0,0,50,0
43,1,1,0,2,0,0,40,0
19,1,0,2,0,0,1721,35,0
31,1,3,2,3,3464,0,45,0
21,0,0,2,0,0,0,40,0
31,2,3,3,4,0,0,43,0
39,3,1,3,2,0,0,40,0
33,0,1,3,2,0,0,40,0
52,0,4,1,2,0,0,35,0
25,0,2,0,1,0,0,40,0
26,3,0,1,0,0,0,40,0
37,3,0,3,1,0,0,40,0
41,2,1,1,1,0,0,40,0
21,1,0,2,0,0,0,48,0
44,0,3,3,3,0,0,40,0
24,5,0,1,1,0,0,40,0
26,3,0,2,1,0,0,38,0
41,1,3,1,3,0,0,40,0
26,1,0,0,5,0,0,44,0
34,4,3,0,3,0,0,50,0
35,1,3,0,3,0,0,40,0
28,3,0,3,1,2174,0,50,0
28,0,1,2,0,0,0,40,0
21,1,0,0,0,0,0,35,0
27,1,3,2,3,0,0,40,0
23,5,0,0,0,0,0,40,0
32,3,0,1,1,0,1590,40,0
55,0,3,2,3,0,0,40,0
45,4,3,0,3,0,0,40,0
46,0,3,0,3,0,1579,40,0
21,2,0,2,0,0,0,36,0
20,1,3,2,3,0,0,40,0
30,1,3,0,3,0,0,40,0
29,0,3,0,3,0,0,40,0
38,0,3,0,4,0,0,40,0
41,2,3,3,3,0,0,40,0
44,3,3,3,3,0,0,45,0
19,1,0,2,5,0,0,40,0
31,3,0,3,1,0,0,40,0
45,0,1,2,1,0,0,35,0
35,3,3,2,3,0,0,40,0
29,1,0,2,1,0,0,40,0
23,4,0,0,1,0,0,40,0
31,0,0,0,1,0,0,45,0
28,1,3,1,3,0,0,40,0
25,3,0,1,1,0,0,40,0
20,1,0,1,0,0,0,44,0
25,3,0,3,0,0,0,40,0
22,0,0,1,5,0,0,40,0
20,1,0,3,0,0,0,40,0
40,5,3,2,3,4064,0,40,0
43,0,3,0,3,0,0,44,0
37,1,1,1,1,0,0,40,0
39,0,1,2,1,0,0,40,0
24,4,0,0,2,0,0,40,0
42,1,0,1,0,0,0,40,0
30,1,1,0,1,0,0,35,0
26,6,0,3,1,2174,0,40,0
26,1,0,0,1,0,0,40,0
26,4,1,0,5,2907,0,50,0
59,0,3,1,4,0,0,40,0
58,0,3,0,3,0,0,40,0
29,0,3,0,3,0,0,40,0
57,1,3,2,3,0,0,50,0
38,3,3,3,3,0,0,38,0
52,0,3,0,3,0,0,40,0
48,1,4,1,1,0,0,40,0
36,0,3,0,3,0,0,52,0
34,2,3,0,3,0,0,44,0
30,0,1,0,1,0,0,40,0
24,1,0,0,0,0,0,42,0
32,4,1,1,1,0,1762,45,0
38,1,1,3,1,0,0,40,0
34,4,1,0,1,0,0,40,0
33,4,1,0,1,0,2258,42,0
28,4,0,0,2,0,0,40,0
43,1,3,3,3,0,0,40,0
40,1,3,4,3,0,0,40,0
37,0,1,0,5,0,0,40,0
61,5,3,0,3,0,0,40,0
71,4,3,2,3,0,0,39,0
55,0,1,0,1,0,0,40,0
38,1,1,1,2,0,0,40,0
39,6,1,3,0,1506,0,40,0
56,1,3,2,3,0,0,40,0
28,2,0,1,1,0,0,38,0
44,0,3,0,3,0,0,45,0
36,0,3,3,3,0,0,48,0
31,3,0,1,1,0,0,42,0
44,3,2,1,2,0,0,40,0
50,4,1,0,1,0,0,45,0
28,0,1,0,1,0,0,45,0
21,2,0,1,1,0,0,35,0
51,0,3,0,3,0,0,40,0
48,4,1,2,1,0,0,40,0
29,0,3,0,3,0,0,40,0
31,3,3,1,3,3908,0,50,0
34,0,3,0,3,0,0,45,0
50,0,1,1,1,0,0,40,0
34,0,3,1,3,0,0,40,0
33,1,0,1,1,0,0,40,0
46,6,0,3,1,0,0,40,0
36,1,3,2,3,0,0,40,0
22,3,0,3,1,0,0,40,0
60,6,1,3,5,0,0,40,0
35,3,0,1,1,4101,0,40,0
32,6,3,3,3,0,0,50,0
38,0,3,0,3,0,0,45,0
45,3,1,3,1,0,0,45,0
46,6,1,3,2,0,0,40,0
37,0,3,0,3,0,0,40,0
51,0,1,1,1,0,0,45,0
34,0,0,1,1,0,0,50,0
47,0,3,2,3,0,0,40,0
36,3,3,3,3,0,0,45,0
40,4,3,0,3,0,0,40,0
50,1,1,0,1,0,0,40,0
68,2,1,3,1,0,0,43,0
20,0,0,1,1,0,0,40,0
40,3,1,3,2,0,0,40,0
33,1,1,0,2,0,0,50,0
40,1,3,2,3,0,0,40,0
33,0,3,0,3,0,0,40,0
50,1,2,1,2,0,0,40,0
53,1,0,3,1,0,0,40,0
29,0,0,0,0,0,0,40,0
25,3,0,3,1,4101,0,35,0
32,1,0,1,0,0,0,40,0
55,0,1,2,2,0,0,38,0
35,1,1,1,1,0,0,35,0
44,3,0,3,1,0,0,40,0
30,4,0,0,2,0,0,40,0
39,4,3,2,3,0,0,40,0
21,1,0,0,1,0,0,44,0
23,0,0,0,1,0,0,40,0
28,1,0,1,5,0,0,40,0
38,0,1,0,1,0,0,40,0
31,4,3,2,4,0,0,40,0
39,0,1,3,5,0,0,40,0
21,1,0,1,0,0,0,40,0
61,0,0,1,0,0,0,40,0
23,1,0,2,0,0,0,40,0
36,0,3,0,3,0,0,50,0
39,2,0,0,1,0,0,40,0
28,4,1,0,1,0,0,40,0
22,1,0,1,0,0,0,40,0
36,1,3,0,3,0,0,40,0
43,1,1,2,2,0,0,40,0
29,0,3,0,3,0,0,40,0
47,0,0,4,1,0,0,40,0
25,1,3,0,3,0,0,40,0
24,1,0,1,1,0,0,40,0
43,2,1,1,2,0,0,45,0
42,0,3,0,3,0,0,40,0
47,0,3,0,3,0,0,40,0
36,0,3,0,3,0,0,50,0
29,2,0,1,0,0,0,40,0
49,0,1,3,2,0,0,40,0
40,0,1,1,2,0,0,40,0
47,3,1,3,1,0,0,50,0
29,1,0,1,0,0,0,40,0
30,0,1,0,1,0,0,40,0
28,1,3,3,3,0,0,40,0
24,2,0,1,2,0,0,50,0
36,3,1,1,1,0,0,40,0
42,0,3,1,3,0,0,40,0
31,0,0,0,0,0,0,40,0
53,0,1,0,1,0,0,40,0
24,1,0,1,1,0,0,37,0
24,1,0,1,1,0,0,40,0
53,0,1,1,1,2597,0,40,0
21,1,0,1,1,0,0,50,0
33,2,1,0,2,0,0,40,0
39,0,3,0,3,0,0,40,0
28,0,0,4,2,0,0,35,0
27,1,0,3,0,0,0,40,0
45,0,3,0,4,0,1740,40,0
55,4,3,0,3,0,0,40,0
24,3,0,3,1,0,0,50,0
28,5,3,0,5,0,0,48,0
30,0,3,0,3,0,0,40,0
34,2,0,0,1,0,0,40,0
25,2,0,1,1,0,0,42,0
43,1,3,2,3,0,0,48,0
26,0,0,0,5,0,0,40,0
33,2,2,3,0,0,0,40,0
32,2,3,3,3,0,2002,42,0
26,0,0,0,1,0,0,40,0
46,1,1,1,1,0,0,40,0
45,4,3,1,3,0,0,40,0
19,0,0,0,0,0,0,40,0
31,0,3,1,3,0,0,40,0
21,4,0,4,2,0,0,40,0
33,3,0,1,1,0,0,40,0
48,1,3,3,3,0,0,40,0
20,5,0,0,0,0,0,40,0
52,1,3,1,3,0,0,40,0
39,1,3,1,3,0,0,48,0
58,0,0,3,1,0,0,43,0
23,1,0,0,1,0,0,40,0
76,5,3,2,3,0,0,45,0
45,3,1,3,1,0,0,45,0
30,2,3,0,3,0,0,40,0
63,0,4,2,5,0,0,40,0
32,2,3,2,3,0,0,50,0
26,0,3,0,3,0,0,40,0
30,0,0,0,0,0,0,40,0
50,6,3,1,3,0,0,40,0
26,0,0,2,2,0,0,44,0
35,0,1,2,2,0,0,40,0
43,6,1,3,1,0,0,50,0
27,1,3,0,3,0,1651,40,0
33,0,0,2,2,1831,0,40,0
48,5,3,1,3,0,0,52,0
34,1,0,2,1,0,0,40,0
27,2,0,3,1,0,0,35,0
28,3,0,1,5,0,0,45,0
26,3,0,3,0,2463,0,35,0
26,0,0,1,1,0,0,40,0
31,2,3,3,4,0,0,43,0
55,4,4,0,2,0,0,40,0
42,0,1,2,5,0,0,35,0
34,1,0,3,1,0,1590,40,0
39,0,1,1,2,0,0,40,0
38,6,0,3,1,0,0,50,0
34,3,0,1,1,0,0,35,0
35,4,1,0,1,0,0,50,0
36,1,1,1,2,0,0,38,0
38,2,0,3,1,0,0,35,0
38,4,1,0,1,0,0,40,0
51,6,1,3,1,0,0,40,0
24,3,0,3,1,0,0,40,0
29,0,1,0,2,0,0,40,0
42,3,1,1,1,0,1590,40,0
29,0,1,1,1,0,0,45,0
25,1,0,2,0,0,0,40,0
25,3,0,1,1,0,0,45,0
30,1,0,0,1,0,0,45,0
43,1,1,1,1,0,0,48,0
36,0,1,0,1,0,0,40,0
28,1,0,1,1,0,0,40,0
23,2,0,2,0,0,0,35,0
25,0,0,2,2,0,0,34,0
34,4,3,4,3,0,0,40,0
34,0,1,0,2,0,0,40,0
23,0,0,0,0,0,0,40,0
23,3,0,1,0,0,0,40,0
60,5,3,0,3,0,0,40,0
39,0,1,2,1,0,0,40,0
46,0,3,0,3,0,0,35,0
37,0,1,0,2,0,0,48,0
46,0,3,4,3,0,1672,50,0
64,0,1,0,2,0,0,40,0
56,1,1,1,1,0,0,35,0
23,0,0,0,0,0,0,40,0
37,0,0,0,2,0,0,40,0
60,1,3,1,3,0,0,40,0
47,0,3,0,4,0,0,40,0
34,0,0,2,0,0,0,40,0
28,2,3,0,3,0,0,45,0
54,1,3,1,3,3137,0,50,0
34,2,0,1,2,0,0,50,0
19,1,0,1,2,0,0,40,0
44,1,3,3,3,0,0,40,0
53,0,3,3,3,0,0,45,0
29,3,0,3,1,0,0,40,0
20,0,0,2,1,0,1719,33,0
33,0,1,0,2,0,0,40,0
45,4,3,1,3,0,0,40,0
30,3,0,3,1,0,0,40,0
45,0,3,0,3,0,0,40,0
27,1,3,1,3,0,0,40,0
39,1,0,1,1,0,0,40,0
50,5,3,0,3,0,0,40,0
50,1,4,1,2,0,0,35,0
39,3,0,3,1,0,1974,40,0
36,4,3,0,3,0,0,40,0
25,3,3,3,4,0,0,40,0
28,6,3,3,4,0,0,40,0
25,0,1,0,0,0,0,35,0
23,4,0,0,1,0,0,40,0
21,0,3,0,3,0,0,40,0
54,0,1,2,1,0,0,40,0
20,0,0,0,1,0,0,40,0
19,0,0,1,1,0,0,40,0
37,3,1,3,1,0,0,35,0
31,6,0,3,1,0,0,46,0
55,0,4,1,1,0,0,40,0
57,0,0,1,5,0,0,40,0
46,0,1,3,1,0,0,44,0
34,0,0,1,0,0,0,50,0
61,1,3,1,3,0,0,40,0
31,3,0,2,1,4650,0,40,0
23,0,0,3,1,0,0,45,0
19,0,0,0,0,0,0,50,0
30,0,0,1,1,0,0,40,0
28,3,0,0,0,0,0,40,0
38,2,1,3,2,0,0,35,0
33,1,3,2,3,0,0,40,0
22,3,0,3,0,0,0,40,0
46,3,1,3,2,0,0,45,0
53,0,3,0,3,0,0,40,0
26,0,0,0,1,0,0,45,0
29,2,3,3,3,0,0,40,0
23,2,3,2,3,0,0,40,0
36,1,0,2,2,0,0,50,0
32,2,0,1,1,2174,0,40,0
19,1,0,3,0,0,0,40,0
30,1,3,0,3,0,0,50,0
39,0,3,0,3,0,0,40,0
36,0,0,1,1,0,0,47,0
35,0,1,3,2,0,0,50,0
26,1,0,0,0,0,0,35,0
32,4,3,0,5,0,0,40,0
47,0,3,2,4,0,0,38,0
34,2,3,0,3,0,0,45,0
29,0,0,1,2,0,1138,40,0
51,4,1,0,2,0,0,40,0
30,0,3,1,0,0,0,38,0
49,2,1,3,2,0,0,40,0
30,0,0,1,0,0,0,40,0
28,2,3,0,3,0,0,42,0
32,3,3,1,3,0,0,44,0
27,4,0,2,0,0,0,40,0
60,4,3,0,3,0,0,40,0
37,0,0,0,0,0,0,40,0
29,0,3,4,3,0,0,40,0
45,0,3,4,3,0,0,40,0
41,0,1,3,1,0,0,50,0
47,2,3,0,3,0,0,40,0
34,2,1,1,2,0,0,40,0
31,2,0,3,1,0,0,40,0
29,3,0,3,1,0,0,40,0
26,3,1,1,1,0,0,40,0
34,1,3,3,3,0,0,38,0
42,0,3,3,3,0,0,40,0
25,1,3,0,3,0,0,40,0
36,3,3,3,3,0,0,45,0
38,0,3,0,3,0,2051,40,0
70,3,1,1,1,0,0,40,0
22,0,0,2,1,0,0,35,0
25,0,3,0,3,0,0,40,0
39,0,3,0,3,0,0,40,0
36,1,0,3,2,0,0,48,0
24,0,0,3,0,0,0,40,0
31,1,3,3,3,0,0,40,0
63,1,4,2,1,0,0,40,0
33,0,3,3,3,0,0,40,0
32,0,1,0,2,0,0,35,0
20,0,0,0,0,0,0,45,0
25,0,0,1,5,0,0,40,0
19,1,0,2,0,0,0,35,0
48,1,3,4,3,0,1485,50,0
30,4,3,0,3,0,0,40,0
36,1,3,0,3,0,0,50,0
40,1,0,0,1,0,0,40,0
19,0,0,2,0,0,0,35,0
73,0,4,2,1,0,0,37,0
51,0,3,1,4,3411,0,38,0
45,2,3,0,3,0,0,40,0
45,0,3,0,3,0,0,48,0
31,6,1,3,1,0,0,40,0
29,0,1,2,1,0,0,40,0
42,0,1,0,2,0,0,45,0
26,4,0,0,0,0,0,40,0
53,1,3,0,3,0,0,40,0
24,1,2,1,0,0,0,45,0
25,3,0,3,1,0,0,40,0
35,3,0,3,1,0,0,40,0
46,1,0,0,1,0,0,52,0
35,2,1,1,1,0,0,40,0
41,0,1,3,0,0,0,45,0
51,1,0,3,1,0,0,40,0
31,1,3,2,3,0,0,50,0
35,1,3,0,3,0,1579,40,0
34,0,1,0,1,2463,0,40,0
46,2,3,1,3,0,0,40,0
69,0,3,1,3,0,0,48,0
44,2,0,2,1,0,0,40,0
32,0,3,0,3,0,0,48,0
29,1,0,1,1,0,0,52,0
54,6,3,1,3,0,0,40,0
49,1,1,1,1,0,0,40,0
20,1,0,0,0,0,0,40,0
22,3,0,1,0,0,0,50,0
36,3,3,3,3,0,0,40,0
26,1,3,1,3,0,0,40,0
46,3,0,2,1,0,0,40,0
31,2,0,1,1,0,0,40,0
30,1,0,1,5,0,0,40,0
27,0,0,0,0,0,0,40,0
26,0,3,0,3,0,0,45,0
28,0,3,1,3,0,0,40,0
38,3,2,3,1,0,0,40,0
53,4,3,4,3,0,0,35,0
30,3,0,1,1,0,0,40,0
30,0,1,0,1,0,0,40,0
24,0,0,0,0,0,0,40,0
38,0,3,0,3,3411,0,40,0
17,4,0,0,0,0,0,35,0
50,0,1,4,1,0,0,40,0
39,1,0,0,2,0,0,48,0
21,0,0,0,2,0,0,50,0
30,0,1,0,5,0,0,40,0
38,0,3,1,3,0,0,42,0
24,1,0,1,5,0,0,40,0
47,0,3,1,3,0,0,50,0
37,1,1,1,2,0,0,40,0
36,4,0,0,1,0,0,34,0
23,3,0,3,0,0,0,40,0
21,1,0,2,0,0,0,35,0
65,0,0,0,5,0,0,40,0
57,1,1,2,1,0,0,38,0
52,0,2,1,1,0,0,50,0
26,0,0,1,1,0,0,50,0
31,4,0,2,0,0,0,40,0
45,1,0,4,5,0,0,50,0
25,3,0,3,1,0,0,40,0
39,2,1,1,2,0,0,40,0
38,1,1,1,2,0,0,40,0
28,4,1,1,0,0,0,40,0
47,0,1,0,1,0,1590,40,0
21,0,0,2,0,0,0,40,0
46,0,3,2,3,0,0,40,0
23,1,0,1,0,0,0,40,0
36,0,1,0,1,0,0,40,0
49,1,3,1,3,0,0,40,0
38,3,3,2,3,0,0,40,0
34,4,3,0,3,0,0,40,0
23,3,0,3,1,0,0,40,0
32,1,0,3,1,0,0,40,0
39,0,1,3,1,0,0,38,0
21,1,0,2,1,0,0,37,0
32,3,3,0,3,0,0,40,0
32,2,0,2,1,0,0,40,0
35,1,0,3,1,0,0,50,0
35,0,1,0,2,0,0,40,0
48,5,2,0,2,0,0,40,0
27,2,3,0,0,0,0,40,0
41,2,1,3,2,0,0,40,0
33,1,0,2,1,0,0,40,0
37,1,3,3,3,0,0,40,0
22,1,0,1,0,0,0,40,0
38,4,1,1,1,0,0,40,0
39,0,3,1,3,0,1628,40,0
39,0,3,1,3,0,0,40,0
26,0,3,0,3,0,0,50,0
20,1,0,2,0,0,0,45,0
32,2,1,1,2,0,0,40,0
24,3,3,2,3,0,0,33,0
55,3,1,1,1,0,0,50,0
53,0,1,0,1,0,0,40,0
60,4,1,4,1,0,0,40,0
41,1,1,1,2,0,0,40,0
22,4,2,2,5,0,0,35,0
22,0,0,3,1,0,0,40,0
22,1,0,2,1,0,0,40,0
44,1,3,3,3,3411,0,40,0
31,0,3,0,4,0,0,40,0
61,1,1,1,1,0,0,40,0
35,0,3,0,3,0,0,42,0
25,2,0,3,1,0,0,40,0
31,0,0,1,0,0,0,35,0
21,0,0,2,5,0,0,33,0
35,6,3,3,3,0,0,40,0
33,0,0,0,1,0,0,40,0
43,0,3,2,4,0,0,35,0
33,0,3,0,3,0,0,45,0
28,4,1,1,1,0,0,40,0
21,1,0,3,0,0,0,40,0
19,0,0,1,1,0,0,45,0
32,2,0,0,1,0,0,44,0
33,5,3,0,3,0,0,40,0
36,3,0,1,1,0,0,40,0
42,0,3,0,3,0,0,40,0
46,6,1,3,1,0,0,45,0
40,1,0,0,1,0,0,35,0
33,2,0,0,2,0,0,40,0
35,2,3,0,4,0,0,44,0
41,0,3,4,3,0,0,50,0
37,2,1,1,1,0,1504,40,0
60,5,1,0,2,0,0,40,0
22,5,0,2,5,0,0,40,0
57,1,1,1,0,0,0,40,0
56,2,2,1,1,0,0,46,0
36,3,1,3,2,0,0,40,0
24,0,0,5,0,0,0,40,0
73,0,3,4,3,0,0,45,0
26,0,0,0,0,0,0,40,0
25,1,3,0,3,0,0,40,0
42,6,0,3,1,0,0,45,0
28,4,0,0,0,0,0,50,0
44,3,1,3,2,0,0,35,0
54,2,3,1,3,0,0,45,0
20,1,0,0,0,0,0,35,0
28,5,3,0,5,0,0,48,0
44,2,0,3,1,0,0,40,0
24,0,3,1,4,0,0,40,0
56,0,1,2,2,0,0,40,0
49,2,1,1,2,0,0,40,0
37,0,3,0,3,0,0,40,0
52,1,3,0,3,0,0,40,0
34,1,3,0,3,0,2057,35,0
49,2,1,1,2,0,0,35,0
33,3,1,3,1,0,0,40,0
22,1,0,1,0,0,0,40,0
61,3,3,3,3,0,0,40,0
51,4,3,0,3,0,0,40,0
23,3,0,3,0,0,0,40,0
24,2,3,0,3,0,0,40,0
54,0,1,2,1,0,0,40,0
24,1,3,3,3,0,0,40,0
33,1,1,2,1,0,0,50,0
46,2,3,0,3,0,0,45,0
25,4,3,0,3,0,0,40,0
39,1,1,3,2,0,0,37,0
58,3,3,1,3,0,0,40,0
19,1,0,0,0,0,0,40,0
55,2,1,1,1,0,0,40,0
27,3,3,1,3,0,0,50,0
55,3,3,3,3,0,1579,35,0
28,3,0,1,1,0,0,40,0
31,0,1,1,2,0,0,50,0
43,2,1,3,2,0,0,36,0
29,0,3,0,3,0,0,45,0
26,1,0,2,0,0,0,50,0
34,5,3,2,4,0,0,40,0
28,4,1,3,1,0,0,40,0
23,3,0,3,1,0,0,40,0
31,2,0,2,0,0,0,40,0
45,0,3,1,3,0,0,40,0
25,5,0,0,5,0,0,40,0
46,5,3,0,3,0,0,40,0
30,2,0,3,1,0,0,40,0
47,0,3,2,3,0,0,40,0
45,3,3,1,3,0,0,50,0
20,1,0,1,0,0,0,35,0
42,1,1,3,2,0,0,45,0
59,0,1,1,2,0,0,38,0
39,3,0,3,1,0,0,40,0
43,3,0,1,0,0,0,40,0
24,3,0,1,1,0,0,45,0
25,0,0,0,0,0,0,40,0
59,4,3,0,3,0,0,40,0
34,3,3,3,3,0,0,40,0
45,2,0,3,1,0,0,40,0
23,4,0,0,0,0,0,40,0
57,0,4,0,1,0,0,38,0
38,1,0,2,1,0,0,50,0
34,0,1,0,1,0,0,40,0
28,3,0,3,1,2174,0,40,0
31,0,0,1,1,0,0,40,0
29,0,1,0,2,0,0,40,0
46,6,0,3,1,0,0,38,0
25,1,3,1,3,0,0,45,0
44,0,3,0,3,0,0,40,0
55,0,1,1,1,0,0,40,0
64,4,3,1,3,0,0,40,0
41,0,3,0,3,0,0,50,0
35,1,1,1,2,0,0,40,0
25,0,0,2,1,0,0,50,0
40,3,1,1,1,0,0,40,0
41,5,2,0,2,0,1719,40,0
36,1,0,1,2,0,0,40,0
45,0,3,0,3,0,0,50,0
20,0,0,1,0,0,0,40,0
27,3,0,1,1,0,0,50,0
38,0,3,0,3,0,2042,40,0
39,4,1,0,1,0,0,40,0
24,1,0,1,1,0,0,40,0
36,4,0,0,0,0,0,40,0
27,3,0,0,0,0,0,40,0
42,2,1,1,1,0,0,40,0
23,0,0,0,0,0,0,40,0
35,1,3,0,3,0,0,40,0
47,3,0,3,1,0,0,50,0
27,0,0,1,1,0,0,40,0
47,0,1,1,2,0,0,40,0
57,1,1,0,1,0,0,40,0
26,2,0,1,1,0,0,40,0
18,0,0,0,5,0,0,40,0
52,0,3,2,3,0,0,40,0
59,1,4,2,1,0,0,40,0
19,4,0,1,2,0,0,40,0
20,0,0,0,0,0,0,40,0
30,1,3,2,4,0,0,40,0
42,3,0,3,0,4650,0,35,0
40,0,1,1,2,0,0,40,0
36,0,1,1,1,0,0,38,0
57,1,1,1,1,0,0,48,0
30,2,3,0,3,0,0,40,0
38,0,3,0,3,0,0,44,0
58,1,1,1,2,0,0,40,0
22,1,0,1,0,0,0,40,0
36,4,0,0,1,0,0,34,0
25,0,3,0,3,0,0,45,0
51,1,3,1,4,0,0,35,0
42,3,3,3,3,0,1485,40,0
44,0,0,2,2,0,0,40,0
33,3,0,3,1,0,1408,36,0
36,0,3,4,3,0,0,40,0
38,2,0,3,1,0,0,40,0
23,0,3,1,4,3908,0,40,0
27,1,3,1,4,0,1579,40,0
31,3,3,0,3,0,0,46,0
28,6,0,1,1,0,0,50,0
46,3,3,3,3,0,0,38,0
20,0,3,0,3,0,0,40,0
28,4,0,2,5,0,0,52,0
29,2,1,1,2,0,0,40,0
19,0,3,0,4,0,0,40,0
26,0,0,2,2,0,0,40,0
37,0,3,0,3,0,0,40,0
43,0,3,2,3,0,0,40,0
31,0,1,1,1,0,0,40,0
40,0,3,0,3,0,0,40,0
28,3,0,3,1,0,0,40,0
26,0,1,1,2,0,0,37,0
55,6,1,3,1,0,0,50,0
22,1,0,0,0,0,0,35,0
24,4,0,0,1,0,0,35,0
22,0,3,1,4,0,0,40,0
24,1,0,0,0,0,0,40,0
58,5,3,0,3,0,0,40,0
22,1,0,1,0,0,0,40,0
47,1,1,1,1,0,0,33,0
37,4,3,0,3,0,0,40,0
24,1,0,1,0,0,0,43,0
28,4,0,0,1,0,0,40,0
30,1,0,1,2,0,0,40,0
30,2,1,2,2,0,0,40,0
24,0,1,2,2,0,0,50,0
43,0,3,3,3,0,0,40,0
29,0,0,0,0,0,0,40,0
41,0,3,0,3,0,0,48,0
18,1,0,3,1,0,0,40,0
40,0,3,0,3,0,0,40,0
31,4,0,3,0,0,0,40,0
30,4,1,3,2,0,0,40,0
21,0,0,0,0,0,0,40,0
22,1,0,0,1,0,0,40,0
65,0,3,0,3,0,0,40,0
32,3,0,1,1,0,0,40,0
22,1,0,2,1,0,0,45,0
46,1,3,1,3,0,0,50,0
48,1,3,3,3,0,0,40,0
33,0,3,2,3,0,0,40,0
19,1,0,1,0,0,0,40,0
38,3,3,1,3,0,0,40,0
45,0,3,0,3,0,2179,45,0
58,0,1,1,1,0,0,40,0
68,0,4,0,1,3273,0,42,0
23,0,0,1,0,0,0,40,0
56,2,4,1,2,0,0,40,0
45,0,1,0,2,0,0,40,0
39,3,1,1,2,0,0,40,0
19,0,0,4,0,0,0,40,0
24,2,0,0,0,0,0,35,0
38,1,3,1,3,0,0,50,0
51,1,3,1,3,0,0,40,0
27,3,0,1,1,0,1340,40,0
46,6,4,2,2,0,0,40,0
26,0,3,0,3,0,0,40,0
20,0,0,0,2,0,0,45,0
21,3,0,0,1,0,0,40,0
25,1,0,2,1,0,0,40,0
34,1,0,3,1,0,0,40,0
28,2,0,1,0,0,0,40,0
24,1,0,0,0,0,0,40,0
28,5,0,0,1,0,0,45,0
35,2,3,2,3,0,0,40,0
90,5,3,0,3,0,0,40,0
23,4,0,0,5,0,0,39,0
55,0,3,2,4,2407,0,35,0
26,0,3,0,5,0,0,40,0
28,4,0,0,1,0,0,40,0
59,1,4,4,1,6849,0,40,0
51,0,0,2,1,0,0,40,0
25,0,0,2,2,0,0,50,0
37,0,3,1,3,0,0,50,0
34,3,0,3,0,0,0,40,0
41,0,3,3,3,0,0,50,0
60,0,4,2,2,0,0,40,0
36,0,3,1,3,0,0,40,0
41,0,1,0,1,0,0,40,0
31,2,3,0,3,0,0,40,0
49,1,1,1,1,0,0,40,0
33,0,0,2,0,0,0,48,0
32,0,1,2,0,0,0,37,0
21,4,0,2,0,0,0,40,0
35,0,3,0,3,0,0,40,0
26,1,1,1,2,0,0,35,0
36,3,0,1,2,0,0,40,0
55,4,3,0,3,0,0,50,0
49,0,3,0,3,0,0,46,0
35,0,3,1,3,0,0,40,0
41,1,3,1,3,0,0,40,0
72,5,3,4,3,0,0,50,0
47,3,0,1,0,0,0,40,0
24,0,0,1,2,0,0,40,0
26,1,0,1,1,0,0,37,0
38,0,1,0,2,0,0,35,0
20,0,0,0,0,0,0,40,0
49,1,1,2,1,0,0,40,0
27,0,3,0,3,0,0,40,0
64,0,3,1,3,0,0,50,0
24,3,0,3,0,0,0,35,0
38,1,1,1,2,0,0,40,0
34,0,1,0,2,0,0,45,0
46,0,1,0,1,0,0,48,0
39,3,1,3,1,0,0,50,0
30,0,3,1,3,0,0,40,0
19,4,0,2,1,0,0,40,0
24,1,0,1,0,0,0,40,0
21,4,0,2,1,0,0,35,0
41,5,3,0,3,0,0,40,0
52,1,1,1,1,0,0,37,0
49,1,1,1,2,0,0,40,0
61,0,3,0,3,0,0,50,0
29,1,0,0,0,0,0,45,0
45,5,3,0,3,0,0,40,0
19,1,0,1,5,0,0,40,0
60,0,1,2,1,0,1876,50,0
52,0,3,4,3,0,0,49,0
30,1,0,1,1,0,0,40,0
35,0,1,0,1,0,0,50,0
62,5,4,0,1,0,0,40,0
33,0,1,2,2,0,0,40,0
28,4,0,0,1,0,0,40,0
26,0,1,3,2,0,0,40,0
47,0,3,0,3,0,0,52,0
42,3,1,2,1,0,0,40,0
22,2,0,1,0,0,0,36,0
42,0,1,2,2,0,0,40,0
35,0,1,3,1,0,0,40,0
43,1,1,3,2,0,0,40,0
47,0,3,0,3,0,0,44,0
51,2,3,0,3,5013,0,40,0
22,4,3,0,3,0,0,40,0
46,3,0,2,1,0,0,40,0
44,5,1,0,1,0,0,48,0
31,3,0,1,0,0,0,40,0
31,0,3,0,3,0,0,45,0
31,0,1,0,0,0,0,50,0
57,1,3,2,3,0,0,50,0
29,1,3,3,3,0,0,48,0
77,6,4,3,2,0,0,40,0
55,0,3,2,3,0,0,40,0
61,3,0,3,0,0,0,40,0
39,0,0,0,1,0,0,40,0
32,5,0,2,1,0,0,40,0
21,0,0,2,1,0,0,40,0
42,0,4,0,2,0,0,40,0
38,0,0,4,1,0,0,52,0
22,3,0,1,0,0,0,50,0
20,0,0,2,0,0,0,40,0
35,0,0,3,1,0,0,45,0
20,1,0,0,1,0,0,50,0
59,3,2,3,1,0,0,40,0
26,1,0,0,0,0,0,35,0
46,2,3,0,3,0,0,45,0
21,1,3,1,4,0,0,40,0
28,0,0,0,1,0,0,40,0
37,2,3,2,3,0,0,40,0
23,3,0,1,1,0,0,45,0
32,1,1,3,2,0,0,40,0
37,1,3,0,3,0,0,40,0
58,0,2,2,2,0,0,40,0
50,2,3,1,3,0,0,40,0
45,0,3,3,3,0,0,50,0
22,0,0,2,0,0,2205,40,0
32,4,0,1,2,0,0,40,0
39,4,1,1,5,0,0,40,0
32,0,0,0,1,0,0,40,0
40,6,3,3,3,0,0,40,0
53,3,3,0,4,0,0,40,0
34,0,2,0,1,0,0,40,0
41,1,0,0,1,0,0,40,0
48,2,3,0,3,0,0,40,0
28,6,0,3,1,0,2339,40,0
38,0,3,4,3,0,0,43,0
23,3,0,3,1,0,0,38,0
29,0,0,0,1,0,0,45,0
22,2,0,0,0,0,0,40,0
51,4,1,0,0,0,0,40,0
29,4,2,2,1,0,0,40,0
23,4,0,3,1,0,0,40,0
48,1,1,0,1,0,0,40,0
34,5,0,0,0,0,0,40,0
44,4,1,0,1,0,0,40,0
19,0,3,0,3,0,0,40,0
20,1,0,2,0,0,0,33,0
20,0,3,0,3,0,0,40,0
42,1,3,0,3,0,0,40,0
29,3,0,3,1,0,0,40,0
42,4,3,4,3,0,0,40,0
43,3,3,3,3,0,0,40,0
51,0,1,0,2,0,0,40,0
49,2,1,1,1,0,0,50,0
59,3,1,3,1,0,0,40,0
25,0,3,0,3,0,0,40,0
33,2,1,1,2,0,0,40,0
25,3,0,2,1,2597,0,50,0
37,3,0,1,1,0,0,44,0
21,0,0,1,1,0,0,35,0
32,0,0,0,2,0,0,40,0
35,0,0,0,0,0,0,40,0
34,1,0,2,0,0,0,40,0
48,0,3,0,3,0,0,40,0
40,0,0,2,1,0,0,35,0
42,1,0,1,1,0,0,40,0
43,0,3,0,3,0,0,40,0
24,1,0,0,0,0,0,42,0
40,0,1,1,2,0,0,37,0
38,1,3,2,3,0,0,40,0
39,2,0,0,1,0,0,48,0
59,0,3,0,3,4508,0,40,0
56,0,1,1,1,0,0,46,0
30,2,3,0,3,0,0,40,0
42,1,0,3,1,0,0,40,0
50,5,1,0,1,0,0,40,0
41,1,1,1,0,2174,0,45,0
38,0,3,0,3,0,0,40,0
32,1,3,0,3,0,0,40,0
51,3,1,3,1,0,0,50,0
29,0,0,1,1,0,0,40,0
18,0,0,1,0,0,0,40,0
49,5,3,0,3,0,0,40,0
36,4,0,0,0,0,0,40,0
38,5,3,2,4,0,0,40,0
31,0,3,0,5,0,1902,40,0
48,5,3,2,3,0,0,40,0
44,0,3,0,4,0,0,45,0
23,3,3,3,3,0,0,40,0
30,2,2,1,1,0,0,40,0
60,0,1,1,1,0,0,38,0
35,0,3,4,3,0,0,35,0
43,0,1,0,2,0,0,40,0
37,3,3,1,3,0,0,40,0
25,0,0,1,0,4416,0,40,0
23,1,0,0,0,0,0,40,0
30,4,0,0,2,0,0,40,0
32,4,0,0,2,0,0,40,0
32,0,0,0,1,0,0,40,0
37,2,3,3,3,0,0,45,0
45,2,1,3,1,0,1590,40,0
26,2,0,2,1,0,0,40,0
36,3,0,3,1,0,0,35,0
55,0,4,2,2,0,0,35,0
63,4,3,0,3,0,0,40,0
28,3,0,3,1,0,0,52,0
32,1,0,1,1,0,0,50,0
35,3,1,3,1,0,0,50,0
27,0,0,0,1,0,0,35,0
28,0,0,2,1,0,0,40,0
49,3,3,1,3,0,0,50,0
27,3,0,1,1,0,0,50,0
47,3,3,0,3,0,0,40,0
29,6,0,3,1,0,0,40,0
56,0,3,1,3,4064,0,40,0
34,1,3,0,3,0,0,40,0
28,1,0,3,1,0,0,45,0
42,1,3,1,3,0,0,40,0
35,4,3,2,4,0,0,40,0
41,1,4,1,2,0,0,48,0
25,1,3,2,3,0,0,40,0
64,1,4,1,1,2354,0,35,0
48,0,1,0,1,0,0,46,0
35,6,3,1,3,0,0,40,0
51,6,3,3,3,5013,0,40,0
46,1,3,3,3,0,0,50,0
25,0,0,3,1,0,0,40,0
46,2,3,1,3,0,0,50,0
23,0,0,0,1,0,0,38,0
33,5,1,2,2,0,0,40,0
50,1,3,1,3,0,1740,48,0
25,1,0,1,2,0,0,40,0
75,4,0,3,1,0,0,50,0
62,1,0,0,1,0,0,40,0
46,1,1,1,2,0,0,40,0
50,3,1,3,2,0,0,40,0
26,3,0,3,0,0,0,40,0
23,1,0,1,1,0,0,45,0
57,1,3,0,3,0,1672,45,0
34,2,3,0,3,0,0,40,0
62,1,3,1,4,0,0,40,0
26,0,0,0,0,0,0,40,0
27,0,1,3,2,0,0,40,0
36,2,1,3,2,0,0,36,0
40,0,3,0,3,0,0,40,0
44,1,1,1,2,0,1408,46,0
22,0,0,0,1,0,0,48,0
57,1,0,2,1,0,0,40,0
27,0,0,1,1,0,0,42,0
29,4,0,0,2,0,0,40,0
32,3,3,0,3,0,0,45,0
35,0,1,1,0,0,0,40,0
44,0,3,0,3,0,0,40,0
25,0,1,2,1,2597,0,40,0
47,6,1,3,2,0,0,40,0
27,0,3,0,3,0,0,40,0
23,1,3,1,3,0,0,45,0
25,0,1,1,5,0,0,40,0
24,1,2,4,2,0,0,40,0
40,1,0,0,2,0,0,38,0
37,0,3,0,3,0,0,40,0
27,1,3,1,3,0,0,40,0
29,3,1,3,5,0,0,50,0
33,5,3,0,5,0,0,40,0
39,1,1,4,2,0,0,45,0
34,4,3,0,3,0,0,50,0
40,1,3,1,3,0,0,40,0
29,0,3,0,3,2635,0,40,0
22,0,0,2,0,0,0,40,0
33,0,0,1,0,0,0,40,0
45,3,0,3,1,0,0,40,0
33,2,0,1,1,0,0,40,0
26,0,1,2,1,0,0,40,0
23,3,0,3,1,0,0,40,0
40,2,3,0,3,0,0,40,0
62,5,1,1,2,0,0,38,0
42,0,1,3,1,0,0,40,0
63,0,3,0,3,0,0,45,0
35,0,3,0,3,0,0,40,0
28,3,1,1,1,0,0,42,0
61,0,3,2,3,0,0,40,0
71,5,3,0,3,0,0,40,0
27,4,0,0,2,0,0,40,0
32,3,0,3,1,0,0,50,0
29,0,0,2,0,0,0,35,0
38,4,1,0,1,0,0,40,0
33,3,1,3,2,914,0,40,0
27,1,1,1,2,0,0,40,0
24,4,3,0,3,0,0,40,0
29,1,2,1,0,0,0,40,0
29,0,3,0,3,0,0,40,0
35,3,3,3,3,0,0,40,0
19,0,0,2,0,0,0,40,0
30,6,3,3,3,0,1740,40,0
62,0,3,1,3,0,0,40,0
38,3,1,3,1,0,0,35,0
29,0,0,0,0,0,0,40,0
20,0,0,2,0,0,0,40,0
38,4,3,0,3,0,0,40,0
50,0,1,3,2,6497,0,35,0
32,0,3,3,3,0,0,40,0
34,1,1,3,1,0,0,44,0
46,2,1,3,1,0,0,50,0
27,4,0,0,0,0,0,40,0
72,1,3,0,3,0,0,35,0
35,0,1,1,2,0,0,40,0
64,6,3,4,3,0,0,40,0
47,0,3,3,3,0,0,40,0
40,2,3,2,3,0,0,40,0
36,0,3,0,3,0,0,40,0
25,6,0,3,0,0,0,35,0
57,1,4,2,1,0,0,40,0
28,0,3,3,3,0,0,40,0
24,4,0,0,1,0,0,40,0
56,2,3,2,3,0,0,50,0
30,0,0,1,5,0,0,40,0
31,2,3,1,3,0,0,40,0
41,6,0,3,1,0,0,40,0
63,5,3,0,3,0,0,40,0
57,4,0,3,1,0,0,35,0
42,0,3,0,3,0,0,40,0
20,1,0,4,1,0,0,40,0
40,0,3,0,3,0,0,40,0
36,0,0,0,1,0,0,40,0
31,0,0,3,0,0,0,40,0
26,3,0,1,1,0,0,40,0
21,0,0,0,5,0,0,38,0
54,0,4,1,2,0,0,40,0
45,0,1,0,1,0,0,50,0
48,1,3,0,3,0,0,40,0
32,2,3,1,3,0,0,40,0
44,6,2,3,2,0,0,38,0
23,1,0,1,1,0,0,50,0
64,5,3,4,3,0,0,45,0
30,0,3,3,3,0,0,40,0
52,0,4,1,1,0,0,40,0
28,2,0,0,0,0,0,40,0
37,1,0,1,2,0,0,40,0
49,3,3,3,3,0,0,40,0
25,3,0,1,1,0,0,40,0
57,4,3,0,3,0,0,40,0
27,0,1,1,0,0,0,40,0
23,1,3,1,3,0,0,40,0
37,0,3,0,3,0,0,45,0
41,2,3,0,3,0,0,40,0
30,0,3,1,3,0,0,40,0
45,2,0,1,1,0,0,38,0
52,4,3,2,3,0,0,40,0
62,4,3,0,3,0,0,40,0
70,6,3,3,3,0,0,40,0
64,4,4,0,1,0,0,40,0
67,5,3,3,3,0,0,40,0
55,3,4,4,0,0,0,40,0
20,0,0,1,1,0,0,40,0
35,1,0,1,1,0,0,50,0
41,0,3,3,3,0,0,45,0
26,3,0,3,1,0,0,45,0
23,3,0,1,0,0,0,50,0
32,0,3,0,3,0,0,40,0
37,4,1,2,2,0,0,33,0
39,0,1,0,2,0,0,40,0
22,1,0,0,0,0,0,36,0
18,0,0,1,0,0,0,40,0
38,0,0,2,2,0,0,40,0
49,0,1,3,2,0,625,40,0
41,0,3,3,3,0,0,50,0
48,0,1,0,5,0,0,38,0
57,0,0,1,1,0,2258,40,0
33,1,1,0,2,0,0,50,0
51,0,3,2,3,0,0,35,0
22,4,0,0,2,0,0,40,0
24,3,0,0,1,0,0,35,0
43,2,1,1,1,0,0,40,0
22,0,0,4,0,0,0,40,0
54,4,3,2,3,0,0,40,0
55,1,3,1,4,0,0,50,0
28,0,0,0,0,0,0,40,0
52,6,3,3,3,0,0,36,0
56,2,2,1,1,0,0,46,0
25,0,0,2,1,0,0,50,0
55,0,4,1,1,0,0,40,0
54,1,0,3,1,0,0,40,0
42,3,3,4,3,0,0,50,0
30,3,0,1,1,0,0,40,0
39,3,1,1,1,0,1762,40,0
42,2,3,3,3,0,0,40,0
48,1,1,1,2,0,0,40,0
53,0,1,0,1,0,0,40,0
42,0,3,1,4,0,0,35,0
33,4,1,2,2,3418,0,35,0
33,1,0,3,1,0,0,45,0
24,3,0,1,1,3674,0,40,0
31,3,0,2,1,0,1876,40,0
36,6,3,3,3,0,0,40,0
57,0,1,0,2,0,0,40,0
24,3,1,3,1,0,0,40,0
37,1,3,0,3,0,0,40,0
37,3,0,3,5,0,0,40,0
50,1,0,0,1,0,0,38,0
29,0,3,0,3,0,0,48,0
24,0,0,1,1,0,0,40,0
47,4,3,1,3,0,0,35,0
34,3,3,3,4,0,0,40,0
37,3,0,0,5,0,0,40,0
36,4,3,0,3,0,0,40,0
19,0,0,0,0,0,0,35,0
42,2,1,1,1,0,0,40,0
60,4,1,0,1,0,0,40,0
26,0,3,0,3,0,0,40,0
51,0,3,1,3,0,0,40,0
28,2,3,1,4,0,0,40,0
33,0,0,0,1,0,0,41,0
41,0,1,0,2,1506,0,50,0
31,0,3,4,3,0,0,40,0
23,3,0,1,1,0,0,50,0
42,2,0,0,1,0,0,44,0
32,0,3,4,3,4064,0,40,0
38,0,3,2,3,0,0,48,0
62,4,3,1,3,0,0,35,0
35,0,3,0,3,0,1740,40,0
24,3,0,3,1,0,0,35,0
51,1,3,1,4,0,0,40,0
50,0,1,1,1,0,0,40,0
21,4,0,0,1,0,0,35,0
37,4,3,2,4,0,0,40,0
45,0,1,0,2,0,0,40,0
63,4,1,0,1,0,0,40,0
34,0,3,4,3,0,0,50,0
22,1,1,1,2,0,0,40,0
34,2,4,3,2,0,0,40,0
26,0,3,0,4,0,0,40,0
28,3,0,3,1,2174,0,40,0
66,0,1,0,1,0,0,40,0
39,0,3,0,3,2829,0,40,0
23,3,0,1,1,0,0,40,0
30,1,0,0,1,0,0,40,0
37,1,3,0,3,0,0,40,0
24,5,3,4,3,2105,0,50,0
61,0,3,0,3,0,0,40,0
27,0,0,2,0,0,0,45,0
38,1,3,0,3,0,2042,40,0
50,3,3,1,3,0,0,40,0
53,3,1,1,1,0,0,40,0
22,1,0,0,0,0,0,35,0
34,4,0,0,2,0,0,40,0
22,0,0,1,0,0,0,40,0
49,5,3,4,3,0,0,50,0
23,0,1,0,1,0,0,50,0
34,1,3,0,3,0,0,40,0
54,1,1,0,1,0,0,40,0
50,1,1,3,1,0,0,40,0
46,0,1,1,1,0,0,40,0
49,4,1,0,0,0,0,38,0
36,0,3,0,3,0,0,50,0
35,1,0,1,2,0,0,44,0
28,0,0,3,1,0,0,40,0
25,1,3,0,3,0,0,40,0
22,3,0,3,0,0,0,43,0
49,1,3,1,3,0,0,44,0
23,2,0,0,2,0,0,40,0
19,0,0,0,0,0,0,46,0
25,1,0,0,1,0,0,40,0
59,3,1,3,1,0,0,45,0
22,4,0,0,0,0,0,35,0
35,2,2,0,1,0,0,40,0
36,5,2,0,5,0,0,40,0
48,3,1,1,1,0,0,40,0
41,4,3,0,3,0,0,40,0
64,5,3,2,4,0,0,40,0
46,1,1,1,2,0,0,40,0
26,1,0,3,0,0,0,35,0
18,4,0,0,0,0,0,35,0
56,3,3,3,3,0,0,45,0
29,0,0,0,2,0,0,40,0
17,4,0,2,0,0,0,40,0
21,0,0,2,1,0,0,40,0
27,2,2,1,0,0,0,40,0
31,1,1,2,0,0,0,35,0
29,0,0,1,1,0,0,40,0
27,0,3,0,3,0,0,40,0
36,0,3,0,3,0,0,40,0
30,1,0,0,1,0,0,45,0
30,1,3,0,3,0,0,40,0
49,0,1,1,5,0,0,40,0
59,3,2,3,1,0,0,40,0
22,0,0,1,0,0,0,38,0
23,1,0,3,1,0,0,50,0
59,1,1,2,1,0,0,40,0
64,0,4,1,1,2174,0,37,0
48,1,1,1,5,0,0,40,0
32,3,0,3,0,0,0,40,0
27,3,3,1,3,0,0,45,0
63,4,1,2,1,0,0,40,0
36,0,1,0,1,0,0,40,0
27,0,3,0,3,0,0,40,0
57,1,1,1,1,0,0,35,0
29,0,2,1,0,0,0,40,0
37,4,1,1,2,0,0,40,0
58,1,1,1,1,0,0,40,0
48,4,3,3,3,0,0,50,0
41,3,0,3,1,0,0,40,0
56,2,3,2,3,0,0,50,0
25,0,0,2,2,0,0,50,0
43,6,1,3,2,0,0,50,0
20,1,0,0,5,0,0,40,0
35,6,0,3,1,0,0,40,0
27,1,0,1,1,0,0,49,0
55,1,1,2,2,0,0,38,0
31,0,3,0,3,0,0,45,0
50,2,0,2,1,0,0,50,0
59,4,3,0,3,0,0,40,0
26,0,0,0,1,0,0,45,0
30,0,0,0,2,0,0,40,0
34,0,3,0,3,0,0,40,0
48,2,3,1,3,0,0,40,0
30,0,0,2,2,0,0,40,0
61,4,4,0,1,0,0,40,0
34,0,3,0,3,0,0,40,0
29,1,0,1,1,0,0,40,0
31,3,0,1,1,4101,0,50,0
43,1,3,0,3,0,0,50,0
26,0,1,1,1,0,0,50,0
38,1,4,1,2,0,0,40,0
38,4,1,1,1,0,0,40,0
25,4,0,1,1,0,0,40,0
31,1,0,3,1,0,0,40,0
27,3,0,1,1,0,0,40,0
20,1,0,2,0,0,0,35,0
36,4,0,0,1,0,0,40,0
24,3,0,3,1,0,0,50,0
35,1,0,1,0,0,2205,40,0
25,0,0,2,0,0,0,40,0
20,4,0,0,2,0,0,50,0
62,0,1,2,1,0,0,35,0
44,2,0,3,1,0,0,36,0
40,3,0,3,1,0,0,40,0
56,3,3,0,3,0,0,40,0
26,3,3,0,3,0,0,40,0
33,0,0,2,0,0,0,48,0
42,1,3,3,3,0,0,40,0
57,0,3,0,3,0,0,40,0
38,3,0,2,5,0,0,45,0
25,0,1,0,1,0,0,40,0
24,3,0,3,0,0,0,48,0
29,1,0,0,1,0,0,45,0
49,0,1,1,2,0,0,50,0
58,0,1,2,0,0,0,40,0
31,0,0,2,0,0,0,40,0
30,0,3,0,3,0,0,40,0
61,6,4,3,2,0,0,40,0
37,1,1,1,2,0,0,35,0
63,0,1,3,1,0,0,40,0
25,0,0,2,1,0,0,40,0
76,4,3,3,3,0,0,40,0
29,6,0,3,0,0,0,40,0
35,1,3,3,3,0,0,40,0
61,5,3,0,3,0,0,40,0
36,1,0,1,1,0,0,35,0
49,5,4,0,1,0,0,40,0
27,3,0,3,1,0,0,40,0
22,4,0,1,1,0,0,40,0
36,0,3,2,5,0,0,40,0
42,1,3,0,3,0,0,40,0
27,2,0,2,1,0,0,40,0
48,6,4,3,2,0,0,44,0
60,0,1,3,1,0,1092,40,0
33,0,3,0,3,0,0,40,0
22,0,0,2,0,0,0,40,0
34,0,0,1,5,0,0,40,0
47,1,0,2,1,0,0,35,0
28,0,1,1,2,0,0,50,0
27,6,0,3,1,0,0,37,0
34,0,2,2,2,0,0,45,0
23,4,0,3,1,0,0,40,0
43,2,1,0,1,0,0,40,0
63,0,3,3,3,0,0,40,0
28,0,1,3,1,0,0,40,0
64,4,1,2,1,0,0,35,0
26,3,0,3,1,0,0,40,0
41,1,3,3,3,0,0,40,0
24,1,0,1,1,0,0,37,0
25,3,0,1,0,0,0,40,0
31,5,0,2,0,0,0,40,0
50,0,1,1,5,0,0,40,0
32,1,3,2,3,0,0,50,0
53,0,3,0,3,0,0,40,0
54,0,1,2,1,0,0,40,0
25,3,0,1,0,0,0,40,0
35,1,3,1,3,0,0,45,0
22,0,0,2,2,0,0,40,0
40,4,1,0,2,5455,0,40,0
60,0,0,0,1,0,0,40,0
40,2,0,0,1,0,0,40,0
43,3,0,1,1,0,0,45,0
23,4,0,0,2,0,0,40,0
31,0,3,1,3,2829,0,40,0
36,0,3,0,3,0,0,48,0
30,5,3,0,3,0,0,40,0
46,1,1,1,2,0,0,40,0
30,3,1,1,1,0,0,40,0
25,6,0,1,0,0,0,40,0
26,4,3,0,3,0,0,40,0
40,3,3,3,3,0,0,50,0
41,0,0,0,1,0,0,44,0
29,0,0,0,1,0,0,40,0
59,0,1,0,1,0,0,40,0
31,5,0,0,1,0,0,37,0
23,1,0,1,1,4101,0,40,0
46,3,1,3,1,0,0,37,0
69,1,3,2,3,0,0,40,0
39,1,1,0,0,0,0,40,0
49,0,3,0,3,0,0,43,0
43,1,3,3,3,0,0,40,0
37,1,1,1,2,0,0,35,0
47,5,3,0,3,0,0,40,0
22,0,0,1,0,0,0,40,0
33,3,0,3,1,0,0,40,0
33,1,0,1,1,0,0,49,0
37,0,3,0,3,0,0,40,0
63,1,1,0,5,0,0,37,0
24,0,0,0,1,0,0,40,0
45,1,1,1,1,0,0,38,0
40,3,1,3,1,0,0,40,0
22,1,0,0,1,0,0,40,0
27,4,3,1,0,0,0,35,0
21,4,3,2,3,3908,0,40,0
49,0,1,0,1,0,0,40,0
35,1,3,3,3,0,0,40,0
61,0,3,4,4,22040,0,40,0
55,1,3,3,3,0,0,50,0
46,0,1,3,1,0,0,40,0
31,2,3,1,3,0,0,46,0
27,0,0,0,5,0,1719,40,0
47,1,4,1,2,0,0,40,0
30,3,0,3,1,2202,0,38,0
33,0,3,0,3,0,0,40,0
27,1,0,3,2,0,0,40,0
35,0,1,0,2,0,0,38,0
30,2,3,3,3,0,0,40,0
50,0,0,1,1,0,0,40,0
24,0,3,0,3,0,0,50,0
23,3,0,3,0,0,0,40,0
59,1,3,3,3,0,0,34,0
39,3,3,1,3,0,0,40,0
52,4,1,0,2,0,0,40,0
35,6,3,0,3,0,0,48,0
37,4,0,0,1,0,0,40,0
41,2,1,1,2,0,0,40,0
24,1,0,1,5,0,0,40,0
19,0,3,0,3,0,0,35,0
29,3,1,3,1,0,0,50,0
38,6,0,1,1,0,0,45,0
26,6,0,3,1,2463,0,50,0
32,0,3,3,3,0,1485,48,0
27,0,3,0,3,0,0,40,0
51,4,3,0,3,0,0,40,0
33,0,1,0,1,0,0,45,0
49,0,1,0,2,0,0,40,0
57,1,3,2,3,0,0,40,0
31,0,0,1,0,0,0,40,0
36,0,0,0,0,0,0,40,0
34,3,0,1,0,0,0,40,0
58,5,1,0,0,0,0,40,0
60,1,3,3,3,0,0,50,0
29,2,3,1,5,0,0,40,0
61,4,3,0,3,0,0,40,0
50,0,3,1,3,0,0,48,0
26,3,0,3,1,0,0,50,0
23,3,3,3,3,0,0,40,0
21,1,0,0,5,0,0,35,0
37,0,3,1,4,0,0,38,0
33,1,3,1,4,4064,0,40,0
25,3,3,1,4,0,0,38,0
32,3,0,3,1,0,0,40,0
44,1,1,0,2,1831,0,50,0
21,4,0,2,2,0,0,35,0
41,1,1,0,1,0,0,40,0
42,3,3,3,3,0,0,40,0
38,1,0,1,2,0,0,40,0
34,2,0,1,0,0,0,38,0
43,0,1,3,1,0,0,48,0
34,3,0,1,1,0,0,38,0
26,4,3,0,3,0,0,40,0
27,1,3,2,3,0,0,40,0
56,0,3,0,3,0,0,40,0
35,4,0,2,2,0,0,40,0
35,0,2,2,2,0,0,52,0
45,0,3,2,4,0,0,35,0
17,4,0,4,0,0,0,40,0
58,4,1,2,1,0,0,40,0
44,1,3,0,3,0,0,40,0
41,1,3,0,3,0,0,40,0
34,3,0,0,2,0,0,40,0
54,1,1,1,5,4101,0,40,0
28,3,3,3,3,0,0,40,0
47,0,3,0,3,0,0,40,0
34,3,0,1,1,3325,0,40,0
63,1,1,1,1,0,0,37,0
64,4,3,0,3,0,0,50,0
21,0,0,0,0,0,0,40,0
30,1,0,3,1,4416,0,40,0
38,0,3,0,3,0,0,40,0
27,0,1,1,0,0,0,40,0
44,5,3,0,3,0,0,40,0
19,4,0,1,5,1055,0,40,0
35,2,1,1,2,0,0,40,0
55,0,1,1,1,0,0,40,0
30,3,0,0,1,0,0,48,0
29,0,3,0,3,0,0,40,0
27,0,1,2,1,0,0,45,0
48,0,3,0,3,0,0,40,0
20,1,0,1,0,0,0,40,0
26,3,0,1,0,0,0,50,0
43,0,3,0,4,0,0,40,0
43,0,1,0,1,0,0,40,0
60,1,0,1,1,0,0,38,0
23,0,3,0,3,0,0,40,0
27,0,0,0,0,0,0,40,0
33,0,0,2,1,0,0,40,0
19,0,0,0,5,0,0,45,0
63,0,4,3,1,0,0,40,0
56,0,4,1,1,0,0,44,0
33,2,3,0,3,0,0,50,0
26,2,0,1,2,0,0,40,0
54,3,3,1,3,0,0,40,0
47,0,3,0,3,0,0,40,0
34,3,3,3,3,0,0,45,0
24,3,0,1,1,0,0,47,0
26,1,0,0,5,0,0,44,0
50,0,3,1,3,0,0,40,0
31,6,3,3,3,0,0,50,0
45,2,3,0,3,0,0,40,0
25,1,0,1,1,0,0,50,0
51,0,3,0,3,0,0,40,0
63,1,3,1,3,0,0,48,0
27,0,3,2,3,0,0,40,0
34,1,1,2,1,0,0,34,0
35,1,3,1,3,0,0,45,0
36,4,3,0,3,0,0,40,0
24,1,0,1,0,0,0,40,0
44,2,0,4,0,0,0,40,0
37,0,3,0,3,0,0,40,0
33,2,1,1,1,0,0,40,0
46,3,1,3,1,0,0,40,0
42,0,1,1,2,3325,0,40,0
29,0,3,1,4,0,0,35,0
41,0,3,3,3,0,0,40,0
21,1,0,1,2,0,0,40,0
20,0,0,1,1,0,0,40,0
30,0,0,3,1,0,1876,45,0
57,0,1,1,2,0,0,40,0
24,3,3,2,3,0,0,33,0
49,0,0,0,1,0,0,40,0
36,3,3,1,3,0,0,40,0
55,2,1,2,1,0,0,52,0
31,1,3,1,3,0,0,40,0
23,0,0,0,0,0,0,40,0
31,0,1,0,1,0,0,40,0
36,0,3,0,3,0,0,50,0
18,1,0,1,0,0,0,40,0
63,4,1,0,1,0,0,50,0
29,1,0,1,1,0,0,40,0
24,0,3,0,3,0,0,40,0
49,5,3,0,3,0,0,40,0
45,1,1,1,2,0,0,40,0
41,2,1,3,2,3887,0,40,0
25,3,0,1,1,0,0,40,0
26,3,0,3,0,0,0,40,0
27,3,0,1,1,0,0,45,0
36,0,3,0,3,0,0,40,0
21,1,0,1,1,2174,0,40,0
19,0,0,4,0,0,0,40,0
26,0,0,1,1,0,0,40,0
23,4,0,0,1,0,0,40,0
24,0,0,1,0,0,0,40,0
27,3,3,0,3,0,0,40,0
37,3,0,1,1,0,0,40,0
32,2,3,0,3,0,0,40,0
28,4,3,0,3,0,0,40,0
54,0,3,1,4,0,0,40,0
49,1,3,3,3,0,0,40,0
27,0,1,1,1,0,0,38,0
53,0,3,0,3,0,0,40,0
33,1,1,2,1,0,0,40,0
30,4,3,1,4,0,0,40,0
20,0,0,0,0,0,0,40,0
32,0,0,1,0,0,1669,45,0
58,2,1,3,1,0,0,36,0
65,5,3,0,3,0,0,40,0
23,4,0,0,1,0,0,40,0
29,3,0,1,0,0,0,40,0
26,3,0,1,1,0,0,40,0
49,0,3,0,3,0,0,40,0
46,2,3,0,3,0,0,50,0
50,4,3,3,3,0,2002,40,0
62,1,0,1,1,0,0,40,0
47,1,1,2,1,0,0,45,0
44,3,3,3,3,0,0,40,0
21,0,0,2,5,0,0,33,0
25,3,0,2,5,0,0,40,0
34,4,0,0,2,0,0,40,0
21,0,0,1,0,0,0,35,0
48,1,3,0,3,0,0,40,0
40,0,3,0,3,0,0,40,0
59,1,1,1,2,0,0,40,0
22,5,0,4,5,0,0,40,0
31,1,1,0,2,0,0,35,0
37,2,1,3,2,0,0,40,0
42,2,3,3,3,0,0,40,0
28,3,0,1,1,0,0,45,0
43,3,3,1,3,0,0,40,0
48,0,3,1,3,0,0,40,0
23,0,0,0,1,0,0,40,0
25,0,0,2,2,0,0,40,0
36,0,3,1,3,0,0,50,0
62,1,1,3,1,4650,0,40,0
41,1,0,2,0,0,0,50,0
40,0,3,0,3,0,0,40,0
52,2,3,1,3,0,0,40,0
40,0,3,3,3,0,0,48,0
25,4,0,0,5,0,0,48,0
30,4,3,0,3,0,0,40,0
39,1,1,3,2,0,0,39,0
20,0,0,2,1,0,0,45,0
36,4,3,0,3,0,0,48,0
20,1,0,3,0,0,0,40,0
24,0,0,1,0,0,0,40,0
57,1,3,0,3,0,0,40,0
22,1,0,1,2,0,0,40,0
38,3,3,3,3,0,0,40,0
22,1,0,0,0,0,0,50,0
35,0,0,0,2,114,0,40,0
41,1,3,1,3,0,0,40,0
26,2,0,2,1,0,0,40,0
37,2,1,3,2,0,0,40,0
53,4,3,1,3,0,0,40,0
44,1,1,1,2,0,0,48,0
32,1,3,0,3,0,0,48,0
43,3,3,1,3,0,0,50,0
25,1,0,1,2,0,0,40,0
26,3,0,3,1,0,0,50,0
31,2,1,2,2,0,0,40,0
47,1,1,1,2,0,0,40,0
39,4,3,4,5,0,0,40,0
38,4,1,1,2,0,3770,40,0
27,1,3,1,4,0,1579,40,0
49,6,2,3,1,0,0,40,0
33,5,0,1,1,0,0,43,0
49,4,3,0,3,0,0,40,0
35,0,0,1,1,0,0,40,0
67,1,3,1,3,0,0,40,0
26,0,0,0,1,0,0,40,0
34,1,3,0,3,0,0,40,0
19,0,0,4,1,0,0,40,0
21,0,0,0,0,0,0,40,0
48,1,3,3,3,0,0,40,0
24,3,3,3,3,0,0,44,0
34,1,0,0,5,0,0,40,0
26,4,1,2,2,0,0,40,0
26,1,0,1,0,0,0,40,0
25,0,0,2,1,0,0,40,0
44,4,1,1,2,0,0,40,0
22,0,0,0,0,0,0,50,0
25,0,0,2,1,4416,0,45,0
38,0,0,0,1,0,0,40,0
46,1,3,1,3,0,0,40,0
47,0,1,3,2,0,0,45,0
45,1,3,1,3,0,0,40,0
39,5,3,0,3,0,0,48,0
45,0,3,0,3,0,0,40,0
20,4,0,2,0,0,0,40,0
27,2,3,0,3,0,0,40,0
28,4,3,0,3,0,0,40,0
29,3,1,3,1,0,0,52,0
34,0,3,0,3,0,0,50,0
27,2,3,1,3,0,0,35,0
49,1,3,0,3,0,0,40,0
37,0,3,1,3,0,0,40,0
44,2,1,0,0,0,0,45,0
41,1,3,1,3,0,0,40,0
63,5,3,0,3,0,0,40,0
25,3,0,3,1,0,0,40,0
21,0,0,1,1,0,0,40,0
27,0,0,3,0,0,0,40,0
24,0,0,0,0,0,0,40,0
50,6,0,3,1,0,0,50,0
59,0,4,1,2,0,0,40,0
19,0,0,4,0,0,0,40,0
22,1,1,1,2,0,0,43,0
38,0,1,3,2,0,0,40,0
31,1,3,3,4,0,0,40,0
27,0,0,1,0,0,0,40,0
38,0,3,1,3,0,0,43,0
44,1,3,0,3,0,0,40,0
26,4,3,0,3,0,0,35,0
55,4,0,0,1,0,0,40,0
32,2,0,1,1,0,0,46,0
29,4,1,0,2,0,0,40,0
60,0,3,2,3,0,0,40,0
47,3,1,1,1,0,0,50,0
57,5,3,0,3,0,0,40,0
42,2,1,3,2,0,0,40,0
32,0,3,0,3,0,0,40,0
25,5,3,0,3,0,0,40,0
32,1,0,1,0,0,0,40,0
33,0,3,0,3,0,0,50,0
29,1,1,0,0,0,0,40,0
24,3,0,3,0,0,0,40,0
44,4,3,0,3,0,0,40,0
29,1,3,0,3,0,0,40,0
43,3,1,3,2,0,0,42,0
28,1,0,1,1,0,0,40,0
24,0,3,1,4,0,0,40,0
57,0,3,0,3,0,0,40,0
58,6,3,1,3,0,0,40,0
28,0,3,1,3,0,0,35,0
38,0,1,2,1,0,0,40,0
26,1,3,0,3,0,0,40,0
17,4,0,0,5,0,0,40,0
27,3,0,3,0,0,0,40,0
33,2,3,1,3,0,0,50,0
37,0,3,1,3,0,0,42,0
50,2,0,2,1,0,0,50,0
60,1,3,3,3,0,0,50,0
24,4,0,0,5,0,0,40,0
33,1,1,2,1,0,0,40,0
27,1,3,1,4,0,0,45,0
40,6,0,3,1,0,0,40,0
36,1,3,3,4,0,0,33,0
67,6,0,2,1,0,0,40,0
34,0,3,0,3,0,0,35,0
25,3,0,1,0,0,0,40,0
29,0,3,0,3,0,0,40,0
34,3,2,3,1,0,0,35,0
31,4,1,0,1,0,0,40,0
31,2,3,0,3,0,0,40,0
42,0,3,0,3,0,0,40,0
45,0,1,2,1,0,0,40,0
31,0,0,2,0,0,0,40,0
17,5,0,4,5,0,0,40,0
53,0,1,1,2,0,1876,38,0
25,3,0,3,0,0,0,35,0
37,2,1,0,1,0,0,40,0
39,1,1,1,2,0,0,40,0
40,0,1,1,2,0,0,40,0
26,2,0,1,0,0,0,40,0
38,1,1,1,2,0,0,43,0
46,3,3,1,3,0,0,40,0
31,0,1,1,1,0,0,45,0
32,2,1,3,2,0,0,35,0
23,0,0,1,1,0,0,40,0
57,4,3,0,3,0,0,40,0
61,5,3,0,3,0,0,40,0
56,6,3,3,3,0,0,40,0
25,5,3,0,3,0,0,40,0
31,4,1,1,1,0,0,40,0
23,0,0,1,1,0,0,48,0
27,0,1,0,1,0,0,45,0
36,0,1,1,2,0,0,38,0
34,4,1,2,2,0,0,40,0
50,3,1,1,1,0,0,50,0
41,0,3,0,3,0,0,40,0
44,1,1,0,5,0,0,40,0
50,1,1,1,2,0,0,45,0
57,1,1,1,1,0,0,48,0
23,1,0,4,0,0,0,40,0
24,0,3,0,3,0,0,40,0
19,1,0,1,0,0,0,36,0
37,4,2,2,5,0,0,40,0
42,1,1,3,2,1506,0,40,0
24,4,0,0,1,0,0,40,0
45,5,3,0,3,0,0,40,0
64,4,3,0,3,0,0,40,0
26,0,3,0,3,0,0,45,0
23,0,0,0,0,0,0,40,0
52,0,0,1,1,0,1876,50,0
58,0,3,0,3,0,0,40,0
25,0,3,4,3,0,0,50,0
51,0,3,1,3,0,0,40,0
61,0,3,3,3,0,0,50,0
52,0,1,0,1,0,0,45,0
38,1,3,3,3,0,0,40,0
33,3,0,3,1,0,0,40,0
22,0,3,0,3,0,0,40,0
31,0,1,0,2,0,2238,40,0
26,3,0,1,0,0,0,40,0
45,1,0,0,1,0,0,50,0
46,0,3,3,3,0,0,50,0
23,0,1,1,0,0,0,40,0
33,5,0,4,1,0,0,40,0
41,0,3,0,3,0,0,50,0
31,0,0,1,1,0,0,40,0
28,0,3,0,3,0,0,40,0
45,3,1,3,1,0,0,40,0
35,0,2,0,5,0,0,40,0
61,1,3,1,3,0,0,40,0
46,3,1,0,2,0,0,40,0
30,4,0,0,2,0,0,40,0
25,0,3,1,5,0,0,40,0
37,6,3,3,4,0,0,35,0
75,0,3,1,3,0,0,35,0
28,0,0,0,0,0,0,50,0
31,3,0,3,1,0,1408,40,0
32,0,1,0,1,0,0,40,0
32,0,3,0,3,0,0,45,0
18,0,0,1,0,0,0,40,0
36,1,3,0,3,0,0,50,0
37,0,3,0,3,5013,0,44,0
52,0,3,0,4,0,0,40,0
45,2,3,3,3,0,0,35,0
40,1,0,3,1,0,1340,40,0
34,0,3,0,3,0,0,40,0
25,3,0,1,0,0,0,40,0
34,3,1,1,1,0,0,40,0
45,0,1,0,1,0,0,40,0
20,1,0,3,0,0,0,40,0
36,3,3,3,4,0,0,40,0
37,3,1,1,1,0,0,40,0
51,1,1,3,1,0,0,40,0
70,0,3,4,3,0,0,40,0
64,4,1,0,1,0,0,40,0
29,1,3,3,3,0,0,40,0
26,1,0,1,1,0,0,37,0
69,4,0,0,1,0,0,40,0
39,0,1,1,2,0,0,40,0
23,0,0,1,1,0,0,40,0
61,4,3,0,3,0,0,40,0
42,0,3,0,3,0,0,40,0
29,0,3,0,3,0,0,40,0
27,3,0,1,0,0,0,40,0
22,2,0,1,1,0,0,40,0
63,0,3,2,3,0,0,40,0
56,0,3,0,3,0,0,45,0
17,4,0,1,0,0,0,40,0
28,1,1,0,1,0,0,46,0
32,0,0,2,2,0,0,40,0
63,1,0,3,1,0,0,40,0
27,3,0,3,5,0,0,45,0
39,3,0,1,1,0,1876,50,0
33,1,1,1,1,0,0,52,0
44,4,1,0,2,0,0,40,0
43,1,1,0,1,0,0,40,0
36,1,1,0,2,0,0,40,0
53,4,3,0,3,0,0,40,0
33,0,3,0,3,0,0,40,0
26,4,0,0,0,0,0,40,0
26,3,0,3,0,0,0,35,0
57,1,3,0,3,0,1672,45,0
36,4,1,2,1,0,0,40,0
31,2,1,0,1,0,0,40,0
20,2,0,1,1,0,0,35,0
20,1,0,1,0,0,0,40,0
65,1,3,4,3,0,0,40,0
51,2,1,1,2,0,0,50,0
21,0,3,0,3,0,0,40,0
47,0,1,1,2,0,0,35,0
26,3,0,1,1,0,0,40,0
31,0,0,0,1,0,0,40,0
21,0,0,2,5,0,0,40,0
59,0,4,4,2,0,2339,40,0
55,6,3,1,3,2228,0,50,0
58,4,3,0,3,0,0,40,0
32,1,1,1,1,0,1980,40,0
25,0,0,1,2,0,0,35,0
25,4,3,0,3,0,0,40,0
28,1,3,1,3,0,0,40,0
41,1,0,1,1,0,1617,35,0
50,1,1,2,2,0,0,40,0
21,4,1,0,0,0,0,40,0
39,4,3,0,3,0,0,40,0
22,1,0,3,1,0,0,40,0
18,5,0,2,5,0,0,40,0
22,1,0,0,0,0,0,40,0
28,2,3,2,5,3137,0,40,0
54,0,3,1,3,0,0,50,0
30,0,1,0,1,0,0,52,0
32,1,3,1,3,0,0,45,0
37,3,1,2,2,0,0,48,0
48,1,3,4,3,0,1485,50,0
21,4,0,2,0,0,0,40,0
34,1,0,1,2,0,0,40,0
36,3,1,3,2,0,0,40,0
33,4,3,0,3,0,0,50,0
39,2,3,1,4,0,0,37,0
38,1,1,0,1,0,0,40,0
39,1,3,0,3,0,0,50,0
24,0,0,2,0,0,0,40,0
22,1,0,2,0,0,0,40,0
37,3,0,3,1,0,0,38,0
40,5,3,0,3,0,2057,40,0
47,1,3,3,3,0,0,40,0
20,1,0,2,0,0,0,40,0
32,1,1,2,1,0,1408,40,0
19,0,0,0,0,0,0,40,0
24,3,3,1,3,0,0,40,0
35,1,0,0,1,0,0,40,0
26,1,0,1,1,0,0,40,0
26,1,0,1,0,0,0,40,0
23,5,0,0,5,0,0,40,0
60,0,3,2,3,0,0,40,0
42,0,0,2,1,0,0,40,0
23,1,0,1,0,0,0,40,0
28,1,0,1,1,0,0,45,0
44,1,3,0,3,0,0,40,0
24,3,0,4,0,0,0,40,0
21,0,4,0,0,0,0,40,0
47,1,4,1,2,0,0,40,0
53,3,1,0,1,0,0,40,0
43,0,3,0,3,0,0,40,0
22,0,0,0,0,0,0,40,0
24,1,0,0,2,0,0,40,0
28,5,3,4,3,0,0,40,0
26,0,3,1,3,0,0,40,0
60,5,3,0,3,0,0,40,0
48,5,3,1,3,0,0,52,0
24,2,3,2,4,0,0,40,0
40,1,0,3,0,0,0,40,0
54,3,3,3,3,0,0,38,0
42,0,3,0,3,0,0,50,0
38,1,1,3,1,0,0,45,0
30,5,0,0,0,0,0,40,0
34,2,0,1,2,0,0,40,0
34,1,3,0,3,0,0,40,0
45,0,0,1,2,0,0,40,0
35,3,1,1,1,0,0,37,0
43,3,0,1,1,0,0,40,0
27,1,1,3,0,0,0,40,0
47,1,3,0,3,0,0,40,0
39,2,0,1,1,0,0,38,0
27,3,0,3,1,0,0,40,0
26,4,0,0,1,0,0,35,0
24,3,0,3,1,0,1974,40,0
33,3,3,0,3,0,0,38,0
35,0,1,2,1,0,0,40,0
25,0,3,0,3,0,0,40,0
61,5,3,0,3,0,0,40,0
46,4,3,0,3,0,0,40,0
40,2,3,0,3,0,0,40,0
42,4,1,1,2,0,0,40,0
26,3,0,0,0,0,0,40,0
45,0,3,0,3,0,0,45,0
27,0,0,0,0,0,0,40,0
51,4,1,1,2,0,0,35,0
19,0,0,0,0,2176,0,45,0
68,6,1,3,1,0,0,40,0
25,3,0,3,0,0,0,45,0
33,3,0,3,0,0,0,40,0
31,1,0,1,2,0,0,39,0
39,2,3,1,3,0,0,50,0
24,0,3,2,3,0,0,39,0
35,3,2,3,1,0,0,40,0
19,1,0,1,0,0,0,38,0
48,2,3,1,3,0,0,40,0
61,5,3,0,4,3456,0,44,0
44,0,3,2,3,0,2377,35,0
46,2,3,0,3,0,0,40,0
37,0,1,4,1,0,0,40,0
34,0,1,3,2,0,0,40,0
27,1,0,1,1,0,0,49,0
24,1,3,0,4,0,0,40,0
69,5,3,1,3,1797,0,40,0
35,4,0,2,2,0,0,38,0
25,1,0,0,1,0,0,40,0
31,5,0,2,0,0,0,40,0
46,3,1,3,2,0,0,40,0
61,4,3,0,3,0,0,40,0
35,2,2,3,2,0,0,44,0
58,0,0,2,1,0,0,40,0
18,1,0,1,0,0,0,50,0
28,2,3,0,3,0,0,40,0
26,4,0,0,0,0,0,45,0
35,2,1,1,2,0,0,40,0
41,6,3,3,3,0,0,40,0
24,3,0,3,0,0,0,45,0
57,1,4,1,2,0,0,40,0
21,1,0,3,0,0,0,40,0
28,0,3,0,3,0,0,40,0
24,0,0,1,2,0,0,50,0
46,3,0,3,2,0,0,40,0
30,0,0,1,5,0,0,40,0
64,0,3,0,3,0,0,40,0
37,1,1,2,5,0,0,40,0
25,6,0,3,1,0,0,37,0
34,3,3,3,3,0,0,45,0
31,3,0,3,1,0,0,40,0
22,0,0,0,1,0,0,41,0
37,0,1,2,1,0,1980,35,0
33,1,1,3,1,0,0,40,0
44,1,1,2,2,0,0,35,0
29,3,0,3,1,0,0,40,0
40,3,0,3,1,0,0,50,0
22,1,3,1,3,0,1902,37,0
29,3,1,3,1,0,0,50,0
49,5,3,4,3,0,0,50,0
27,2,0,3,1,0,1876,36,0
23,1,0,3,0,0,0,40,0
51,4,3,0,3,0,0,45,0
48,4,3,0,3,0,0,44,0
37,1,3,0,3,0,0,40,0
26,0,0,2,0,0,0,40,0
57,0,1,2,1,0,0,40,0
44,6,3,1,3,0,0,40,0
30,0,3,0,3,0,0,40,0
51,0,1,1,2,0,1980,40,0
30,3,0,3,5,0,0,40,0
53,4,1,2,1,0,0,36,0
24,0,0,4,2,0,0,40,0
34,1,1,1,1,0,0,40,0
42,2,1,2,1,0,0,40,0
27,0,0,0,1,0,0,35,0
48,4,3,3,3,0,0,50,0
26,0,0,0,2,0,0,40,0
57,0,0,1,1,0,2258,40,0
27,0,0,1,1,0,0,40,0
28,5,0,2,5,2176,0,52,0
37,1,3,3,3,0,0,50,0
24,1,0,1,1,0,0,49,0
37,1,0,2,0,0,0,40,0
29,1,1,0,1,0,0,48,0
39,3,0,1,0,0,0,40,0
28,6,0,3,0,0,0,40,0
42,2,1,3,2,0,0,40,0
24,0,0,1,0,0,0,40,0
47,0,1,2,1,0,0,48,0
34,0,1,0,2,0,0,45,0
57,3,3,3,3,0,0,50,0
27,3,1,0,0,0,0,40,0
23,3,0,3,0,0,0,40,0
34,2,3,2,3,0,0,35,0
68,1,4,1,1,0,0,40,0
33,0,0,0,0,0,0,40,0
25,1,0,2,1,0,0,34,0
50,0,1,3,2,0,0,40,0
24,3,0,3,1,2174,0,45,0
38,0,1,0,2,0,0,40,0
38,0,3,4,3,0,0,50,0
35,3,2,3,2,0,0,40,0
57,0,1,1,1,0,0,45,0
40,4,3,0,3,0,0,40,0
23,2,0,3,0,0,0,40,0
47,0,1,0,1,0,0,40,0
26,3,0,2,5,0,0,45,0
19,5,0,0,5,0,0,40,0
42,0,1,1,2,0,0,40,0
65,4,3,0,3,0,0,35,0
37,3,3,1,3,0,0,50,0
36,0,1,0,0,0,0,40,0
31,1,3,1,4,0,0,40,0
46,0,3,0,3,0,0,40,0
56,1,3,2,3,0,0,40,0
31,0,1,1,2,0,0,35,0
40,0,3,2,3,0,0,45,0
57,0,4,1,1,0,0,36,0
49,4,3,0,3,0,0,40,0
38,0,3,1,3,0,0,45,0
48,4,3,0,3,0,0,40,0
57,5,1,2,2,0,0,35,0
59,2,3,1,3,0,1740,50,0
42,1,3,0,3,0,0,40,0
57,0,1,1,5,0,0,40,0
40,0,0,1,0,0,0,40,0
24,0,0,0,1,0,0,40,0
61,0,0,1,1,0,0,44,0
30,0,3,0,3,0,0,45,0
20,0,0,0,0,0,0,40,0
28,3,0,1,1,0,0,45,0
23,1,0,1,0,0,0,37,0
26,2,0,3,1,0,0,40,0
28,0,1,0,1,0,0,40,0
70,0,3,0,3,3471,0,33,0
42,1,0,0,1,0,0,40,0
69,0,3,0,3,0,0,40,0
34,0,1,1,2,7443,0,35,0
35,1,0,3,0,0,0,35,0
24,0,0,1,1,0,0,45,0
45,0,1,1,1,0,0,40,0
32,2,3,0,3,0,0,42,0
56,0,0,1,5,0,0,40,0
47,2,1,1,1,0,0,40,0
52,6,1,3,1,0,0,50,0
33,2,3,0,3,0,0,40,0
33,3,3,3,3,0,0,40,0
52,1,1,0,1,0,0,40,0
65,4,4,1,1,0,0,40,0
44,5,2,0,1,0,0,45,0
22,2,0,1,1,0,0,40,0
39,6,3,3,3,0,0,50,0
28,1,0,1,2,0,0,40,0
61,1,1,1,1,0,0,40,0
26,0,3,3,4,5013,0,40,0
33,1,1,3,2,0,0,40,0
51,3,4,1,1,0,0,40,0
28,0,3,0,3,0,0,40,0
56,1,3,4,3,0,0,50,0
30,0,0,2,0,0,0,40,0
26,0,3,0,3,0,0,40,0
34,1,1,2,2,0,0,37,0
55,4,4,1,1,0,0,40,0
50,1,1,1,1,0,0,40,0
50,3,0,3,1,0,0,40,0
41,1,3,0,3,0,0,35,0
35,0,3,0,3,0,0,40,0
29,2,1,2,2,0,0,45,0
24,3,0,1,1,0,0,40,0
25,4,0,0,5,0,0,40,0
31,0,0,1,1,0,0,40,0
59,4,4,2,5,0,0,40,0
24,1,0,0,1,0,0,40,0
25,3,0,3,1,0,0,40,0
42,0,1,2,1,0,0,40,0
49,4,3,0,3,0,0,40,0
33,3,0,1,1,1055,0,40,0
20,5,0,2,5,0,0,40,0
39,0,1,1,2,0,0,40,0
31,0,0,1,1,0,0,40,0
30,0,1,1,2,0,0,40,0
31,0,0,0,1,0,0,40,0
38,3,3,3,3,0,0,50,0
59,4,4,0,5,0,0,48,0
47,1,1,1,1,0,0,40,0
59,0,4,0,1,0,0,40,0
38,2,1,1,2,0,0,40,0
21,0,0,0,1,0,0,40,0
27,4,0,0,0,0,0,40,0
42,0,0,2,0,0,0,40,0
55,5,0,2,1,0,0,40,0
30,2,1,0,1,0,0,40,0
32,0,3,1,3,0,0,40,0
45,0,2,1,2,0,0,40,0
37,0,3,0,3,0,0,45,0
20,0,0,2,0,0,0,40,0
54,5,1,2,5,0,0,40,0
29,4,3,0,3,0,0,40,0
24,1,0,3,1,0,0,42,0
34,2,0,1,2,0,0,50,0
39,0,1,0,2,0,0,40,0
42,0,1,2,1,0,0,40,0
38,2,3,2,3,0,0,40,0
24,3,0,3,1,0,0,40,0
29,0,0,1,1,0,0,40,0
42,0,3,0,3,2885,0,40,0
44,1,1,1,2,0,0,40,0
41,0,1,1,2,0,0,40,0
62,0,3,1,3,0,0,40,0
43,3,3,3,3,0,0,40,0
33,1,1,1,2,0,0,50,0
48,0,4,1,2,0,0,40,0
23,0,0,1,0,0,0,40,0
22,4,0,4,1,0,0,40,0
53,3,0,3,1,0,0,40,0
36,0,3,3,3,0,0,50,0
34,0,0,0,0,0,0,40,0
26,0,3,1,3,0,0,40,0
49,0,3,1,3,5013,0,40,0
44,2,1,1,1,0,0,35,0
40,1,1,0,1,0,0,40,0
27,0,0,1,1,0,0,45,0
49,1,3,4,3,0,0,40,0
25,1,2,1,1,0,0,50,0
28,0,0,0,0,0,0,45,0
22,0,0,0,1,0,0,40,0
39,5,2,2,2,0,0,40,0
24,0,3,1,3,0,0,50,0
38,4,3,1,3,0,0,40,0
48,0,1,0,1,0,0,40,0
58,4,3,0,3,0,0,40,0
36,0,3,0,3,0,0,40,0
56,1,3,0,3,0,0,40,0
50,4,3,0,3,0,0,50,0
30,0,3,0,3,0,0,40,0
27,3,3,3,3,0,0,40,0
34,0,3,3,3,0,0,51,0
38,1,1,1,2,0,0,38,0
33,0,0,1,1,0,0,45,0
37,1,3,0,3,0,0,45,0
41,2,1,1,0,0,0,40,0
52,0,1,2,1,0,0,50,0
44,2,1,0,2,0,0,40,0
26,1,0,1,1,0,0,40,0
56,0,3,0,3,0,0,40,0
26,6,0,3,1,6849,0,50,0
29,0,0,3,1,0,0,40,0
22,0,0,3,0,0,2205,45,0
65,1,4,1,5,0,0,45,0
27,1,3,0,3,0,0,50,0
38,0,0,0,1,0,0,40,0
34,0,3,1,4,4064,0,35,0
53,1,4,1,1,0,0,40,0
26,3,0,3,1,0,0,35,0
22,1,0,0,1,0,0,40,0
76,1,4,0,1,0,0,40,0
50,5,2,2,2,0,0,34,0
31,0,0,3,1,0,0,50,0
49,1,1,1,2,0,0,40,0
55,0,1,1,2,0,0,40,0
29,6,0,3,1,0,0,40,0
40,0,3,0,3,0,0,40,0
24,3,0,1,0,0,0,40,0
29,0,0,0,0,0,0,40,0
37,1,3,3,3,0,0,50,0
28,0,0,1,1,0,0,50,0
43,1,1,0,1,0,0,37,0
25,0,3,2,3,0,0,50,0
41,1,1,0,1,0,0,40,0
30,3,0,0,1,4865,0,40,0
44,0,1,0,2,0,0,40,0
34,0,0,0,2,0,0,40,0
33,0,3,1,0,0,0,40,0
35,5,3,0,3,0,0,38,0
23,1,0,0,0,0,0,35,0
37,4,0,0,1,0,0,40,0
58,4,0,0,0,0,0,40,0
35,1,0,1,1,0,0,50,0
20,0,0,0,0,0,0,40,0
22,1,0,0,0,0,0,40,0
26,3,0,3,1,0,0,40,0
46,0,3,1,3,0,0,40,0
37,0,1,2,1,0,1980,35,0
37,3,3,1,4,0,0,50,0
26,0,3,1,3,0,0,36,0
37,2,3,0,3,0,0,50,0
35,0,1,1,2,0,0,40,0
25,1,3,1,4,0,0,40,0
45,1,3,0,3,0,0,40,0
57,5,3,4,3,0,0,45,0
52,1,1,3,2,0,0,40,0
46,0,1,0,1,0,1741,40,0
39,4,3,0,3,0,0,40,0
36,3,3,1,3,0,0,40,0
55,4,3,1,3,0,0,35,0
25,1,0,1,0,0,0,40,0
39,3,1,1,1,0,0,50,0
56,4,4,1,2,0,0,40,0
39,4,3,0,3,0,0,40,0
37,4,3,0,3,0,0,50,0
28,3,1,3,1,0,0,40,0
55,6,3,3,4,0,2267,40,0
45,0,0,0,0,0,0,40,0
47,0,3,1,3,0,0,40,0
24,2,3,1,4,0,0,40,0
24,0,0,0,1,0,0,40,0
46,0,3,0,3,0,0,40,0
25,0,3,0,3,0,0,40,0
63,4,3,0,3,0,0,40,0
45,2,3,0,3,0,0,40,0
31,3,2,3,1,0,0,40,0
26,3,0,3,1,0,0,40,0
53,5,3,0,3,0,0,40,0
52,1,0,3,1,0,0,40,0
55,1,3,0,3,0,0,40,0
43,3,2,1,2,0,0,42,0
27,0,1,0,1,0,0,40,0
35,1,3,0,3,0,0,45,0
26,3,0,1,0,0,0,45,0
48,0,1,1,2,0,0,52,0
31,3,0,3,2,0,0,50,0
46,0,2,2,1,0,0,35,0
29,4,3,0,3,0,0,44,0
26,0,1,1,0,0,0,40,0
52,0,1,1,1,0,0,40,0
37,0,3,0,3,0,0,46,0
58,1,1,0,1,0,0,40,0
29,0,0,0,0,0,0,40,0
49,0,3,0,3,0,0,40,0
50,0,3,2,3,0,0,40,0
39,1,0,1,0,0,0,40,0
33,6,0,3,1,0,0,40,0
24,0,0,0,2,0,0,40,0
33,0,3,0,3,0,0,35,0
46,4,1,0,2,0,0,40,0
44,3,3,3,3,5013,0,45,0
58,4,3,0,3,3781,0,40,0
22,0,0,2,5,0,0,40,0
31,4,1,2,2,0,0,40,0
31,0,3,0,3,0,0,51,0
40,1,3,0,3,2580,0,40,0
31,0,1,2,2,0,0,40,0
34,4,1,4,2,0,0,40,0
35,3,1,3,1,0,0,40,0
41,5,2,0,2,0,1719,40,0
66,2,4,3,1,0,0,35,0
23,5,0,0,1,0,0,40,0
21,1,3,0,3,0,0,40,0
22,1,0,1,0,0,0,50,0
27,1,1,1,0,0,0,40,0
31,5,0,0,1,0,0,40,0
32,4,1,0,2,0,0,40,0
34,1,0,3,1,0,0,45,0
24,0,0,0,0,0,0,50,0
54,1,4,0,2,0,0,50,0
49,0,3,3,3,0,0,35,0
30,0,1,2,1,0,0,40,0
44,0,0,1,5,0,0,40,0
40,3,0,2,1,0,0,40,0
61,0,3,3,3,0,0,50,0
24,0,0,1,0,0,0,40,0
26,1,3,1,3,0,0,40,0
30,1,3,0,3,0,0,40,0
38,0,0,4,1,0,0,48,0
31,4,3,0,3,0,0,43,0
59,0,1,1,2,0,0,35,0
57,6,3,1,3,0,0,40,0
58,3,3,3,3,0,0,40,0
29,4,1,0,2,0,0,40,0
41,3,3,2,3,0,0,50,0
58,0,1,1,1,0,0,40,0
45,0,1,3,1,0,0,40,0
35,0,1,2,1,0,0,40,0
39,0,1,0,1,0,1876,40,0
38,3,0,3,0,0,0,40,0
31,1,0,1,1,0,0,40,0
63,1,3,3,3,0,0,38,0
24,0,1,2,0,0,0,40,0
36,4,3,0,3,0,0,43,0
42,6,0,3,1,0,0,40,0
22,3,0,3,0,0,0,40,0
41,0,0,0,1,2174,0,41,0
39,6,3,2,3,3137,0,40,0
22,1,1,1,5,0,0,40,0
58,4,3,1,3,0,1672,40,0
57,4,4,0,1,0,0,40,0
66,6,1,3,1,3273,0,40,0
29,0,0,0,2,0,0,40,0
55,0,3,0,3,0,0,40,0
18,4,0,0,0,0,0,40,0
46,3,1,3,2,0,0,40,0
47,0,0,3,0,0,0,50,0
28,4,3,0,5,0,0,40,0
44,0,3,0,3,0,0,45,0
59,6,0,3,1,0,0,50,0
33,0,3,0,3,0,0,40,0
20,0,0,0,0,0,0,40,0
33,1,3,0,3,0,0,40,0
33,0,3,1,3,0,0,40,0
42,2,1,3,2,0,0,40,0
23,0,0,0,1,0,0,40,0
26,0,3,0,3,0,0,40,0
34,0,3,0,3,0,0,40,0
43,0,1,3,2,0,0,40,0
29,0,3,1,3,0,0,50,0
52,0,4,2,2,0,0,43,0
26,4,0,2,1,0,0,40,0
26,0,1,0,1,0,0,40,0
21,1,0,1,0,0,0,40,0
50,0,0,3,2,0,0,51,0
48,0,0,0,1,2174,0,40,0
38,4,3,0,3,0,0,40,0
60,0,0,4,2,0,0,42,0
45,2,3,0,3,0,0,45,0
58,0,3,3,3,0,0,50,0
25,0,2,3,1,0,0,45,0
21,1,0,1,0,0,0,40,0
56,0,4,1,2,0,0,40,0
33,0,3,0,3,0,0,40,0
34,0,3,0,3,0,0,40,0
25,0,0,0,2,0,0,40,0
27,3,0,3,0,0,0,40,0
58,1,3,0,3,0,0,50,0
26,1,0,0,2,0,0,35,0
52,1,3,3,3,0,0,40,0
30,0,1,0,1,0,0,43,0
24,1,0,2,1,0,0,50,0
42,0,3,3,4,0,0,40,0
30,3,2,1,1,0,0,40,0
46,3,1,3,5,0,0,40,0
30,3,3,2,3,0,0,40,0
33,1,0,1,1,0,0,40,0
27,3,0,0,1,0,0,45,0
23,1,1,1,1,0,0,40,0
23,0,0,0,5,0,0,40,0
28,0,0,0,2,0,0,50,0
22,1,0,1,1,0,0,50,0
38,4,1,1,1,0,0,44,0
39,5,3,0,3,0,0,40,0
29,0,3,0,3,0,0,45,0
41,0,1,0,1,0,0,50,0
41,1,3,0,3,0,0,40,0
28,1,3,1,4,0,0,40,0
23,3,0,1,1,0,0,40,0
35,2,3,1,4,0,0,40,0
29,4,0,0,0,0,0,40,0
23,4,0,0,1,0,0,40,0
31,0,1,1,1,0,0,34,0
24,1,3,1,3,0,0,40,0
41,1,0,1,0,0,0,40,0
30,0,0,1,1,0,0,35,0
22,0,0,2,0,0,0,40,0
29,0,3,0,3,0,0,40,0
46,2,1,3,2,0,0,40,0
48,5,3,0,3,0,0,40,0
21,1,0,1,1,0,0,40,0
47,2,3,0,3,5013,0,40,0
56,0,4,1,1,0,0,40,0
34,0,3,0,3,0,0,40,0
27,1,0,0,2,0,0,50,0
27,4,1,2,1,0,0,40,0
52,5,3,2,3,0,0,48,0
24,2,0,0,0,0,0,40,0
55,3,1,3,2,0,0,40,0
23,0,0,0,1,0,0,40,0
23,0,0,0,0,0,0,50,0
37,3,0,1,1,0,0,40,0
40,0,1,3,1,0,0,50,0
43,6,1,3,2,0,0,37,0
46,2,3,0,3,0,0,40,0
55,0,3,0,3,0,0,40,0
56,4,1,0,1,0,0,40,0
58,0,0,1,0,0,0,40,0
31,0,1,0,1,0,0,40,0
30,0,1,0,1,0,0,50,0
30,2,3,2,3,0,0,40,0
30,4,3,0,3,0,0,40,0
27,3,0,3,1,0,0,40,0
50,0,3,0,3,0,0,50,0
29,3,0,1,0,0,0,40,0
18,0,0,1,0,0,0,40,0
69,0,3,4,3,0,0,40,0
32,2,3,1,3,0,0,40,0
50,5,3,0,3,0,0,37,0
48,0,0,1,2,0,0,37,0
35,1,1,3,2,0,0,40,0
58,4,3,4,3,0,0,40,0
26,0,3,2,3,0,0,40,0
30,1,3,0,3,0,0,40,0
35,3,0,2,1,0,0,38,0
68,4,3,1,3,0,1258,40,0
34,0,0,0,0,0,0,40,0
24,0,0,2,0,0,0,40,0
26,4,0,0,1,0,0,40,0
46,2,0,1,1,0,0,40,0
33,6,0,3,1,0,0,50,0
29,1,3,0,3,0,0,45,0
39,6,3,3,3,0,0,45,0
29,3,0,3,1,0,0,40,0
35,3,1,3,2,0,0,36,0
34,4,0,0,1,0,0,40,0
42,0,3,0,3,0,0,50,0
36,4,3,0,3,0,0,40,0
19,0,0,0,0,0,0,40,0
45,6,1,0,1,0,0,40,0
44,1,1,3,0,3325,0,35,0
30,0,1,2,2,0,0,40,0
30,5,1,0,1,0,0,40,0
60,5,3,0,4,0,0,40,0
27,1,0,1,1,0,0,40,0
57,1,1,1,1,0,0,48,0
21,0,0,2,0,0,0,40,0
33,0,3,0,3,0,0,40,0
22,3,0,3,0,0,0,40,0
59,4,1,4,1,0,0,40,0
53,5,3,4,3,0,0,45,0
33,1,0,1,0,0,0,40,0
56,0,3,0,3,0,0,45,0
32,1,0,3,0,0,0,40,0
64,4,3,0,3,0,0,40,0
33,1,0,1,1,0,0,40,0
27,1,1,1,1,0,0,40,0
39,6,3,3,3,0,0,45,0
65,0,1,1,1,0,0,40,0
59,5,3,0,3,0,0,40,0
32,0,0,1,1,0,0,45,0
27,1,3,1,3,0,0,50,0
24,4,0,0,2,0,0,40,0
30,1,3,1,3,0,0,40,0
36,1,1,1,2,0,0,40,0
54,0,4,1,2,0,0,40,0
18,1,0,1,0,0,0,40,0
27,3,0,3,1,0,0,40,0
22,1,0,0,5,0,0,40,0
34,5,3,0,3,0,0,40,0
29,2,0,1,0,0,0,35,0
24,3,0,1,1,0,0,40,0
27,1,3,0,3,0,0,45,0
21,0,0,1,0,0,0,43,0
48,0,1,0,1,0,0,48,0
56,3,3,3,3,0,0,45,0
33,1,0,3,0,0,0,45,0
31,4,3,0,3,0,0,40,0
62,1,1,1,1,0,0,40,0
45,0,0,0,2,0,0,40,0
33,2,0,2,1,0,0,40,0
36,1,0,1,1,0,0,36,0
53,5,0,0,1,0,0,35,0
59,0,1,1,1,0,0,40,0
33,0,0,1,0,0,0,35,0
48,4,3,0,3,0,0,40,0
45,0,0,2,0,0,0,40,0
36,0,3,0,3,0,0,40,0
27,0,3,0,3,0,0,40,0
32,5,2,4,5,0,0,35,0
38,1,0,0,0,0,0,40,0
32,3,0,3,0,0,0,40,0
34,2,3,0,3,0,0,50,0
36,1,0,2,1,0,0,48,0
26,1,1,3,1,0,0,40,0
24,0,0,1,5,0,0,40,0
38,1,4,1,2,0,0,40,0
26,2,0,0,1,0,0,40,0
32,0,1,1,0,0,0,40,0
41,3,1,3,2,0,0,45,0
30,0,3,3,3,0,0,50,0
28,0,0,0,0,0,0,40,0
29,4,1,1,1,0,2754,42,0
81,5,4,0,2,1264,0,40,0
47,0,1,1,2,0,1504,35,0
22,1,0,1,0,0,0,40,0
27,3,3,3,3,0,0,50,0
37,1,1,0,1,0,0,35,0
60,0,3,2,3,0,0,40,0
25,3,3,3,4,0,0,40,0
27,0,1,1,1,0,0,45,0
33,2,3,3,3,0,0,50,0
49,6,3,1,3,0,0,45,0
25,0,0,1,0,0,0,35,0
31,4,1,2,1,0,0,38,0
42,0,1,1,2,0,0,40,0
27,1,0,2,0,0,0,40,0
33,0,1,0,0,0,0,40,0
31,0,1,1,1,0,0,40,0
38,3,3,3,4,0,0,40,0
55,4,3,0,3,0,0,40,0
52,3,3,1,3,0,0,40,0
41,1,0,2,0,0,0,40,0
40,4,3,0,3,0,0,40,0
23,3,0,3,1,0,0,50,0
42,6,1,3,1,4650,0,40,0
19,1,0,1,1,0,0,40,0
32,5,0,2,1,0,0,40,0
47,2,1,1,2,0,0,40,0
62,3,3,1,3,0,0,38,0
47,0,3,0,3,0,0,40,0
31,0,3,0,3,5013,0,40,0
57,3,1,3,1,0,0,35,0
35,0,0,2,1,0,0,40,0
26,0,1,0,1,0,0,40,0
38,0,3,1,3,0,0,50,0
26,3,0,1,0,0,0,40,0
58,4,3,0,3,0,0,50,0
51,0,1,0,1,2174,0,40,0
20,0,0,2,1,0,0,40,0
22,3,0,1,0,0,0,40,0
34,0,3,1,3,0,0,40,0
45,6,1,3,1,0,0,40,0
35,0,1,0,2,0,0,48,0
45,6,0,3,1,0,0,40,0
19,1,0,2,1,0,0,35,0
45,6,1,3,1,0,0,45,0
33,1,0,0,1,0,0,40,0
31,2,3,1,3,0,0,50,0
30,0,3,0,3,0,0,40,0
39,1,3,1,3,0,0,40,0
44,6,3,3,3,0,0,40,0
28,3,0,3,1,2174,0,40,0
54,0,1,0,1,0,0,40,0
43,0,3,0,3,0,0,40,0
22,3,0,3,1,0,0,50,0
49,1,0,0,0,0,0,40,0
40,1,1,1,1,0,0,35,0
28,1,3,1,4,0,0,40,0
29,0,0,3,1,0,0,50,0
29,0,3,0,3,0,0,45,0
37,1,3,0,3,0,0,40,0
47,3,1,0,1,0,0,50,0
60,3,3,0,3,0,0,40,0
42,0,3,0,3,0,0,40,0
30,0,3,0,3,0,0,45,0
44,1,1,0,5,0,0,40,0
28,3,0,1,1,0,0,50,0
25,0,1,2,1,0,0,50,0
36,0,3,1,3,0,0,45,0
41,5,3,4,3,0,0,40,0
25,0,3,0,3,0,0,40,0
34,4,3,0,3,0,0,40,0
29,0,3,1,3,0,0,50,0
44,0,0,3,1,0,0,52,0
19,1,0,1,0,0,0,40,0
54,0,1,0,1,0,0,40,0
57,0,3,0,3,0,0,40,0
30,0,0,3,0,0,0,40,0
50,0,1,1,2,0,0,46,0
44,5,3,4,3,0,0,40,0
49,0,1,2,2,0,0,40,0
53,5,3,0,3,0,0,40,0
24,5,1,0,0,0,0,40,0
53,2,3,3,4,0,0,37,0
28,0,3,0,3,0,0,45,0
22,0,0,2,0,0,0,40,0
27,0,1,1,0,0,0,40,0
35,1,1,1,2,0,0,40,0
38,0,3,2,3,0,0,40,0
19,1,0,1,1,0,0,40,0
28,1,0,1,0,0,0,40,0
50,0,3,0,3,0,0,50,0
52,0,3,0,3,0,0,40,0
71,0,3,0,3,0,0,40,0
49,5,1,2,2,0,0,35,0
23,0,0,1,0,0,0,35,0
45,0,1,1,1,0,1590,40,0
58,4,3,0,3,0,0,40,0
38,0,1,2,2,0,0,40,0
54,1,3,3,3,0,0,40,0
51,0,1,0,2,0,0,38,0
28,3,3,3,3,0,0,40,0
23,2,0,3,1,0,0,50,0
35,3,0,0,1,0,0,35,0
39,1,3,0,0,0,0,40,0
24,3,0,3,0,0,0,40,0
73,0,0,2,1,0,0,36,0
33,1,0,1,1,0,0,50,0
52,0,3,0,3,2105,0,40,0
25,1,0,1,1,2174,0,50,0
29,6,0,3,1,0,0,50,0
29,1,1,1,1,0,0,35,0
45,6,1,3,1,0,0,45,0
31,3,0,3,2,0,0,40,0
23,0,0,2,0,0,0,45,0
44,1,1,0,1,0,0,42,0
24,1,0,0,1,0,0,40,0
31,1,0,2,1,0,0,40,0
48,1,3,3,3,0,0,45,0
23,4,0,0,5,0,0,35,0
63,4,3,4,3,0,0,50,0
29,1,0,0,1,0,0,45,0
26,4,3,0,3,0,0,35,0
42,0,3,0,3,0,0,40,0
25,4,0,1,2,0,0,40,0
51,3,3,0,3,0,0,50,0
39,6,3,2,3,3137,0,40,0
44,1,3,0,3,0,0,40,0
32,5,3,0,3,0,0,40,0
27,3,0,1,0,0,0,35,0
32,6,0,3,1,0,0,45,0
35,0,1,0,2,0,0,40,0
36,4,3,0,3,0,0,40,0
43,2,1,0,1,0,0,40,0
32,0,3,0,3,0,0,42,0
27,1,0,0,1,0,0,38,0
38,0,1,3,2,0,0,40,0
30,4,3,0,3,0,0,50,0
39,0,0,1,1,0,0,40,0
43,1,3,0,3,0,1485,50,0
29,1,0,1,2,2174,0,40,0
27,3,0,1,1,0,0,50,0
59,0,1,3,1,0,0,40,0
26,3,0,1,1,0,0,40,0
43,6,1,3,2,914,0,40,0
38,4,1,1,1,0,0,40,0
37,1,3,3,3,4064,0,46,0
50,4,1,2,2,0,0,40,0
32,4,3,0,3,0,0,40,0
44,0,3,0,3,0,0,45,0
41,2,1,0,0,0,0,40,0
26,0,3,0,3,0,0,40,0
57,0,1,1,2,0,0,40,0
25,2,0,1,0,0,0,40,0
58,4,3,0,3,0,0,40,0
39,1,3,3,3,0,0,40,0
22,3,0,1,0,0,0,40,0
57,0,1,0,1,0,0,48,0
49,0,1,1,1,0,0,36,0
62,2,4,3,2,0,0,40,0
29,3,3,1,3,0,0,41,0
65,0,1,1,1,0,0,40,0
30,1,0,0,1,0,0,40,0
33,5,0,4,1,0,0,40,0
29,3,0,1,1,0,0,40,0
25,3,3,2,4,0,0,40,0
55,1,1,1,1,0,0,40,0
26,0,3,0,3,0,0,45,0
39,6,0,1,1,0,0,40,0
36,0,1,1,2,0,0,40,0
24,0,0,0,5,0,0,45,0
24,1,0,0,0,0,0,40,0
48,5,3,1,3,0,0,52,0
33,0,2,1,1,0,0,40,0
31,1,0,1,1,0,0,45,0
36,5,1,0,1,0,0,40,0
25,0,0,0,5,0,0,40,0
45,4,4,1,2,0,0,40,0
31,1,3,0,3,0,0,40,0
41,1,3,1,4,0,0,40,0
43,3,1,3,1,0,0,40,0
37,4,3,2,4,0,0,40,0
31,0,3,1,3,0,0,40,0
31,0,3,1,3,0,0,40,0
41,5,3,0,3,0,0,40,0
53,0,3,1,3,0,0,50,0
35,0,1,0,1,0,0,40,0
51,1,1,2,1,0,0,40,0
23,3,3,1,3,0,0,40,0
35,1,1,1,1,0,0,40,0
35,6,3,0,3,0,0,40,0
53,0,1,1,1,0,0,35,0
67,0,3,4,3,0,0,35,0
38,3,3,1,3,0,0,48,0
20,1,0,2,0,0,0,40,0
61,1,1,1,1,0,0,40,0
24,2,0,3,0,0,0,40,0
56,5,3,0,3,0,0,40,0
48,2,1,1,1,0,0,40,0
38,3,3,1,3,0,0,38,0
38,2,0,1,1,0,0,40,0
33,3,1,3,2,0,0,40,0
28,0,0,3,1,0,0,40,0
49,2,1,1,1,2597,0,40,0
52,0,1,1,2,0,0,40,0
58,0,1,2,1,2907,0,43,0
33,0,0,0,2,0,0,40,0
54,1,3,1,3,0,0,40,0
49,4,1,2,2,0,0,45,0
28,1,0,2,1,0,0,40,0
31,0,1,2,0,0,0,40,0
28,0,0,0,1,0,0,48,0
56,1,1,2,1,0,0,50,0
44,0,1,1,2,0,0,40,0
30,0,1,0,0,0,0,40,0
28,3,0,1,0,0,0,35,0
31,5,3,0,3,0,0,40,0
45,2,3,1,3,3411,0,40,0
51,4,1,0,2,0,0,50,0
41,3,4,3,1,0,0,45,0
28,0,3,2,3,0,0,40,0
36,0,3,0,3,0,0,40,0
42,1,3,3,3,0,0,50,0
32,4,3,0,3,0,0,40,0
19,0,0,0,1,0,0,40,0
32,6,0,1,1,0,0,40,0
46,4,0,2,1,0,0,40,0
41,3,0,3,1,0,0,40,0
30,1,0,0,1,0,0,40,0
24,1,0,2,0,0,0,40,0
52,0,1,0,2,0,0,40,0
42,4,3,1,3,0,0,45,0
32,1,1,1,2,3887,0,40,0
69,0,3,1,3,0,0,33,0
39,6,3,3,3,0,0,48,0
26,1,0,3,1,0,0,50,0
60,0,3,1,3,0,0,40,0
30,0,3,0,3,0,2057,40,0
26,1,0,3,0,0,0,40,0
27,1,0,3,2,0,0,40,0
34,0,1,1,2,0,0,35,0
37,0,0,2,1,0,0,40,0
34,0,2,2,1,0,0,35,0
23,2,0,1,0,0,0,36,0
57,4,3,0,3,0,0,40,0
47,3,3,3,3,0,0,40,0
23,0,0,2,0,0,0,40,0
33,4,0,0,0,0,0,40,0
32,1,1,2,2,0,0,40,0
33,3,0,3,1,0,0,40,0
45,4,0,1,1,0,0,35,0
40,6,0,3,1,0,0,35,0
39,0,3,0,3,0,0,35,0
37,1,0,3,2,0,0,40,0
28,6,3,3,3,0,0,40,0
27,3,0,1,1,0,0,40,0
33,0,1,1,1,0,0,40,0
29,0,3,0,3,0,0,40,0
40,0,1,0,2,0,0,45,0
28,3,1,3,1,0,0,40,0
68,0,3,4,3,2414,0,40,0
48,4,3,0,3,0,0,40,0
43,3,1,4,1,0,0,35,0
56,1,3,2,3,0,0,40,0
23,2,0,0,2,0,0,40,0
41,5,3,4,3,3411,0,40,0
37,1,3,0,3,0,0,40,0
25,3,0,0,0,0,0,40,0
46,0,0,0,1,0,0,45,0
37,2,3,4,3,2105,0,50,0
27,0,3,0,3,0,0,40,0
51,4,0,2,1,0,0,40,0
44,3,0,3,1,0,0,50,0
20,0,0,0,0,0,0,40,0
31,1,3,0,3,0,1579,40,0
37,0,3,1,3,0,0,45,0
36,1,0,1,0,0,0,40,0
37,0,0,0,1,0,0,40,0
58,0,1,1,1,0,0,40,0
40,0,1,3,2,0,0,40,0
23,4,0,1,2,0,0,40,0
30,3,1,1,1,0,0,40,0
22,1,0,0,1,0,0,40,0
27,0,3,0,3,0,0,48,0
21,1,0,1,1,2597,0,45,0
50,4,3,0,3,2885,0,40,0
26,1,0,2,1,0,0,35,0
44,0,3,0,3,0,0,40,0
45,3,1,3,1,0,0,35,0
25,0,0,0,1,0,0,40,0
52,0,1,1,1,0,0,40,0
29,0,3,0,3,0,0,40,0
59,5,3,0,3,0,0,40,0
30,0,1,3,1,2354,0,40,0
34,3,0,3,1,0,0,40,0
63,3,4,3,1,4650,0,48,0
23,1,0,2,0,0,0,40,0
25,0,3,0,3,2407,0,40,0
34,1,3,3,3,0,0,45,0
34,0,3,1,3,0,0,40,0
31,4,0,1,2,0,0,40,0
26,0,0,0,1,0,0,40,0
47,3,3,3,3,0,0,50,0
25,1,1,1,2,0,0,40,0
33,3,3,1,3,0,1579,42,0
68,0,3,1,3,0,0,40,0
19,0,0,0,0,0,0,40,0
31,5,3,0,3,0,0,35,0
41,3,0,1,0,0,0,40,0
62,0,3,1,3,0,0,40,0
35,2,4,3,1,0,0,40,0
41,1,0,3,1,0,0,50,0
32,0,1,0,1,0,0,40,0
39,0,3,0,3,0,0,40,0
42,0,3,0,3,0,0,40,0
36,6,0,3,1,0,0,40,0
40,0,3,1,3,2829,0,40,0
23,1,3,0,3,0,0,40,0
58,1,4,2,1,0,0,40,0
45,6,0,3,1,0,0,40,0
42,5,3,2,3,0,0,40,0
28,1,0,1,0,0,0,40,0
47,1,1,1,1,0,0,33,0
32,1,3,1,3,0,0,50,0
55,6,1,3,1,0,0,35,0
24,5,3,0,5,0,0,40,0
20,0,0,1,0,0,0,40,0
25,0,0,0,1,0,0,40,0
48,0,3,0,3,0,0,40,0
36,1,1,1,1,0,0,40,0
32,6,3,3,3,0,0,48,0
36,4,0,4,2,0,0,40,0
51,0,3,0,3,0,0,40,0
47,3,3,3,3,0,0,40,0
43,0,0,1,0,0,0,40,0
47,0,1,0,2,0,625,40,0
22,3,0,3,0,0,0,50,0
20,0,0,1,2,0,0,38,0
30,2,3,3,3,0,0,48,0
44,1,2,0,2,0,0,40,0
37,1,0,3,1,2174,0,40,0
43,0,3,0,3,0,0,40,0
24,0,3,2,3,0,0,40,0
37,1,1,0,1,0,0,40,0
19,0,0,0,0,0,0,40,0
29,1,0,0,0,0,1719,48,0
31,1,1,2,2,0,0,48,0
45,1,0,3,1,0,0,35,0
29,0,3,0,3,0,0,45,0
30,4,1,1,0,0,0,40,0
47,1,1,2,2,0,0,40,0
24,5,2,4,1,0,0,40,0
36,1,1,1,2,0,0,40,0
32,0,0,1,1,0,0,40,0
31,2,3,0,3,0,0,40,0
24,0,3,0,3,0,0,40,0
59,0,3,0,3,0,0,45,0
59,0,3,0,3,0,0,40,0
27,3,0,3,0,0,0,40,0
22,0,0,1,0,0,0,40,0
28,2,0,2,1,0,0,40,0
28,2,0,1,1,0,0,40,0
43,0,1,0,1,0,0,40,0
33,3,0,3,1,0,0,40,0
38,0,0,1,0,0,0,40,0
33,2,3,0,3,0,0,45,0
20,0,0,0,0,0,0,40,0
31,0,0,0,0,0,0,40,0
32,0,3,0,3,2407,0,40,0
33,2,1,3,1,0,0,45,0
32,2,0,1,1,0,0,40,0
52,6,3,3,3,5013,0,40,0
40,1,1,1,2,0,0,40,0
25,3,3,2,4,0,0,40,0
53,3,0,3,1,0,0,40,0
40,5,3,0,3,0,0,40,0
25,3,0,3,1,0,0,40,0
26,1,3,2,5,0,0,40,0
33,0,3,0,3,0,0,40,0
35,3,0,2,1,0,0,45,0
51,0,1,2,0,0,0,40,0
62,4,3,1,3,0,0,35,0
38,0,0,1,2,0,0,35,0
27,1,3,1,3,0,0,40,0
32,0,0,0,1,0,0,40,0
47,0,0,1,5,0,0,40,0
36,3,1,3,1,0,0,50,0
30,3,3,3,4,0,0,40,0
25,0,3,0,3,0,0,50,0
37,0,3,0,3,0,2129,40,0
52,5,2,0,5,0,0,40,0
22,0,0,1,1,0,0,40,0
23,0,0,0,2,0,0,40,0
58,1,3,1,3,0,0,36,0
32,0,3,1,3,0,0,40,0
20,0,0,1,1,0,0,40,0
27,1,0,2,0,0,0,40,0
36,0,3,0,3,0,0,40,0
56,0,1,2,2,0,0,40,0
27,6,0,1,0,0,0,50,0
38,1,3,3,3,0,0,50,0
24,3,0,3,1,0,0,40,0
21,0,0,2,5,0,0,40,0
38,4,3,0,3,0,0,40,0
58,0,3,0,3,0,0,40,0
34,4,3,0,0,0,0,40,0
35,5,3,0,3,0,0,40,0
49,3,3,1,3,0,0,40,0
27,5,3,2,3,0,0,52,0
33,3,0,3,1,0,1408,36,0
46,0,1,1,2,0,0,40,0
34,0,1,1,0,0,0,40,0
33,0,3,0,3,0,0,50,0
53,4,3,2,3,0,0,40,0
43,5,1,4,1,0,0,40,0
21,0,0,1,1,0,0,40,0
32,1,0,2,1,0,0,35,0
33,3,3,3,3,0,0,51,0
24,3,0,3,1,0,0,50,0
44,3,1,3,2,0,0,45,0
31,3,2,3,1,0,0,40,0
38,1,3,3,3,0,0,40,0
55,6,1,3,1,0,0,45,0
63,1,1,2,1,0,0,40,0
23,4,3,0,0,0,0,40,0
45,4,1,0,1,0,0,40,0
20,0,0,0,0,0,0,40,0
30,0,3,3,3,0,0,50,0
53,6,1,3,1,4865,0,40,0
45,3,4,2,0,0,0,40,0
35,0,3,0,3,0,0,50,0
47,0,3,0,3,0,0,40,0
35,0,2,1,2,0,0,40,0
36,6,0,3,1,0,1408,40,0
59,0,4,1,2,0,0,40,0
27,0,0,2,1,0,0,42,0
34,1,1,1,2,0,0,40,0
37,3,3,3,3,0,0,40,0
40,1,1,3,1,0,1408,48,0
35,3,0,1,1,0,0,50,0
35,4,3,1,4,0,0,40,0
25,0,3,0,3,0,0,48,0
20,2,0,2,0,0,0,40,0
40,1,3,3,4,0,0,40,0
56,5,1,0,2,0,0,40,0
30,1,0,3,0,3325,0,50,0
56,1,0,0,2,0,0,40,0
61,0,1,1,1,0,0,40,0
18,4,0,3,0,0,0,40,0
25,0,0,0,1,0,0,40,0
56,0,1,2,1,0,0,50,0
26,4,3,2,5,0,0,50,0
36,2,0,1,1,0,0,40,0
39,1,0,0,1,0,0,50,0
25,6,3,3,3,0,0,40,0
32,0,3,1,3,0,0,50,0
32,0,0,0,0,0,0,50,0
32,3,3,3,5,0,0,40,0
69,3,1,3,1,0,0,40,0
32,0,0,1,1,0,0,45,0
38,0,3,0,3,0,1672,50,0
20,0,0,0,0,0,0,40,0
31,0,3,0,3,0,0,40,0
34,3,0,3,1,0,0,40,0
46,1,2,1,1,0,0,50,0
59,0,4,0,1,0,0,40,0
42,3,3,1,3,0,0,45,0
90,0,3,0,3,0,0,40,0
46,2,1,1,2,0,0,38,0
26,1,0,1,1,0,0,40,0
28,0,3,0,3,0,0,40,0
30,0,1,1,2,0,0,40,0
56,4,0,0,1,0,0,40,0
43,3,1,1,2,0,0,40,0
41,0,0,0,1,0,0,50,0
27,0,0,0,2,0,0,40,0
31,1,3,0,3,0,0,40,0
51,4,4,1,2,0,0,40,0
28,1,3,0,3,0,0,40,0
34,0,0,0,0,0,0,40,0
43,1,0,1,2,0,0,40,0
27,0,0,0,0,0,0,40,0
28,3,3,1,3,0,0,50,0
41,2,3,3,3,0,0,40,0
36,0,3,3,3,0,0,40,0
32,0,1,0,1,0,0,40,0
45,0,3,2,4,0,0,35,0
30,0,3,0,3,0,0,40,0
27,0,1,1,0,0,0,40,0
35,0,0,0,1,0,0,40,0
36,0,0,3,1,0,0,38,0
51,2,0,1,1,0,0,40,0
54,3,3,1,3,0,0,40,0
21,5,0,0,0,0,0,40,0
35,5,3,0,3,0,0,40,0
32,3,0,3,1,0,0,45,0
21,1,0,2,1,0,0,40,0
31,3,3,3,3,0,0,50,0
31,0,1,1,1,2202,0,40,0
34,0,3,4,3,0,0,50,0
40,4,0,2,2,0,0,40,0
41,6,3,3,3,0,0,35,0
31,1,3,0,3,0,0,40,0
63,4,1,4,1,0,0,40,0
34,1,3,0,3,0,0,50,0
32,1,0,0,1,0,0,38,0
46,2,3,0,3,0,0,42,0
53,1,0,2,1,0,0,40,0
42,1,1,1,2,0,0,40,0
25,3,0,3,1,0,0,40,0
49,0,1,1,2,0,0,38,0
23,1,0,0,0,0,1504,40,0
43,2,3,0,3,0,0,40,0
59,0,1,2,1,0,0,40,0
42,5,1,1,1,0,0,40,0
37,1,0,3,1,0,0,50,0
45,3,1,3,2,0,0,40,0
40,0,0,1,1,6849,0,38,0
56,4,3,0,3,0,0,45,0
62,5,1,0,1,0,0,40,0
35,0,0,0,0,0,0,40,0
53,0,3,0,3,0,0,40,0
62,5,4,0,1,0,0,40,0
27,1,1,1,2,0,0,40,0
22,2,0,3,1,0,0,40,0
57,5,1,2,1,0,0,37,0
40,1,1,1,2,0,0,40,0
42,0,3,1,3,0,0,40,0
35,1,3,0,3,0,0,52,0
40,0,0,2,1,0,0,35,0
19,0,0,1,0,0,0,35,0
62,2,3,3,3,3137,0,40,0
20,4,0,0,1,0,0,40,0
26,3,0,2,0,0,0,40,0
23,0,1,1,1,0,0,40,0
30,0,3,3,3,0,0,40,0
56,1,3,0,3,0,0,45,0
35,4,3,4,3,0,0,40,0
34,3,3,3,4,0,0,40,0
41,1,1,1,2,0,0,40,0
23,3,0,1,0,2174,0,40,0
68,0,4,0,1,3273,0,42,0
27,3,0,1,5,0,0,40,0
60,0,1,1,2,0,0,37,0
35,0,1,0,1,0,0,45,0
23,1,0,0,1,0,0,40,0
29,0,0,0,1,0,0,40,0
36,3,1,3,1,0,1876,44,0
36,0,0,0,0,0,0,40,0
39,3,1,1,2,0,0,35,0
28,0,0,0,0,0,0,40,0
39,1,3,1,3,0,0,40,0
54,2,3,0,3,0,0,40,0
29,0,1,1,1,0,0,40,0
28,0,3,0,3,0,0,45,0
25,0,0,0,2,0,0,40,0
32,2,3,1,3,0,0,40,0
37,1,3,3,3,4064,0,46,0
45,1,1,1,1,0,0,45,0
36,0,1,1,2,0,0,40,0
47,5,1,2,2,0,0,40,0
42,0,3,0,3,0,0,40,0
22,1,0,0,0,0,0,40,0
34,6,1,3,1,0,0,50,0
37,1,3,1,3,0,1485,50,0
40,0,3,0,3,0,0,40,0
34,0,3,2,3,0,0,50,0
31,3,3,3,3,0,0,40,0
23,3,0,1,1,0,0,45,0
45,0,1,2,1,0,0,40,0
34,4,3,0,3,0,0,40,0
35,3,3,3,3,0,0,50,0
26,0,0,0,0,0,0,40,0
27,0,3,1,4,3464,0,40,0
37,1,0,1,5,0,0,40,0
45,6,0,3,1,0,0,40,0
30,0,3,0,3,0,2002,43,0
43,2,0,0,2,0,0,40,0
61,4,0,2,0,4416,0,38,0
32,0,0,1,1,0,0,50,0
34,0,1,3,2,0,0,38,0
50,0,3,4,3,0,0,50,0
36,0,3,1,3,0,0,40,0
47,3,2,1,1,0,0,40,0
26,3,0,3,1,0,0,45,0
24,0,0,0,0,0,0,40,0
24,0,3,2,3,0,0,40,0
32,0,3,0,3,0,0,50,0
23,5,0,0,0,0,0,40,0
29,2,1,1,2,3418,0,40,0
26,0,3,1,3,0,0,40,0
36,2,1,2,2,0,0,37,0
42,0,3,4,3,0,0,50,0
37,0,3,1,3,0,1740,40,0
40,0,3,0,3,0,0,40,0
25,0,0,0,1,0,0,45,0
27,6,0,3,0,0,0,40,0
37,0,0,0,1,0,0,38,0
34,0,0,1,1,0,0,40,0
47,0,3,0,3,0,2002,42,0
48,0,1,0,1,0,0,40,0
51,0,0,1,1,0,0,40,0
46,1,3,0,3,0,0,44,0
33,0,3,0,3,0,0,40,0
56,4,3,0,3,0,0,40,0
47,0,3,2,4,0,0,38,0
37,1,1,1,2,0,0,39,0
29,1,3,1,4,0,0,40,0
75,4,0,3,1,0,0,50,0
65,2,3,3,3,3818,0,40,0
41,0,1,2,2,0,0,40,0
37,2,0,1,1,0,0,46,0
28,1,1,1,1,0,0,40,0
43,5,0,1,0,0,0,40,0
27,0,0,0,2,0,0,40,0
38,3,1,1,0,0,0,50,0
32,1,1,1,2,0,0,41,0
26,0,0,3,1,0,0,40,0
90,4,0,1,1,0,0,40,0
38,0,0,1,1,0,0,50,0
23,0,0,4,0,0,0,40,0
55,0,3,1,3,0,0,35,0
45,5,1,0,2,0,0,40,0
24,0,0,0,2,0,0,45,0
36,4,1,1,1,0,0,40,0
55,0,3,0,3,3411,0,40,0
33,6,3,3,3,0,0,50,0
22,3,0,3,1,0,0,40,0
48,1,0,1,1,0,0,43,0
18,0,0,0,0,0,0,40,0
23,0,0,1,1,0,0,40,0
59,4,3,0,3,0,0,50,0
45,0,1,1,2,0,0,40,0
22,0,1,2,2,0,0,35,0
57,5,3,0,3,0,0,40,0
55,0,1,1,2,0,0,40,0
47,3,2,3,1,0,0,40,0
31,0,3,4,3,0,0,40,0
29,0,3,1,3,0,0,40,0
37,0,3,0,3,0,0,40,0
56,4,4,3,1,0,0,40,0
24,1,1,1,1,0,0,50,0
34,2,0,1,1,0,0,40,0
41,0,1,0,1,0,0,40,0
39,0,3,1,3,0,0,50,0
60,5,3,0,3,0,0,40,0
21,2,0,2,0,0,0,36,0
44,1,3,0,3,0,0,40,0
59,4,3,0,3,0,0,40,0
33,0,3,2,3,0,0,40,0
43,5,3,0,3,0,0,40,0
26,3,1,1,1,0,0,40,0
62,0,1,1,2,0,0,40,0
45,0,0,1,1,0,0,44,0
48,0,3,1,3,0,0,40,0
22,3,0,3,0,0,0,35,0
40,3,3,3,3,0,0,50,0
32,4,0,2,2,0,0,40,0
21,4,1,1,2,0,0,38,0
35,0,3,2,3,0,0,40,0
29,4,0,0,0,0,0,40,0
35,3,3,3,3,0,0,40,0
26,4,3,0,3,0,0,40,0
19,1,0,3,0,0,0,40,0
22,2,0,0,1,0,0,45,0
34,4,1,2,2,0,0,40,0
42,4,3,0,3,0,0,40,0
58,4,3,0,3,0,0,40,0
57,0,0,3,1,0,0,45,0
33,2,0,3,1,0,0,40,0
32,1,1,2,1,0,1408,40,0
25,3,0,1,1,0,0,40,0
42,2,3,0,3,0,0,48,0
31,1,3,2,3,0,0,40,0
45,4,1,0,5,0,0,35,0
44,4,0,0,2,0,0,40,0
42,0,1,0,1,0,0,40,0
18,4,0,4,0,0,0,40,0
32,0,1,1,1,0,0,38,0
45,0,3,1,4,0,0,37,0
22,4,0,0,2,0,0,40,0
22,0,0,0,1,0,0,48,0
33,3,0,1,1,0,0,40,0
27,1,0,1,1,0,0,40,0
33,2,3,0,3,0,0,45,0
31,0,3,0,3,0,0,40,0
35,0,3,0,3,0,0,50,0
42,3,1,2,1,0,0,40,0
20,0,0,1,0,0,0,40,0
27,1,1,3,0,0,0,40,0
30,2,3,0,3,0,0,40,0
44,0,3,0,3,0,0,40,0
26,1,3,1,3,0,0,45,0
56,0,3,0,3,0,0,40,0
21,1,0,0,0,0,0,40,0
36,0,1,1,2,0,0,40,0
54,4,3,0,3,0,1902,35,0
54,0,1,1,1,0,0,40,0
38,1,1,0,1,0,0,40,0
25,1,0,2,5,0,0,40,0
42,2,1,1,1,0,0,40,0
50,0,3,2,4,0,0,39,0
37,6,1,3,2,0,0,40,0
50,6,1,3,1,0,0,45,0
29,4,1,0,2,0,0,40,0
24,3,0,3,1,0,0,40,0
35,3,0,1,1,0,0,40,0
43,0,3,1,3,0,0,50,0
25,3,0,3,0,0,0,40,0
48,6,3,3,3,0,0,45,0
31,0,0,0,1,0,0,44,0
17,4,0,2,5,0,0,40,0
50,1,3,1,3,0,0,50,0
54,0,1,1,1,0,0,40,0
40,6,0,3,1,0,0,40,0
35,0,3,0,1,0,0,40,0
25,2,0,1,1,0,0,40,0
40,2,0,3,1,0,0,40,0
42,0,1,3,1,5455,0,50,0
28,4,3,2,4,0,0,40,0
19,0,0,0,0,0,0,40,0
28,1,0,3,1,0,0,35,0
27,6,0,1,1,0,0,46,0
40,1,1,1,1,0,0,40,0
35,4,3,0,3,0,0,50,0
36,5,3,4,3,0,0,35,0
28,0,3,1,0,0,0,40,0
27,2,0,0,5,0,0,40,0
24,3,0,1,1,0,0,40,0
60,5,1,2,2,0,0,40,0
30,1,1,0,2,0,0,50,0
47,0,3,1,3,0,0,38,0
77,0,4,1,1,0,0,40,0
52,0,3,1,3,0,0,40,0
50,1,1,2,1,0,0,45,0
50,3,3,1,3,0,0,50,0
23,3,0,1,1,0,0,50,0
36,0,1,0,0,0,0,40,0
46,1,1,1,1,0,0,50,0
33,2,3,1,3,0,0,45,0
33,0,3,1,4,0,0,52,0
36,0,0,0,1,0,0,40,0
31,0,3,2,4,0,0,35,0
28,3,0,1,0,0,0,40,0
45,0,0,1,1,0,0,40,0
40,0,3,1,3,0,0,40,0
49,4,3,0,3,0,0,40,0
26,3,0,0,1,0,0,40,0
45,3,1,3,2,0,0,40,0
42,0,1,0,2,0,0,40,0
43,0,1,2,1,0,1762,35,0
46,0,3,1,3,0,0,50,0
48,0,3,2,3,0,0,40,0
27,6,0,3,0,0,0,35,0
36,1,3,1,3,0,0,40,0
44,3,0,1,1,0,0,35,0
44,6,3,1,3,0,0,40,0
41,6,0,3,1,0,0,40,0
61,0,1,1,1,0,0,40,0
45,6,4,0,5,0,0,40,0
33,1,1,1,0,0,0,35,0
38,3,0,3,1,0,0,40,0
39,6,1,3,1,0,0,40,0
27,3,0,3,1,0,0,50,0
48,5,3,0,3,0,0,40,0
42,1,4,1,2,0,0,40,0
28,4,3,0,3,0,0,40,0
23,3,0,4,1,0,0,40,0
23,1,1,0,0,0,0,40,0
41,0,3,0,3,0,0,40,0
27,1,0,0,1,0,0,48,0
47,0,1,1,2,0,0,40,0
38,0,3,0,3,0,0,50,0
26,2,1,3,2,0,0,36,0
33,0,2,1,1,0,0,40,0
67,5,4,0,1,2062,0,34,0
24,0,3,0,3,0,0,40,0
36,0,0,3,0,0,0,41,0
44,6,3,0,3,0,0,40,0
39,0,1,0,2,0,0,40,0
61,5,1,2,1,0,0,35,0
23,0,3,0,3,0,0,40,0
25,0,0,3,0,0,0,40,0
26,2,0,2,1,0,0,40,0
47,0,4,1,1,2174,0,40,0
40,6,3,1,3,0,0,40,0
23,0,3,0,3,0,0,40,0
23,0,3,0,0,0,0,40,0
52,0,1,0,1,0,0,40,0
26,1,0,3,1,0,0,40,0
42,3,0,1,1,0,0,40,0
41,2,3,4,3,0,0,45,0
34,0,0,0,0,0,0,40,0
43,6,3,3,3,0,0,45,0
40,0,0,0,1,0,0,40,0
51,3,3,1,3,7688,0,50,1
50,6,3,3,3,15024,0,50,1
58,0,3,3,3,0,0,40,1
30,3,1,1,1,0,1564,40,1
37,2,3,0,3,0,0,50,1
42,0,3,0,3,7688,0,45,1
32,3,3,1,3,0,0,50,1
34,1,3,0,3,0,1887,40,1
30,4,0,0,1,0,0,45,1
53,6,3,3,3,3103,0,40,1
59,1,3,3,3,0,0,45,1
43,6,3,3,3,0,0,42,1
36,6,3,3,3,0,0,40,1
32,6,3,3,3,0,0,40,1
57,5,3,0,3,0,0,40,1
36,0,3,0,3,0,0,45,1
32,3,0,3,0,10520,0,40,1
35,3,3,1,3,0,0,45,1
56,0,3,1,3,0,0,40,1
58,2,3,3,3,0,0,40,1
36,3,3,1,4,0,0,35,1
54,0,3,0,3,0,0,40,1
25,0,3,0,3,0,0,40,1
47,3,3,3,4,0,0,40,1
36,6,3,3,3,7298,0,50,1
29,3,3,3,3,0,1848,40,1
53,1,3,1,3,0,1887,48,1
48,6,3,3,4,0,1902,46,1
52,2,3,0,3,0,0,48,1
34,3,3,3,3,0,0,40,1
46,1,3,0,3,0,0,40,1
62,3,3,3,3,0,0,40,1
28,3,3,1,3,0,0,40,1
45,1,3,0,3,0,1887,40,1
25,3,3,3,3,0,1977,40,1
58,2,3,3,3,0,0,50,1
52,3,3,3,3,0,0,40,1
47,3,3,1,3,0,0,40,1
47,1,3,0,3,0,0,40,1
50,3,3,1,3,0,0,40,1
36,1,0,3,1,13550,0,40,1
54,0,3,1,3,0,0,50,1
40,3,3,3,3,0,0,45,1
45,6,3,3,3,0,0,40,1
41,1,3,2,3,0,0,45,1
32,0,3,0,3,5178,0,45,1
35,2,3,3,5,0,0,40,1
34,3,0,1,1,27828,0,40,1
35,0,3,0,3,0,1485,40,1
32,2,1,1,1,0,0,50,1
42,1,3,0,3,0,0,48,1
56,3,3,3,3,7688,0,40,1
42,3,3,1,3,0,0,40,1
39,6,3,3,4,15024,0,48,1
34,1,1,3,1,0,0,40,1
41,2,3,2,4,3103,0,40,1
33,2,3,2,3,0,0,48,1
43,3,3,1,3,7298,0,40,1
57,1,3,3,3,0,0,40,1
25,1,0,3,1,8614,0,45,1
45,0,3,3,3,0,0,48,1
56,6,3,3,3,0,1977,50,1
31,1,3,1,3,15024,0,45,1
45,1,3,1,3,0,0,40,1
43,3,0,1,1,0,0,50,1
44,6,3,3,3,0,0,40,1
57,4,3,0,3,0,0,40,1
45,6,3,3,3,0,0,40,1
25,1,3,1,3,0,1902,36,1
55,0,1,0,2,0,0,48,1
28,1,3,1,3,0,0,50,1
33,0,3,0,3,0,0,50,1
55,0,3,0,3,0,0,50,1
50,0,3,0,3,0,0,40,1
46,6,3,3,3,0,1887,45,1
51,6,3,3,3,0,1977,35,1
24,4,0,3,0,0,0,40,1
48,2,3,0,3,0,0,40,1
38,0,3,3,3,0,0,40,1
60,3,3,3,3,0,0,50,1
48,6,3,1,3,0,0,40,1
57,0,3,2,4,15024,0,40,1
47,0,3,1,3,0,0,40,1
55,3,1,3,1,14084,0,45,1
67,0,3,3,3,9386,0,50,1
40,1,3,0,3,0,0,45,1
53,6,3,3,3,0,0,40,1
52,3,3,2,3,0,0,40,1
44,0,3,3,3,0,1977,45,1
46,6,3,3,3,7688,0,46,1
32,1,3,0,3,0,0,40,1
44,0,3,0,3,0,0,40,1
47,3,3,3,3,0,0,50,1
47,6,3,1,4,7688,0,38,1
59,6,3,3,3,0,0,50,1
24,3,3,1,3,0,0,45,1
20,4,0,2,0,0,0,35,1
40,3,3,1,3,0,0,45,1
30,0,3,0,3,0,0,45,1
49,6,3,3,3,0,0,50,1
50,3,3,3,3,0,0,40,1
43,6,3,3,3,0,0,35,1
35,2,3,0,3,4386,0,42,1
78,3,3,3,3,0,2392,40,1
40,0,3,0,3,0,0,40,1
55,0,3,1,3,0,1887,40,1
62,6,1,3,2,15020,0,50,1
57,3,3,3,3,0,0,50,1
52,0,3,3,3,7688,0,40,1
35,1,3,1,3,7298,0,48,1
52,0,3,0,3,0,0,40,1
31,0,3,0,3,0,0,40,1
52,6,3,3,3,0,0,45,1
29,2,3,1,4,7688,0,45,1
52,6,3,0,3,0,0,45,1
59,1,3,3,3,0,0,50,1
66,1,3,1,3,0,0,40,1
55,6,3,3,3,0,0,40,1
33,2,3,3,4,7688,0,40,1
45,1,3,2,3,0,0,40,1
26,3,0,3,1,0,0,40,1
49,6,3,3,3,0,0,40,1
50,6,3,3,3,0,0,50,1
44,1,1,3,1,0,0,45,1
43,3,3,3,4,0,0,45,1
27,2,3,3,3,0,0,44,1
37,3,3,3,4,15024,0,40,1
50,3,3,3,3,0,0,38,1
46,1,3,0,3,3103,0,35,1
39,1,3,1,3,15024,0,40,1
44,2,3,1,3,0,0,40,1
41,2,3,1,3,7298,0,40,1
26,0,3,0,3,0,0,40,1
46,3,3,3,3,0,0,40,1
38,1,3,1,3,0,0,50,1
45,6,3,3,3,0,0,50,1
61,1,3,3,3,0,0,50,1
41,6,3,3,3,0,0,50,1
54,1,3,3,3,0,0,40,1
51,1,1,1,1,0,0,38,1
58,3,3,1,3,15024,0,50,1
46,3,3,3,3,0,0,38,1
35,1,3,0,3,0,0,45,1
51,0,3,0,3,3103,0,40,1
45,3,3,3,3,0,0,45,1
30,0,3,3,3,0,0,50,1
40,3,3,3,4,0,0,40,1
26,3,3,1,4,0,0,40,1
41,1,3,3,3,0,0,50,1
34,6,3,3,3,15024,0,40,1
37,3,3,3,3,0,0,50,1
42,2,3,3,4,0,0,45,1
43,2,3,3,4,0,0,36,1
49,0,3,0,3,0,0,40,1
47,5,3,0,3,0,0,40,1
36,3,3,3,3,0,1887,40,1
29,3,3,3,3,0,0,50,1
33,0,3,1,3,0,0,50,1
29,3,3,3,3,0,0,40,1
44,2,3,1,3,0,0,40,1
36,0,3,2,3,0,0,48,1
38,0,3,3,3,0,0,44,1
27,1,3,3,3,0,0,45,1
43,6,3,3,3,7298,0,50,1
40,3,3,3,3,7688,0,40,1
61,6,3,3,3,0,0,40,1
38,0,3,1,3,0,0,40,1
43,3,3,1,3,0,1887,40,1
54,3,1,3,2,0,0,40,1
49,2,3,3,3,0,0,40,1
32,3,3,3,3,0,0,45,1
40,1,1,3,1,0,0,40,1
45,3,1,3,2,0,0,50,1
34,0,3,0,3,0,0,40,1
46,1,3,1,3,0,0,40,1
42,0,3,0,3,0,0,42,1
32,0,3,0,3,0,0,40,1
51,6,3,3,3,0,0,40,1
45,6,3,3,3,0,1977,43,1
48,3,3,0,3,0,0,45,1
29,3,3,3,3,0,0,40,1
31,1,3,3,3,0,1887,40,1
34,0,3,0,4,0,0,40,1
33,3,3,3,4,0,0,50,1
40,6,3,3,3,15024,0,40,1
37,1,3,3,3,0,0,40,1
39,3,3,1,3,0,0,40,1
52,4,3,0,3,0,1887,47,1
27,2,0,0,2,0,0,40,1
40,6,3,3,3,0,2415,40,1
41,6,3,3,3,0,2415,40,1
57,3,1,3,1,0,0,50,1
43,6,3,3,3,0,0,40,1
53,6,3,3,3,0,0,40,1
39,2,0,1,0,14344,0,40,1
53,0,3,0,3,0,0,40,1
31,0,3,0,3,0,0,40,1
47,1,3,3,3,0,0,40,1
61,5,3,0,3,7298,0,40,1
38,3,3,3,3,7298,0,50,1
36,3,3,3,3,7688,0,40,1
43,3,3,3,3,0,0,40,1
42,0,3,3,3,0,0,50,1
45,6,3,3,3,0,1977,43,1
57,6,3,1,3,0,1977,50,1
38,3,3,1,3,0,0,40,1
43,6,3,3,3,0,0,50,1
54,0,3,0,3,5178,0,50,1
39,6,1,3,1,0,0,40,1
59,2,1,3,1,0,0,50,1
50,6,3,3,3,15024,0,45,1
45,6,3,1,3,0,0,50,1
42,2,0,1,1,14084,0,36,1
24,3,3,3,3,0,0,44,1
35,0,3,3,3,5178,0,40,1
59,3,3,0,3,0,0,40,1
55,3,3,1,3,0,0,40,1
49,3,3,3,3,0,0,40,1
58,1,3,3,3,7688,0,45,1
44,1,0,1,1,13550,0,50,1
45,0,3,0,3,0,0,40,1
39,1,3,1,3,15024,0,40,1
44,0,0,0,0,0,0,40,1
43,0,3,0,3,0,0,40,1
61,6,4,3,1,0,0,40,1
36,1,3,3,3,7298,0,40,1
47,3,3,1,3,0,1977,40,1
31,0,3,0,3,0,0,45,1
28,1,3,1,3,0,0,50,1
57,6,3,1,3,0,1902,40,1
32,2,3,0,3,0,0,40,1
39,0,3,3,3,0,0,50,1
35,6,3,3,3,0,0,45,1
33,6,3,3,4,7688,0,35,1
31,3,3,3,4,0,1902,35,1
30,3,3,1,3,7298,0,50,1
46,0,3,0,4,5178,0,40,1
51,1,3,1,3,0,0,40,1
58,4,3,0,3,0,0,50,1
56,0,3,1,3,0,0,40,1
43,6,3,3,3,0,0,35,1
59,2,3,1,3,7298,0,40,1
46,1,3,0,3,0,0,50,1
48,4,3,0,3,0,0,40,1
41,3,3,3,4,0,0,40,1
50,3,3,1,4,0,0,50,1
64,2,3,3,3,9386,0,45,1
64,6,0,3,1,4787,0,40,1
36,1,3,0,3,7298,0,40,1
47,1,3,1,3,0,0,50,1
35,2,3,1,3,0,1887,45,1
43,6,0,3,1,0,0,50,1
37,3,3,3,3,0,0,50,1
52,0,1,0,1,14344,0,40,1
51,6,3,3,3,0,0,42,1
52,0,3,0,3,0,0,50,1
52,0,3,0,3,0,0,48,1
53,1,3,1,3,0,0,40,1
42,0,3,0,3,0,0,40,1
37,6,1,3,1,0,0,40,1
46,0,3,0,3,4386,0,40,1
49,3,0,1,1,0,1564,40,1
40,1,1,3,1,0,0,40,1
41,0,3,1,3,0,0,40,1
44,0,3,2,0,0,0,40,1
48,3,3,1,3,0,0,40,1
50,6,3,3,3,15024,0,45,1
41,0,3,1,4,15024,0,50,1
34,6,3,1,3,0,0,50,1
41,0,3,0,3,7298,0,50,1
48,3,3,3,3,0,0,42,1
37,4,3,0,3,3103,0,44,1
48,6,3,3,3,0,0,40,1
35,3,3,1,3,0,0,45,1
44,6,0,3,1,14084,0,40,1
34,3,3,4,3,0,0,50,1
30,6,3,3,3,0,0,40,1
37,4,3,0,3,0,0,50,1
38,4,3,3,3,0,1887,45,1
40,0,3,1,3,7298,0,45,1
50,2,3,4,3,0,0,40,1
51,4,3,0,3,0,0,40,1
31,1,3,3,4,0,0,40,1
35,2,3,1,4,0,0,40,1
41,1,3,0,3,3103,0,40,1
27,1,3,1,4,0,0,42,1
43,6,3,3,3,0,0,40,1
50,0,3,1,3,0,0,50,1
41,2,3,3,3,0,0,40,1
61,1,3,1,3,9386,0,40,1
30,3,3,1,3,0,0,40,1
39,1,3,3,3,0,1848,47,1
32,3,3,1,3,0,0,38,1
51,3,3,3,3,0,0,35,1
43,3,3,0,3,0,1887,40,1
46,0,3,1,3,0,0,40,1
31,6,0,3,1,0,1564,40,1
32,6,3,3,3,15024,0,50,1
50,6,3,3,3,0,0,40,1
57,5,3,0,3,0,0,44,1
62,6,0,3,1,8614,0,45,1
36,3,3,3,3,0,1887,50,1
39,3,3,3,3,0,0,40,1
38,1,3,2,3,7688,0,40,1
38,1,3,1,3,7298,0,40,1
32,0,3,0,3,5178,0,48,1
45,3,3,0,3,0,0,40,1
31,2,3,0,3,0,0,40,1
30,3,0,1,1,0,0,35,1
41,3,3,3,3,0,0,40,1
45,0,3,0,3,0,0,40,1
58,3,3,1,3,0,0,35,1
34,3,3,1,4,0,0,40,1
31,3,3,3,3,0,0,40,1
40,1,3,0,3,0,1887,40,1
46,1,3,0,4,7298,0,40,1
43,3,3,1,3,7298,0,40,1
61,4,1,0,1,0,0,40,1
61,0,3,0,3,0,0,40,1
53,2,3,1,3,0,0,45,1
41,3,0,3,1,0,0,40,1
33,3,3,3,3,0,0,50,1
54,1,3,1,3,7298,0,50,1
45,2,3,4,3,0,0,50,1
47,3,3,1,3,0,0,45,1
49,0,3,0,3,0,0,40,1
38,3,3,1,3,0,0,40,1
32,3,1,3,1,0,0,50,1
32,1,3,0,3,0,0,50,1
43,6,3,3,3,0,0,50,1
52,5,3,3,3,0,0,50,1
36,2,3,0,3,3103,0,40,1
41,0,3,0,3,0,1485,44,1
47,1,3,3,4,0,0,50,1
37,0,3,0,3,3103,0,45,1
36,0,3,0,3,0,0,44,1
42,1,3,2,3,0,0,40,1
26,1,3,0,3,0,0,40,1
40,3,3,3,3,0,0,40,1
51,2,3,3,3,0,0,45,1
38,0,3,0,3,0,0,40,1
46,3,3,3,4,0,0,40,1
41,3,3,3,4,0,0,40,1
28,3,3,3,3,0,0,40,1
47,3,3,0,3,7688,0,44,1
64,2,3,0,3,0,0,40,1
61,3,3,1,3,0,0,50,1
58,1,3,1,3,0,0,40,1
33,1,3,0,3,0,0,50,1
29,3,3,3,3,0,0,50,1
47,3,3,1,3,0,0,45,1
43,3,3,0,3,0,1887,40,1
55,6,3,3,3,0,0,40,1
49,3,3,3,4,7688,0,35,1
32,0,3,3,3,7688,0,40,1
59,2,3,0,3,0,0,45,1
39,4,3,0,3,0,0,40,1
57,6,3,3,3,0,0,40,1
57,3,3,3,3,0,0,50,1
42,6,3,3,3,0,0,38,1
44,3,1,1,1,0,2258,40,1
60,3,3,3,3,0,0,35,1
41,6,3,3,3,0,0,40,1
41,2,3,3,3,7688,0,50,1
42,6,3,3,3,0,0,40,1
41,6,3,3,3,0,0,38,1
38,6,3,3,3,0,0,40,1
49,6,1,3,2,7430,0,40,1
49,3,3,3,3,0,0,50,1
43,3,3,1,3,0,0,40,1
51,6,3,3,3,15024,0,40,1
24,0,3,0,3,0,0,45,1
44,4,3,1,3,0,0,40,1
44,2,3,1,3,0,0,40,1
36,1,3,3,3,0,0,52,1
41,0,0,0,0,14344,0,48,1
54,6,3,3,3,0,1902,50,1
43,1,3,1,3,0,0,38,1
52,6,3,3,3,0,1902,50,1
40,3,3,1,3,0,0,40,1
56,3,3,3,3,0,0,40,1
37,1,3,1,3,0,0,42,1
40,1,3,0,3,0,0,50,1
32,3,3,3,4,0,0,40,1
29,1,3,3,3,3103,0,40,1
31,0,3,2,3,0,0,41,1
47,3,3,3,4,0,0,40,1
46,3,3,1,3,0,0,40,1
46,1,1,0,2,0,0,40,1
35,3,3,3,4,0,0,40,1
50,0,3,0,3,0,0,40,1
48,6,1,3,1,0,0,40,1
45,6,1,3,1,27828,0,50,1
28,1,3,0,3,0,0,50,1
39,1,3,1,3,3103,0,50,1
57,6,3,3,3,0,0,40,1
35,3,3,1,3,0,0,40,1
40,3,3,1,3,0,0,40,1
30,3,3,1,3,7688,0,50,1
47,0,3,1,3,0,0,45,1
55,1,3,3,3,0,1902,40,1
33,3,3,3,3,0,0,45,1
51,1,3,1,3,0,0,50,1
38,3,3,3,3,0,0,50,1
50,0,3,0,3,0,0,50,1
44,2,3,0,3,0,0,40,1
26,0,3,1,4,0,0,40,1
29,3,3,3,3,7298,0,40,1
37,6,3,3,3,0,0,50,1
26,3,3,1,3,0,0,40,1
23,6,3,3,3,0,1887,50,1
48,0,3,0,3,0,0,40,1
38,2,3,0,3,4386,0,40,1
42,1,3,3,3,0,0,40,1
59,3,3,3,3,0,1977,50,1
50,3,3,3,3,0,0,45,1
29,3,3,3,3,0,1977,45,1
40,2,1,3,1,0,0,40,1
25,1,3,1,4,3103,0,40,1
64,3,3,3,3,0,0,40,1
44,1,3,1,3,0,0,40,1
44,3,3,3,3,0,0,35,1
38,0,3,0,3,15024,0,45,1
51,3,3,1,3,0,2415,40,1
43,1,3,0,3,5178,0,40,1
45,1,3,0,3,0,0,48,1
42,1,3,0,3,0,0,45,1
47,1,3,1,3,7688,0,42,1
35,3,3,0,3,0,0,40,1
40,1,0,0,1,0,0,35,1
52,3,3,1,3,0,0,40,1
36,1,3,0,3,0,0,40,1
44,3,3,1,3,5178,0,40,1
38,3,3,3,4,7688,0,40,1
33,0,3,3,3,0,0,48,1
43,3,3,3,3,0,0,50,1
42,6,3,3,3,0,1902,50,1
41,6,3,3,3,0,0,50,1
68,1,3,1,3,20051,0,40,1
64,3,3,3,3,0,0,40,1
36,0,2,3,2,0,0,40,1
37,1,3,1,3,0,0,40,1
47,5,3,0,3,0,0,40,1
45,1,3,0,3,0,0,40,1
47,6,3,3,3,0,0,37,1
59,2,1,3,1,0,0,50,1
42,3,3,3,3,7688,0,40,1
31,3,3,3,3,0,0,40,1
31,0,3,1,3,0,0,40,1
49,3,3,3,3,0,0,43,1
36,6,3,3,3,0,0,50,1
50,1,3,2,3,0,0,40,1
52,0,3,0,3,0,1977,40,1
54,0,3,1,3,0,0,50,1
47,2,0,4,5,10520,0,45,1
47,6,1,3,2,0,0,50,1
58,4,3,0,3,0,0,40,1
44,2,3,3,3,4386,0,45,1
40,3,3,1,3,0,0,40,1
59,6,1,3,1,0,0,40,1
52,0,3,0,3,0,0,40,1
46,2,3,0,3,0,0,40,1
39,3,1,3,2,0,0,50,1
53,0,3,0,3,0,0,40,1
25,1,3,3,3,0,0,40,1
34,6,3,0,3,0,1848,40,1
36,2,3,1,3,0,0,40,1
34,0,0,1,0,14084,0,35,1
44,3,3,1,3,7688,0,40,1
60,0,3,1,3,0,1977,40,1
38,3,3,1,3,0,0,40,1
27,0,3,0,3,0,0,45,1
48,6,1,3,2,9562,0,40,1
64,3,1,3,2,27828,0,50,1
57,6,3,3,3,0,0,36,1
67,0,4,3,1,15831,0,40,1
41,6,3,3,3,0,0,45,1
59,1,3,3,3,0,1848,45,1
25,3,0,1,0,0,0,40,1
55,6,3,3,3,0,0,50,1
61,6,3,3,3,0,0,40,1
31,6,3,3,4,0,0,40,1
43,0,3,0,4,0,0,42,1
45,1,3,1,3,15024,0,37,1
68,6,4,3,2,0,0,40,1
50,3,3,3,3,0,0,40,1
37,3,3,3,4,0,0,48,1
55,0,3,0,3,0,0,48,1
46,1,3,1,4,0,0,40,1
59,3,3,0,3,15024,0,50,1
36,0,2,3,2,0,0,40,1
50,3,3,3,3,0,1902,50,1
43,1,3,0,3,0,0,40,1
50,2,3,1,3,0,0,50,1
39,3,3,3,3,0,0,50,1
32,3,3,1,3,0,1848,50,1
32,3,3,3,5,0,0,40,1
47,6,1,3,2,0,0,45,1
56,0,3,3,3,0,0,40,1
35,6,3,3,3,0,0,40,1
66,3,3,1,3,20051,0,40,1
49,1,3,0,3,0,0,40,1
40,0,3,0,3,0,0,40,1
61,1,3,1,3,7688,0,40,1
36,0,3,0,3,0,0,45,1
36,0,3,0,3,0,0,40,1
63,3,3,1,3,10605,0,40,1
34,6,0,3,1,0,0,40,1
57,0,3,0,3,0,1887,40,1
27,3,3,1,4,0,0,40,1
45,0,3,3,3,0,0,45,1
33,1,3,0,3,0,0,40,1
46,1,3,3,3,3103,0,40,1
34,2,3,0,3,7688,0,40,1
52,0,3,0,3,0,0,50,1
34,2,3,3,4,0,0,45,1
56,3,3,3,3,0,0,40,1
54,0,3,0,3,0,0,40,1
43,3,3,3,3,0,1977,40,1
37,3,3,3,4,15024,0,40,1
41,2,3,1,3,0,0,40,1
47,0,3,0,3,0,0,40,1
53,3,0,2,1,8614,0,50,1
51,6,3,1,3,0,0,40,1
51,6,3,3,3,7298,0,40,1
42,6,3,3,3,0,0,50,1
51,3,3,1,3,0,0,50,1
45,0,0,0,0,10520,0,48,1
54,6,3,3,3,0,0,40,1
32,3,3,3,5,0,0,40,1
33,6,3,3,3,7688,0,50,1
22,1,3,2,4,0,0,40,1
40,6,0,3,1,0,2444,45,1
44,6,1,3,1,8614,0,35,1
61,5,3,0,3,7298,0,40,1
53,1,3,3,3,15024,0,50,1
41,0,3,0,3,7688,0,42,1
40,3,3,1,3,0,0,40,1
42,3,3,3,3,7298,0,45,1
41,0,3,0,3,5178,0,40,1
54,3,3,3,3,0,0,40,1
35,1,3,1,3,0,0,50,1
57,3,3,3,3,0,1902,40,1
47,2,3,0,3,0,0,48,1
32,6,0,1,1,13550,0,50,1
45,6,3,3,3,0,0,50,1
57,0,3,0,3,0,0,40,1
41,6,3,3,4,0,0,40,1
37,1,3,1,3,0,0,45,1
43,3,3,3,3,0,0,50,1
51,0,3,0,3,0,0,45,1
46,3,3,3,3,0,0,40,1
40,6,3,3,4,0,0,38,1
43,2,3,3,5,0,0,50,1
61,0,1,0,2,0,0,45,1
61,0,1,0,1,0,1564,40,1
44,3,3,1,3,0,0,40,1
28,3,0,3,1,0,0,50,1
38,4,3,0,3,0,0,40,1
41,5,3,0,3,0,0,40,1
31,3,3,1,4,0,0,40,1
41,3,1,3,1,0,0,50,1
42,6,3,1,4,0,1902,40,1
36,6,3,3,3,0,0,45,1
58,0,3,2,3,0,0,40,1
44,2,3,1,3,0,0,45,1
35,2,3,1,3,0,0,40,1
43,3,3,3,3,0,0,40,1
39,6,3,3,3,0,0,45,1
43,0,3,0,3,0,0,42,1
46,6,3,3,3,0,0,40,1
63,1,3,3,3,0,0,35,1
35,3,3,3,3,0,0,40,1
32,0,3,0,3,0,0,50,1
37,1,3,3,3,3103,0,50,1
39,1,3,3,4,0,0,35,1
51,3,3,1,3,0,0,50,1
50,3,3,3,3,0,0,40,1
29,0,3,3,3,0,0,40,1
28,1,3,0,3,0,0,50,1
35,0,3,3,3,0,0,40,1
58,4,3,0,3,0,0,40,1
49,1,3,3,3,0,0,46,1
39,6,3,3,3,0,0,48,1
44,6,3,3,3,0,0,36,1
64,0,4,1,1,0,0,35,1
50,3,3,2,3,0,0,44,1
42,0,3,0,3,5178,0,40,1
47,2,3,1,3,5178,0,50,1
37,6,3,3,4,0,0,45,1
46,2,3,0,3,0,0,40,1
61,1,3,3,3,0,0,40,1
43,1,3,1,3,0,0,43,1
53,0,4,0,2,0,0,40,1
40,3,3,1,3,0,0,50,1
36,6,3,3,3,0,0,40,1
41,3,3,3,3,0,0,45,1
31,2,3,0,3,0,0,40,1
37,0,3,0,3,0,0,40,1
48,5,3,0,3,0,0,40,1
58,6,3,3,3,0,0,50,1
47,3,0,3,1,10520,0,45,1
41,1,3,1,3,0,0,50,1
49,0,3,0,3,7688,0,45,1
54,0,3,1,3,0,0,40,1
43,6,3,3,4,0,1977,50,1
34,6,3,3,4,7688,0,35,1
53,0,3,1,4,7688,0,35,1
60,1,3,2,3,0,0,40,1
42,1,1,1,1,0,0,50,1
33,6,3,3,4,0,0,50,1
54,1,3,0,3,0,0,40,1
47,3,3,3,4,0,0,40,1
38,3,3,3,4,0,0,40,1
60,2,3,3,3,7688,0,40,1
55,6,3,3,3,0,1977,50,1
53,0,3,0,3,0,0,40,1
59,3,3,0,3,0,0,48,1
42,1,3,3,3,15024,0,40,1
44,1,3,1,3,0,1902,40,1
51,6,3,3,3,0,0,40,1
36,6,3,3,3,0,0,40,1
53,0,3,0,3,0,0,40,1
30,3,3,1,3,0,0,40,1
25,2,0,3,1,0,0,50,1
55,1,3,1,3,0,0,40,1
28,0,3,1,3,0,0,40,1
38,2,3,3,3,0,0,45,1
34,1,3,0,3,0,0,48,1
51,6,3,1,3,0,0,40,1
55,3,3,3,3,0,0,50,1
40,2,3,3,3,0,0,40,1
36,0,3,0,3,3103,0,40,1
54,3,3,3,4,0,1977,35,1
47,6,1,3,2,0,0,40,1
34,0,1,1,1,0,0,48,1
31,1,3,3,3,0,0,40,1
46,3,3,1,3,0,1902,40,1
44,3,3,3,3,0,0,45,1
52,3,3,1,3,7688,0,40,1
36,3,0,3,0,0,0,35,1
37,1,3,1,3,0,0,48,1
63,2,1,3,1,0,0,40,1
39,3,3,0,3,0,1977,45,1
50,1,3,3,3,0,0,50,1
30,3,3,3,3,7688,0,50,1
50,3,3,3,3,7298,0,50,1
70,6,0,3,2,7896,0,50,1
46,6,3,3,4,0,1902,52,1
54,3,3,3,3,0,0,40,1
40,0,3,0,3,15024,0,45,1
40,2,3,3,3,0,0,40,1
28,0,3,0,3,0,0,50,1
42,3,3,3,3,0,0,45,1
31,1,3,1,4,0,0,40,1
41,1,3,4,3,0,0,40,1
64,0,1,0,1,0,0,40,1
27,4,3,0,3,0,1902,40,1
27,2,3,1,3,0,0,40,1
41,6,0,0,1,0,0,40,1
39,2,3,3,3,15024,0,50,1
42,3,3,3,3,0,0,50,1
31,0,3,2,3,0,0,40,1
47,0,3,0,3,0,0,40,1
47,6,3,3,3,0,0,40,1
34,0,3,0,3,0,0,40,1
48,0,3,4,3,0,0,40,1
60,5,3,0,3,0,0,40,1
43,0,3,0,3,0,0,42,1
53,6,1,3,1,14084,0,50,1
45,2,3,4,3,0,0,50,1
79,6,3,3,3,20051,0,35,1
42,2,3,2,3,0,0,40,1
59,0,3,0,3,0,0,40,1
48,1,3,0,3,0,0,50,1
59,0,3,0,3,0,0,40,1
47,3,3,3,3,7298,0,40,1
42,3,3,3,3,0,0,40,1
34,6,3,3,3,0,0,45,1
32,3,3,1,3,15024,0,50,1
42,6,3,3,3,0,0,50,1
38,2,3,3,3,0,0,50,1
45,3,3,3,3,0,0,40,1
33,3,3,3,3,0,0,40,1
43,6,3,3,3,0,0,45,1
39,3,3,3,3,15024,0,50,1
39,6,3,3,3,0,0,50,1
27,3,0,1,1,27828,0,40,1
32,3,3,1,3,0,0,42,1
52,0,3,0,3,0,0,40,1
46,0,1,0,1,14344,0,40,1
68,0,3,0,3,0,0,40,1
34,3,3,3,4,0,0,46,1
53,1,3,0,3,0,0,47,1
54,0,3,3,3,5178,0,40,1
53,0,3,3,3,0,0,42,1
63,3,3,4,3,0,0,40,1
43,1,3,3,3,0,0,48,1
34,6,3,3,3,0,0,40,1
43,0,1,0,1,0,0,40,1
27,4,3,1,3,0,0,40,1
46,1,3,3,3,0,1902,50,1
51,1,3,3,3,0,0,45,1
38,1,3,0,3,0,0,40,1
46,1,3,3,3,3103,0,40,1
56,0,3,3,4,0,0,40,1
38,1,3,3,3,0,0,44,1
61,6,3,3,3,0,0,45,1
36,6,3,3,3,0,0,40,1
30,1,3,3,3,7688,0,40,1
40,0,3,0,3,15024,0,45,1
45,0,3,1,3,0,0,40,1
28,3,3,3,3,5178,0,40,1
55,6,3,3,3,0,1977,40,1
53,0,3,0,3,0,0,40,1
38,0,3,0,3,0,0,40,1
45,6,3,3,3,0,0,40,1
39,0,3,3,3,0,1977,40,1
50,1,3,0,3,0,0,40,1
41,3,3,3,4,0,0,50,1
37,1,3,0,3,0,0,40,1
54,1,3,3,3,0,0,44,1
43,6,3,3,3,0,0,50,1
41,0,3,1,3,0,1848,45,1
28,1,3,0,3,0,0,40,1
56,2,3,0,3,0,0,48,1
57,5,3,0,3,3103,0,40,1
26,3,3,2,3,0,0,45,1
33,6,3,3,3,0,0,45,1
32,2,3,1,3,0,0,45,1
32,3,0,3,1,0,0,50,1
48,6,3,3,4,0,0,40,1
36,1,3,0,3,7298,0,45,1
30,0,3,3,3,5178,0,40,1
49,1,1,3,1,14084,0,44,1
46,6,3,3,3,0,0,50,1
47,1,3,3,4,0,0,50,1
39,2,3,2,3,0,0,48,1
42,0,3,0,3,5178,0,40,1
55,1,3,3,3,0,0,40,1
54,3,3,0,3,0,0,40,1
59,1,3,0,3,0,0,40,1
28,3,3,1,3,0,0,40,1
29,1,0,2,1,0,0,40,1
51,1,3,3,3,0,0,40,1
41,0,3,1,3,5178,0,40,1
32,6,3,3,3,0,0,40,1
47,6,1,3,2,0,0,40,1
30,2,3,0,3,0,0,40,1
27,0,3,0,3,0,0,40,1
39,3,3,3,3,15024,0,50,1
34,3,3,1,3,0,0,47,1
47,0,1,3,5,14084,0,38,1
33,2,3,1,3,0,0,40,1
60,3,3,1,3,0,0,46,1
37,1,3,0,3,0,0,50,1
31,3,3,3,3,7298,0,50,1
41,0,3,3,3,0,0,40,1
58,0,3,3,3,0,0,40,1
34,2,3,1,3,0,0,38,1
41,2,3,1,3,0,0,40,1
49,6,3,3,3,0,0,45,1
54,0,3,0,3,0,0,40,1
42,1,3,0,3,0,0,40,1
28,4,3,0,3,7688,0,40,1
41,3,3,3,3,0,0,45,1
34,0,3,0,3,7688,0,40,1
40,2,0,1,2,4687,0,50,1
60,3,3,3,3,0,0,50,1
63,6,3,3,3,15024,0,50,1
58,6,3,3,3,0,0,40,1
67,3,3,1,3,0,2174,40,1
43,3,0,3,1,0,0,40,1
44,2,3,1,3,0,0,45,1
42,2,1,3,2,0,0,40,1
47,3,3,1,3,0,0,40,1
46,6,3,3,5,15024,0,40,1
50,3,3,1,3,0,0,40,1
57,3,3,3,3,0,0,40,1
40,1,3,1,3,0,0,50,1
34,2,3,3,4,0,0,36,1
38,3,1,3,2,15020,0,45,1
46,2,3,1,3,0,1977,50,1
37,1,3,1,3,0,0,48,1
43,1,3,1,3,0,0,40,1
42,6,3,3,3,0,0,45,1
50,0,3,1,4,0,0,40,1
46,2,3,1,3,0,0,40,1
37,0,3,1,3,0,0,40,1
68,3,3,1,3,0,0,40,1
40,3,3,1,3,0,1977,40,1
42,1,3,0,3,0,0,40,1
38,6,3,3,3,0,0,45,1
32,3,3,3,3,0,0,45,1
40,2,0,3,1,0,0,40,1
59,2,3,3,3,0,0,40,1
55,4,3,1,3,7688,0,50,1
39,0,3,0,4,0,0,40,1
40,3,1,1,1,8614,0,40,1
45,0,3,0,3,0,0,50,1
48,3,3,3,3,0,0,50,1
41,3,3,3,3,0,0,40,1
25,2,0,3,1,0,0,50,1
50,1,3,1,3,0,0,40,1
34,1,3,3,3,0,0,50,1
51,0,3,0,3,7298,0,50,1
39,6,0,3,1,0,0,40,1
45,3,3,3,3,0,0,45,1
36,6,0,3,1,0,0,40,1
55,0,1,0,1,4787,0,40,1
51,0,3,0,3,7688,0,40,1
39,1,3,0,3,0,0,43,1
27,3,0,3,1,13550,0,40,1
57,0,3,0,3,0,0,50,1
41,3,3,3,3,0,0,38,1
39,1,3,3,3,0,1902,50,1
41,3,3,3,3,0,0,45,1
57,0,3,0,3,0,0,40,1
29,3,3,3,3,0,0,40,1
31,3,3,3,3,0,0,40,1
25,3,3,3,4,0,1887,40,1
35,2,3,3,3,0,0,40,1
55,3,3,1,3,7688,0,38,1
50,6,3,1,4,0,0,40,1
35,0,3,0,3,7298,0,40,1
48,3,3,3,3,0,0,45,1
37,3,3,1,3,0,0,50,1
64,0,4,1,1,8614,0,50,1
39,6,3,3,3,7298,0,40,1
41,3,3,3,3,7688,0,40,1
31,3,1,3,1,0,0,50,1
36,0,3,0,3,0,0,40,1
56,6,3,3,3,0,0,40,1
31,3,3,2,3,0,0,38,1
34,3,3,3,3,0,0,45,1
48,6,3,3,4,0,1902,38,1
46,0,3,0,3,0,0,50,1
48,1,3,3,3,0,0,40,1
37,2,3,1,5,5178,0,38,1
41,3,3,4,3,0,0,45,1
43,1,3,3,3,0,0,40,1
55,0,3,1,3,0,0,46,1
51,0,3,1,3,7688,0,40,1
31,0,3,1,3,0,0,45,1
56,0,1,0,1,0,0,50,1
34,6,3,3,3,0,0,45,1
37,3,3,1,3,0,0,50,1
43,0,3,0,3,0,0,40,1
25,3,3,1,3,0,0,45,1
26,3,3,2,3,0,0,45,1
38,5,3,1,3,0,0,35,1
44,0,3,0,3,0,0,40,1
45,2,3,0,3,0,0,45,1
57,3,3,3,3,0,1902,40,1
53,6,3,3,3,7688,0,35,1
33,6,3,3,3,0,0,50,1
50,0,3,2,3,0,0,38,1
35,6,3,3,3,0,0,50,1
26,2,3,1,3,3103,0,45,1
53,0,3,0,3,0,0,40,1
42,3,3,3,3,15024,0,45,1
34,3,3,1,3,0,0,50,1
42,1,3,0,4,0,0,48,1
48,1,3,2,3,0,0,40,1
53,6,1,3,1,10520,0,40,1
31,0,3,1,3,0,0,50,1
26,2,0,1,1,14344,0,40,1
43,1,3,3,3,0,0,40,1
52,2,3,2,3,0,0,40,1
50,0,3,3,3,0,0,50,1
39,0,3,0,3,0,0,40,1
35,3,3,1,3,0,1887,40,1
39,1,3,0,3,0,0,52,1
34,1,3,0,3,0,0,40,1
31,0,3,0,4,4386,0,40,1
45,3,0,3,1,0,0,40,1
37,6,3,1,3,0,0,45,1
25,3,0,3,1,0,2444,40,1
36,0,3,0,3,3103,0,40,1
38,3,3,1,3,0,0,40,1
46,3,3,2,3,0,0,40,1
43,3,3,1,3,7298,0,40,1
44,6,3,3,3,7298,0,40,1
48,3,3,3,3,0,0,40,1
43,1,3,1,3,7298,0,40,1
42,2,3,3,3,0,0,40,1
35,3,3,1,3,0,0,40,1
33,3,3,2,3,7688,0,38,1
46,3,3,3,3,0,0,50,1
57,6,3,3,3,0,0,40,1
61,6,3,1,3,0,0,40,1
34,6,3,3,3,7298,0,35,1
57,0,3,0,3,0,1887,40,1
36,3,3,3,3,0,0,35,1
65,1,3,0,3,6514,0,40,1
45,3,3,3,3,0,0,40,1
40,3,3,3,3,0,0,40,1
43,3,3,3,3,15024,0,40,1
27,0,3,1,3,4386,0,40,1
30,6,1,3,1,10520,0,50,1
30,1,3,3,3,0,0,36,1
44,0,3,1,4,0,0,40,1
40,1,3,1,4,0,0,40,1
53,3,3,3,3,0,1902,40,1
54,0,1,1,1,0,0,42,1
42,1,3,1,3,0,1887,40,1
64,1,3,3,3,15024,0,50,1
45,6,0,0,1,0,0,50,1
47,1,3,1,3,0,0,40,1
57,1,3,0,3,0,0,40,1
45,0,3,1,3,0,0,40,1
29,3,3,3,3,0,0,40,1
32,6,0,3,1,0,0,40,1
38,0,3,0,3,0,0,40,1
43,3,3,3,3,0,0,48,1
37,1,3,1,3,0,0,50,1
42,0,3,3,3,0,0,50,1
54,1,3,3,3,0,0,48,1
44,2,3,0,3,0,0,40,1
38,3,3,3,3,0,0,50,1
42,0,3,0,3,5178,0,40,1
56,6,3,3,3,0,0,50,1
59,6,1,3,1,0,0,40,1
37,6,3,3,3,0,0,40,1
25,4,3,0,3,0,0,40,1
52,1,3,3,3,0,0,40,1
41,3,3,0,3,0,0,50,1
35,3,3,3,3,0,0,45,1
56,6,3,3,3,0,0,45,1
60,0,3,0,3,15024,0,40,1
32,3,3,3,3,0,0,40,1
47,0,3,0,3,0,0,40,1
28,0,3,0,3,0,0,44,1
58,3,3,3,3,0,0,40,1
62,6,3,3,3,15024,0,50,1
52,3,3,1,3,0,0,40,1
48,3,1,2,1,0,0,43,1
41,3,3,3,4,15024,0,50,1
51,6,3,3,4,0,0,40,1
38,1,3,0,3,0,0,36,1
36,0,3,0,4,0,0,40,1
45,1,3,0,3,0,0,40,1
28,0,3,0,3,0,0,40,1
35,3,3,3,3,7298,0,45,1
49,1,3,1,3,7688,0,40,1
30,0,3,1,3,0,0,40,1
41,1,3,3,3,0,0,40,1
30,0,3,3,3,0,0,50,1
45,6,3,3,4,0,0,45,1
46,6,3,3,3,0,1977,40,1
53,6,3,3,3,0,0,38,1
48,3,3,3,3,0,0,45,1
55,0,3,1,3,6418,0,50,1
40,1,3,1,4,0,0,40,1
38,6,3,3,3,7298,0,50,1
46,1,3,0,3,7688,0,40,1
37,1,0,1,1,0,0,40,1
37,3,3,3,3,0,0,40,1
34,3,3,3,3,0,0,50,1
56,6,3,0,3,0,1977,44,1
42,0,3,0,3,0,0,40,1
47,3,3,3,3,0,0,50,1
52,0,3,3,3,15024,0,40,1
45,3,1,3,2,4934,0,50,1
34,3,3,3,3,0,0,40,1
50,0,3,0,3,0,0,50,1
36,1,3,3,4,0,0,35,1
47,1,3,1,3,0,0,40,1
50,1,3,1,4,0,1902,38,1
48,3,3,0,3,0,0,45,1
54,0,1,1,1,0,0,42,1
52,3,3,1,3,0,0,40,1
28,3,3,3,3,0,0,40,1
45,6,3,3,3,0,0,35,1
33,3,0,1,1,0,0,45,1
54,6,0,3,1,0,0,50,1
27,0,3,0,3,0,0,45,1
31,0,3,3,3,0,0,40,1
28,1,3,2,3,0,0,35,1
74,1,4,3,1,15831,0,40,1
56,6,3,3,3,0,0,40,1
41,3,3,1,4,0,0,40,1
38,1,4,3,1,0,0,40,1
39,3,1,3,1,0,0,40,1
48,3,3,1,3,4386,0,50,1
46,1,3,1,3,15024,0,40,1
62,3,1,3,1,0,0,40,1
43,3,1,3,2,0,0,43,1
37,1,3,3,3,0,0,42,1
44,6,1,3,1,0,0,45,1
49,6,3,3,4,0,0,35,1
47,1,3,0,3,0,0,40,1
48,1,3,1,3,0,0,40,1
39,1,3,3,3,0,1848,47,1
45,1,3,3,3,0,0,40,1
44,2,3,3,3,4386,0,45,1
48,3,3,3,3,0,0,38,1
39,1,3,3,3,0,0,40,1
33,3,3,3,4,0,1977,38,1
28,3,3,3,3,0,1887,40,1
36,3,3,3,3,0,1887,50,1
54,6,0,3,1,0,0,50,1
26,2,3,3,4,0,0,40,1
42,1,3,0,3,7688,0,40,1
31,1,3,1,3,0,0,40,1
45,0,3,0,3,0,0,40,1
32,6,3,3,3,0,0,40,1
36,3,3,3,4,0,0,40,1
56,4,3,0,3,7298,0,40,1
28,0,3,0,3,0,1848,42,1
51,0,3,0,3,0,0,40,1
62,3,3,3,3,15024,0,40,1
55,3,3,1,3,7688,0,38,1
39,0,3,0,3,0,1887,40,1
34,6,3,3,3,0,0,40,1
38,3,0,1,1,0,2444,45,1
37,6,3,3,3,0,0,45,1
42,3,3,1,4,0,0,40,1
42,0,3,2,3,0,0,40,1
29,3,0,1,1,0,0,50,1
53,0,3,3,3,0,0,42,1
31,3,3,3,3,0,1887,50,1
59,0,3,0,3,0,0,40,1
31,3,0,3,1,13550,0,50,1
43,1,3,0,3,0,0,50,1
49,3,3,3,3,0,0,40,1
28,3,3,3,3,5178,0,50,1
50,1,3,0,3,0,0,40,1
38,4,3,0,3,0,0,40,1
43,3,3,1,3,0,0,45,1
43,6,3,3,4,0,0,40,1
23,0,3,0,3,0,1902,50,1
45,3,3,0,3,0,0,40,1
31,1,3,2,3,0,0,40,1
51,3,3,3,3,0,0,40,1
50,0,3,3,3,5178,0,40,1
32,3,3,1,5,0,0,40,1
30,3,3,3,3,0,0,50,1
34,3,3,3,3,0,0,50,1
37,3,3,3,4,0,0,48,1
47,2,3,3,3,15024,0,50,1
35,6,3,3,3,0,0,50,1
39,2,3,0,4,0,0,50,1
37,2,3,0,3,4386,0,44,1
57,0,3,0,3,0,0,40,1
42,1,3,0,3,5178,0,40,1
50,0,3,3,3,0,1887,40,1
49,1,3,1,3,7688,0,40,1
41,4,3,0,3,0,0,40,1
38,3,3,3,3,0,0,40,1
46,6,3,1,3,0,0,40,1
55,4,3,1,3,7688,0,50,1
52,0,3,0,3,0,0,50,1
35,1,3,1,3,0,0,50,1
34,3,3,3,3,0,0,40,1
52,0,3,1,4,0,0,40,1
44,1,3,1,3,0,0,40,1
38,0,0,3,1,0,0,40,1
35,3,3,3,4,0,0,40,1
29,2,3,0,3,0,0,40,1
30,1,3,1,3,7298,0,48,1
36,0,3,0,3,5178,0,40,1
48,6,3,3,4,0,1902,38,1
30,0,3,1,4,0,0,40,1
47,4,3,0,3,4386,0,48,1
54,3,3,1,3,0,0,50,1
52,1,3,3,3,0,0,40,1
35,0,3,2,4,0,0,40,1
53,1,3,0,3,7298,0,40,1
50,0,3,0,3,0,1902,44,1
53,3,3,1,3,0,0,45,1
33,3,3,3,3,0,0,40,1
54,1,3,3,3,0,1902,40,1
47,3,0,1,1,27828,0,38,1
34,2,3,3,3,7298,0,45,1
45,3,3,0,3,0,0,50,1
43,1,2,0,2,0,3004,40,1
66,0,3,3,3,10605,0,40,1
39,6,3,3,3,15024,0,45,1
26,3,3,1,3,0,0,48,1
54,0,1,1,1,0,0,42,1
53,0,3,0,3,0,0,40,1
50,0,3,1,3,0,1848,40,1
42,1,3,0,3,7688,0,40,1
59,0,3,0,3,0,0,40,1
49,0,3,1,3,0,0,48,1
32,0,3,0,3,0,0,50,1
45,6,3,3,3,7688,0,50,1
39,3,3,3,3,15024,0,40,1
47,0,3,3,3,0,0,42,1
37,3,3,3,3,0,0,50,1
37,0,3,0,3,0,0,50,1
34,2,3,3,3,7298,0,45,1
36,1,3,3,3,0,0,50,1
38,1,3,0,3,7298,0,50,1
37,1,3,1,3,0,0,40,1
50,0,3,0,3,0,0,50,1
51,6,1,3,2,4787,0,35,1
59,1,3,0,3,0,0,50,1
57,0,3,0,3,0,0,40,1
64,2,3,3,3,9386,0,45,1
27,0,3,1,3,4386,0,40,1
35,3,3,3,3,0,1977,48,1
32,1,3,1,3,0,0,40,1
32,0,3,0,3,0,1902,40,1
34,6,3,3,3,0,0,50,1
65,3,3,3,3,0,0,40,1
35,3,3,1,3,7298,0,40,1
40,3,3,1,3,0,0,40,1
61,3,3,3,3,15024,0,50,1
37,3,3,3,3,0,1887,47,1
43,3,3,3,3,0,1977,50,1
40,1,3,1,4,0,0,40,1
38,0,0,1,1,0,0,45,1
57,6,3,3,3,0,0,50,1
29,6,3,3,4,0,0,40,1
44,1,1,3,1,0,0,45,1
45,6,3,1,3,0,0,50,1
37,1,3,2,3,0,0,40,1
46,6,3,3,3,0,0,45,1
53,6,0,3,1,14344,0,50,1
48,3,3,3,3,0,0,50,1
69,6,3,3,3,0,0,40,1
48,2,3,0,3,0,0,40,1
39,3,1,3,1,13550,0,50,1
41,0,3,0,3,0,0,40,1
44,3,3,3,3,0,1977,50,1
47,0,3,3,3,0,0,40,1
38,3,3,3,3,0,1887,40,1
22,4,0,3,1,0,0,50,1
31,0,3,0,3,0,0,40,1
55,3,1,3,1,14084,0,45,1
38,3,3,3,3,0,0,40,1
30,0,3,1,3,0,0,52,1
48,6,3,3,3,0,0,35,1
59,3,3,1,3,15024,0,40,1
36,1,3,0,3,0,0,40,1
36,0,3,0,3,0,0,40,1
46,1,3,0,3,0,1887,40,1
56,1,3,3,3,0,0,35,1
42,2,3,3,3,0,0,40,1
30,2,3,0,4,0,1485,37,1
46,3,3,2,3,15024,0,40,1
51,2,3,2,3,0,0,50,1
34,2,3,1,4,0,0,40,1
44,1,3,3,3,0,0,40,1
45,0,3,0,3,0,0,50,1
41,3,3,3,3,0,1887,50,1
53,2,3,3,3,0,0,40,1
33,6,3,1,3,0,0,50,1
26,3,3,1,4,0,0,40,1
38,2,3,1,3,0,0,50,1
55,3,3,3,3,15024,0,48,1
59,3,3,3,3,0,1902,43,1
31,6,0,3,1,0,1564,40,1
41,6,3,3,4,15024,0,40,1
59,1,3,1,3,0,0,40,1
27,0,3,4,3,0,0,40,1
41,2,3,1,3,0,1848,48,1
44,3,3,3,3,0,0,35,1
33,3,3,0,3,0,0,40,1
53,1,1,0,1,0,2444,45,1
41,3,3,3,3,0,1887,50,1
53,6,3,3,3,0,1902,50,1
34,3,3,3,3,0,0,50,1
37,3,3,1,3,0,0,50,1
57,3,3,0,3,0,0,40,1
47,3,3,3,3,7688,0,40,1
54,3,3,1,3,0,0,40,1
40,1,3,0,3,7298,0,40,1
51,0,3,0,3,4386,0,40,1
31,3,3,0,3,0,0,50,1
58,3,3,0,3,0,0,40,1
44,0,3,1,3,0,0,35,1
45,0,3,0,3,0,0,40,1
53,0,3,2,3,0,0,40,1
37,3,0,1,1,8614,0,40,1
50,6,3,3,3,0,0,45,1
42,1,3,1,3,0,0,50,1
40,2,0,1,2,4687,0,50,1
52,3,3,3,3,0,1902,40,1
37,6,3,3,3,7688,0,50,1
40,6,3,3,4,0,0,40,1
42,3,3,3,3,0,0,40,1
55,1,3,2,3,0,0,50,1
40,2,3,0,3,0,0,40,1
54,3,3,1,3,7688,0,50,1
25,3,3,1,3,0,0,40,1
29,1,3,1,4,0,0,40,1
41,1,1,0,1,0,0,40,1
50,3,3,3,3,0,0,40,1
44,3,3,1,3,0,0,50,1
44,6,1,3,1,0,2559,40,1
37,0,3,0,3,0,0,45,1
47,3,3,3,3,0,0,45,1
40,2,3,1,3,0,0,40,1
48,3,3,3,3,0,0,45,1
34,2,3,1,3,0,0,50,1
44,2,1,3,1,0,0,40,1
41,0,3,0,3,0,0,50,1
41,6,3,3,3,7688,0,50,1
46,0,3,0,3,0,0,40,1
63,1,3,1,3,0,0,50,1
31,2,3,0,1,0,0,50,1
71,0,3,1,3,0,2392,52,1
46,3,3,3,3,0,0,40,1
34,0,3,1,3,0,0,40,1
38,1,3,0,3,0,0,40,1
50,1,3,2,3,0,0,40,1
40,1,3,1,3,0,0,40,1
50,1,3,0,3,0,0,50,1
56,3,3,3,3,0,0,40,1
45,1,3,2,3,15024,0,44,1
31,3,3,3,4,0,0,40,1
63,3,3,1,3,0,0,40,1
29,3,3,3,3,0,0,40,1
60,1,2,0,1,0,0,50,1
46,0,3,0,4,5178,0,40,1
40,2,3,3,3,0,0,50,1
51,6,3,3,3,0,0,40,1
39,6,0,3,1,0,2444,45,1
47,6,0,3,1,0,0,35,1
47,0,3,0,3,0,0,40,1
43,0,3,0,3,0,0,40,1
61,3,3,3,3,0,0,50,1
39,3,3,1,3,15024,0,40,1
28,3,3,3,3,0,0,46,1
55,2,3,3,3,0,0,40,1
50,0,3,3,3,7298,0,40,1
57,6,3,3,4,0,1977,40,1
37,6,0,3,1,0,0,38,1
27,3,3,3,3,0,1977,50,1
29,3,3,3,3,0,0,40,1
38,0,3,3,3,5178,0,50,1
42,3,3,3,3,0,0,45,1
47,2,3,0,3,0,0,48,1
61,4,3,3,3,0,0,40,1
60,6,3,3,3,0,0,40,1
44,2,3,0,3,0,0,40,1
58,6,3,3,3,0,0,46,1
28,3,3,3,3,3103,0,40,1
67,6,3,3,3,0,0,40,1
42,1,3,0,3,0,0,50,1
53,3,3,3,3,7688,0,40,1
67,3,3,1,3,0,0,50,1
47,1,3,3,3,0,0,45,1
41,6,3,3,3,0,0,40,1
36,6,3,3,3,0,0,43,1
38,6,3,3,3,0,0,37,1
49,3,3,1,3,0,0,45,1
37,3,3,3,3,0,0,50,1
32,3,3,1,3,0,1887,40,1
53,1,1,1,1,8614,0,50,1
41,3,3,1,4,0,0,40,1
45,6,0,3,1,0,0,50,1
34,0,1,1,2,0,0,50,1
46,1,3,1,3,0,0,40,1
28,1,3,0,3,0,0,40,1
62,0,3,3,3,0,0,45,1
51,1,3,3,3,0,0,45,1
32,3,3,3,3,15024,0,45,1
44,6,3,3,3,0,0,45,1
47,0,3,0,3,0,0,50,1
52,6,3,3,3,15024,0,40,1
48,0,3,1,4,0,0,40,1
41,0,3,0,3,0,0,40,1
46,1,0,3,1,8614,0,50,1
32,0,3,0,3,0,0,50,1
37,0,3,0,3,0,0,50,1
27,0,3,3,3,0,0,45,1
33,6,3,3,3,0,0,50,1
31,4,0,1,1,0,0,43,1
46,1,3,0,3,0,0,45,1
59,0,3,1,3,0,0,50,1
53,3,1,3,1,0,0,50,1
45,0,3,3,3,0,0,40,1
35,3,3,0,3,0,0,40,1
34,6,3,3,4,0,0,50,1
39,2,3,3,3,15024,0,50,1
41,0,3,0,3,0,0,40,1
49,6,3,1,3,0,0,40,1
32,3,3,3,4,0,1977,40,1
43,1,3,3,3,0,0,49,1
46,6,3,3,3,15024,0,35,1
30,1,1,3,1,8614,0,50,1
51,0,0,0,1,0,0,40,1
32,3,3,1,4,0,0,40,1
52,6,3,1,3,15024,0,40,1
33,1,3,2,3,0,1887,40,1
34,6,0,1,1,0,1564,40,1
43,6,1,3,2,15020,0,35,1
31,6,3,3,3,0,1902,43,1
56,0,3,1,3,0,0,40,1
68,0,3,3,3,0,0,40,1
27,6,3,3,3,0,0,42,1
52,6,3,3,3,15024,0,40,1
43,1,3,3,3,0,0,48,1
45,0,1,3,2,0,0,38,1
43,3,3,3,3,0,0,45,1
55,3,3,3,3,0,0,40,1
58,4,3,0,3,0,0,40,1
25,3,3,3,3,0,0,45,1
52,0,3,1,3,0,0,40,1
27,3,3,3,3,0,0,42,1
45,6,3,1,3,0,0,40,1
30,3,3,3,3,0,0,40,1
37,0,3,0,3,3103,0,45,1
45,2,3,3,3,0,1902,40,1
32,3,3,3,3,0,0,45,1
48,6,1,3,2,0,0,40,1
56,0,3,0,3,0,0,40,1
53,3,1,1,1,13550,0,43,1
49,6,3,3,3,0,1977,45,1
62,6,3,3,3,0,1977,50,1
37,3,3,3,3,0,1977,50,1
46,6,3,3,3,0,0,35,1
41,0,1,0,1,13550,0,44,1
32,1,3,1,3,0,0,40,1
39,0,3,0,3,0,0,48,1
48,3,3,3,3,0,0,50,1
47,0,3,0,3,0,0,40,1
52,6,3,3,3,0,0,40,1
44,0,3,1,3,0,0,52,1
39,0,3,1,3,0,0,40,1
43,3,3,3,3,0,0,40,1
58,0,3,3,3,0,0,40,1
47,3,3,1,3,0,1887,40,1
45,6,3,1,3,0,0,50,1
55,4,3,0,3,0,0,40,1
43,3,3,1,3,0,0,40,1
44,3,3,3,3,0,0,40,1
28,3,3,3,4,0,0,50,1
50,0,3,3,3,0,0,50,1
42,3,0,1,1,10520,0,50,1
49,6,3,3,3,0,0,50,1
40,3,3,3,3,0,0,50,1
44,1,3,1,3,7688,0,40,1
27,3,3,3,3,0,0,40,1
39,3,3,3,3,3103,0,50,1
30,1,3,1,4,0,0,40,1
54,3,3,1,3,3103,0,40,1
39,6,3,3,3,0,1977,50,1
40,6,3,3,4,15024,0,37,1
40,2,3,3,3,0,0,50,1
53,6,3,3,4,0,0,50,1
28,0,3,1,4,0,0,40,1
35,2,3,1,3,0,0,50,1
47,6,3,3,4,0,0,40,1
43,3,3,3,3,15024,0,50,1
45,6,3,3,4,0,0,45,1
40,3,3,3,3,0,0,45,1
46,3,3,2,3,0,0,40,1
49,1,3,2,3,0,0,44,1
44,1,3,0,3,0,0,40,1
32,6,3,3,3,0,0,40,1
51,6,3,3,3,0,1977,35,1
58,3,3,3,3,0,0,47,1
62,6,3,1,3,0,0,45,1
39,6,3,3,3,0,0,45,1
47,6,3,3,3,0,2415,45,1
50,3,3,3,3,0,0,40,1
29,3,3,3,4,0,0,50,1
36,6,3,3,3,0,0,50,1
44,6,3,3,3,0,0,50,1
61,3,3,3,3,0,0,50,1
49,0,3,1,3,0,0,48,1
49,1,3,3,3,15024,0,50,1
43,3,0,3,1,0,0,40,1
48,0,3,0,3,0,0,35,1
52,2,3,2,3,0,0,40,1
41,6,3,3,3,0,0,45,1
37,0,3,3,3,0,1902,45,1
40,3,3,3,3,7688,0,40,1
41,0,3,0,3,0,0,40,1
45,3,3,0,3,0,0,45,1
28,2,3,1,4,0,0,40,1
44,1,3,0,3,7688,0,40,1
42,6,1,3,2,7430,0,44,1
46,2,3,4,3,0,0,48,1
34,6,3,3,4,0,0,40,1
40,2,3,1,3,7688,0,50,1
38,3,0,1,1,0,0,48,1
40,3,2,3,1,13550,0,40,1
47,6,3,3,3,0,0,40,1
51,3,3,3,3,0,0,40,1
36,6,3,3,3,0,0,38,1
53,0,3,0,3,0,0,48,1
41,3,3,3,3,7298,0,40,1
31,1,3,3,4,0,0,40,1
64,0,1,0,1,0,0,40,1
41,6,3,3,3,0,0,40,1
47,3,3,3,3,15024,0,50,1
53,1,3,2,3,0,0,40,1
55,6,3,3,3,0,0,40,1
43,3,1,3,2,7430,0,45,1
40,1,0,3,1,0,0,50,1
39,6,3,3,3,15024,0,40,1
32,0,3,0,3,0,0,40,1
65,1,3,0,3,0,0,40,1
41,3,3,3,3,0,0,50,1
30,0,3,2,3,0,0,40,1
40,6,3,3,3,0,0,40,1
45,1,3,1,3,0,0,40,1
45,1,3,3,3,0,0,50,1
37,2,3,0,3,0,0,40,1
61,6,3,3,3,0,1902,45,1
33,0,3,1,3,0,0,40,1
36,2,0,1,1,0,0,40,1
35,3,3,3,3,0,0,50,1
46,6,3,3,3,15024,0,50,1
50,6,3,3,3,7688,0,50,1
30,6,1,3,1,0,0,50,1
48,2,3,1,3,0,1902,40,1
49,0,3,1,3,0,0,50,1
40,6,3,2,3,0,0,40,1
35,1,3,0,3,0,0,40,1
33,0,3,0,3,0,0,50,1
46,3,3,4,3,0,0,40,1
31,2,3,0,3,0,0,40,1
47,6,3,1,3,0,0,40,1
36,6,3,3,4,0,0,40,1
29,0,3,1,3,0,0,40,1
26,3,0,3,1,0,0,40,1
37,6,3,3,3,0,0,50,1
30,3,3,3,3,0,0,50,1
31,1,3,4,3,7298,0,50,1
44,1,3,0,3,0,0,40,1
46,6,3,3,3,0,0,45,1
36,3,3,3,3,0,1977,45,1
36,1,3,1,3,5178,0,50,1
55,6,3,3,3,0,0,40,1
59,0,3,0,3,0,0,40,1
29,3,3,3,3,0,0,50,1
30,3,3,3,3,0,0,42,1
57,1,3,3,3,0,0,48,1
28,1,3,1,3,0,0,50,1
44,1,3,2,3,0,0,40,1
47,0,3,0,3,0,0,45,1
54,1,3,3,3,0,0,40,1
32,1,0,0,1,0,0,50,1
35,0,3,3,3,5178,0,40,1
50,3,3,3,3,0,0,40,1
35,0,3,0,3,0,0,50,1
47,3,3,3,3,0,0,40,1
55,0,3,0,3,0,0,40,1
49,3,3,3,3,0,0,40,1
34,1,3,3,3,0,1902,38,1
42,6,3,3,3,0,1977,50,1
53,2,3,0,3,0,0,40,1
51,1,3,3,3,0,0,40,1
46,0,3,0,3,0,0,40,1
45,4,3,0,4,0,0,40,1
53,6,3,3,3,0,0,42,1
41,6,1,3,2,0,0,40,1
35,2,3,2,4,0,0,35,1
44,1,3,0,3,7688,0,40,1
39,0,3,3,3,7688,0,45,1
36,1,3,0,3,0,0,40,1
54,0,3,1,4,0,0,40,1
44,2,3,0,4,4386,0,40,1
43,0,1,0,1,0,0,40,1
55,1,3,3,3,15024,0,45,1
35,1,3,2,3,0,0,40,1
41,0,3,0,3,0,0,40,1
32,3,3,3,3,0,0,45,1
39,6,3,3,3,7688,0,45,1
53,6,3,1,3,0,0,50,1
50,3,3,1,4,0,0,40,1
54,4,3,2,4,0,0,40,1
46,0,3,3,3,0,0,40,1
35,0,3,3,3,0,0,50,1
43,6,3,3,3,0,0,50,1
56,0,3,1,3,0,0,40,1
32,2,1,3,2,25236,0,50,1
55,6,3,3,3,0,1977,50,1
54,3,3,3,3,15024,0,40,1
43,1,3,3,3,0,1902,40,1
30,1,0,0,1,0,0,40,1
37,1,3,3,4,0,0,40,1
43,1,3,3,3,0,0,40,1
37,6,3,3,3,0,0,40,1
71,3,0,0,1,11678,0,45,1
52,1,3,3,3,0,0,40,1
60,1,3,0,3,0,0,40,1
64,2,3,3,3,9386,0,45,1
50,1,3,1,3,0,0,45,1
27,3,3,1,4,0,0,40,1
37,0,3,0,3,0,0,40,1
43,3,3,3,3,7298,0,40,1
28,4,3,3,3,0,0,50,1
36,1,3,2,3,0,0,40,1
60,1,3,3,3,7688,0,50,1
33,0,3,1,3,0,0,40,1
53,1,3,1,3,0,1887,48,1
49,3,3,0,3,0,0,40,1
44,0,3,1,3,0,0,45,1
35,3,3,3,3,0,0,50,1
50,1,3,2,3,7298,0,40,1
53,3,3,1,3,0,0,40,1
55,6,3,3,3,0,0,40,1
47,0,4,3,1,0,2444,50,1
55,0,3,1,4,0,0,40,1
28,1,3,1,3,0,0,50,1
37,3,3,3,3,0,0,40,1
29,3,3,1,3,0,0,40,1
38,1,3,1,4,0,1902,40,1
32,3,3,3,3,0,0,50,1
59,0,3,0,3,0,0,40,1
34,0,3,2,3,0,0,40,1
40,2,1,3,1,0,0,40,1
26,2,3,1,4,0,0,40,1
46,1,3,1,4,0,0,40,1
52,3,3,3,3,0,0,50,1
44,3,3,2,3,0,0,44,1
26,1,3,3,3,0,0,45,1
61,0,3,3,3,3103,0,40,1
36,1,3,3,3,0,1887,40,1
63,0,3,2,3,0,0,40,1
61,3,3,3,3,0,0,50,1
41,3,3,3,4,0,0,50,1
74,1,3,3,3,0,0,35,1
39,3,3,3,3,15024,0,50,1
46,0,3,1,4,3103,0,52,1
54,5,3,0,3,0,0,40,1
44,2,3,3,3,0,0,50,1
62,4,3,0,3,0,0,40,1
32,1,3,1,3,5178,0,50,1
52,4,3,0,3,0,0,45,1
38,3,3,3,3,0,0,45,1
55,0,3,3,3,0,0,40,1
38,3,3,3,3,15024,0,50,1
51,3,3,3,3,0,0,50,1
55,1,3,0,3,0,0,40,1
41,3,3,1,3,7688,0,50,1
57,0,3,1,3,0,0,45,1
62,0,3,2,3,0,0,40,1
53,0,3,0,3,0,1902,40,1
34,6,3,3,3,0,0,45,1
41,1,3,3,3,0,1902,40,1
37,0,3,1,3,0,0,40,1
56,3,3,1,3,5178,0,44,1
50,3,3,3,3,7688,0,50,1
46,6,1,3,2,0,0,40,1
57,3,3,3,3,0,1902,40,1
52,0,3,0,3,0,0,40,1
61,6,3,3,3,0,0,40,1
41,6,0,3,1,27828,0,35,1
51,1,3,0,3,7298,0,40,1
57,0,3,0,3,0,1887,40,1
38,3,3,1,3,0,0,40,1
41,1,3,3,0,0,0,40,1
24,0,1,3,1,0,0,45,1
55,3,3,1,3,7688,0,38,1
35,6,0,3,0,0,0,44,1
58,6,3,3,3,7688,0,50,1
39,0,3,0,3,0,0,40,1
61,0,3,0,3,0,0,40,1
42,6,3,3,3,0,0,45,1
42,0,3,1,3,0,0,48,1
42,1,3,3,4,0,0,40,1
41,6,3,3,3,0,0,40,1
51,6,0,3,1,0,0,40,1
44,3,3,1,3,0,0,40,1
36,3,3,3,3,0,0,50,1
53,1,3,3,3,15024,0,50,1
26,6,0,3,1,8614,0,40,1
46,3,3,1,3,0,0,40,1
47,6,3,3,3,15024,0,50,1
49,0,3,1,3,0,0,40,1
52,3,3,3,3,0,1887,40,1
45,3,3,3,3,0,0,50,1
52,0,3,0,3,0,0,40,1
50,3,3,3,3,0,0,38,1
59,3,3,3,3,0,0,40,1
43,3,3,3,3,0,0,50,1
45,0,3,2,3,0,0,40,1
40,3,3,3,3,0,0,50,1
40,3,3,3,3,0,0,50,1
46,1,3,2,3,0,0,40,1
29,6,0,3,2,27828,0,45,1
38,0,0,1,1,0,0,45,1
29,3,3,3,3,0,0,40,1
38,2,3,0,3,7298,0,40,1
39,1,3,1,3,15024,0,40,1
58,6,3,3,3,0,0,35,1
54,3,3,1,3,3103,0,40,1
42,3,3,1,3,0,0,40,1
50,3,1,3,1,0,0,45,1
47,0,3,1,3,0,0,50,1
47,4,3,0,3,0,0,46,1
46,6,1,3,1,0,0,50,1
61,0,3,3,3,0,0,40,1
37,3,3,3,4,0,0,40,1
38,2,3,0,3,0,0,50,1
34,3,3,3,3,3103,0,50,1
55,0,3,0,3,15024,0,35,1
41,1,3,0,3,0,0,40,1
47,3,3,3,3,0,0,40,1
33,6,3,3,3,0,0,50,1
44,2,3,3,3,0,0,50,1
45,3,3,3,3,0,0,50,1
42,3,3,1,3,5178,0,45,1
44,1,3,2,3,0,0,40,1
36,3,3,1,3,0,1977,35,1
54,3,3,3,3,0,0,50,1
43,3,3,1,0,0,0,40,1
43,3,3,1,3,7298,0,40,1
42,3,3,3,3,0,0,40,1
49,6,3,3,3,0,0,40,1
31,1,3,0,3,4386,0,50,1
54,0,3,1,3,0,0,50,1
24,0,3,0,3,0,0,49,1
55,4,3,0,3,0,0,40,1
48,1,3,1,3,0,0,50,1
36,0,3,0,4,0,0,40,1
41,3,3,3,3,7298,0,40,1
49,3,3,3,3,0,0,40,1
57,6,1,3,1,0,2824,50,1
50,6,0,3,1,13550,0,50,1
58,1,3,1,3,0,0,40,1
42,1,3,0,3,0,0,40,1
33,1,3,1,4,15024,0,40,1
51,6,3,3,3,15024,0,40,1
31,0,0,0,2,14344,0,40,1
51,0,3,0,3,0,0,45,1
40,0,3,3,4,0,0,40,1
51,6,3,3,3,7688,0,45,1
45,1,3,0,3,0,0,40,1
39,3,3,0,3,0,0,40,1
40,6,3,3,3,0,1977,45,1
39,0,3,0,3,0,0,42,1
44,6,3,3,3,0,1977,50,1
40,6,0,3,1,14084,0,50,1
51,1,3,1,3,15024,0,40,1
30,3,3,1,3,0,0,50,1
46,3,3,3,3,3103,0,40,1
39,2,3,1,3,0,0,50,1
52,6,3,3,3,0,0,40,1
26,0,3,1,3,0,0,50,1
48,0,3,1,4,0,0,40,1
44,2,3,1,3,0,0,45,1
45,3,3,0,3,0,0,40,1
35,0,3,3,3,5178,0,40,1
44,0,3,4,3,0,0,40,1
41,3,3,3,3,7688,0,50,1
60,0,3,1,4,0,0,40,1
56,2,3,1,3,0,0,40,1
32,2,3,0,3,0,0,40,1
47,3,3,3,3,0,0,40,1
38,1,3,3,3,0,1902,50,1
54,0,3,0,3,0,1902,40,1
56,1,3,3,3,0,0,40,1
40,6,3,3,3,0,0,40,1
31,2,3,2,4,0,0,35,1
31,3,3,0,3,0,0,50,1
39,0,0,1,0,0,0,40,1
43,3,3,3,3,0,0,40,1
45,2,1,1,2,0,0,40,1
54,1,3,1,3,0,0,45,1
55,2,3,3,3,0,0,40,1
25,3,3,1,3,0,0,50,1
36,3,3,2,3,7298,0,36,1
45,0,3,3,3,0,0,40,1
31,0,3,2,3,0,0,40,1
46,1,3,0,3,7298,0,45,1
29,0,3,0,3,7298,0,40,1
44,0,3,2,3,0,0,52,1
43,1,3,1,3,0,0,38,1
40,2,3,3,3,0,0,50,1
43,6,3,3,3,0,0,42,1
48,1,3,0,3,0,0,40,1
31,3,3,1,3,0,0,40,1
46,2,3,0,3,0,0,40,1
39,1,0,2,1,0,0,40,1
46,6,0,3,1,0,1564,50,1
32,2,3,0,3,0,0,40,1
75,0,0,1,1,0,0,40,1
53,1,3,3,3,0,0,40,1
46,6,0,3,1,0,0,40,1
58,4,3,0,3,0,0,50,1
45,3,3,3,4,0,0,40,1
39,0,1,1,1,0,0,40,1
35,3,3,1,3,0,0,40,1
46,3,3,3,3,7688,0,40,1
36,1,3,0,3,7298,0,45,1
34,3,3,3,4,0,0,40,1
34,0,2,0,1,0,0,50,1
32,3,3,3,3,0,0,40,1
33,1,3,3,4,0,0,40,1
36,0,3,0,3,0,0,45,1
33,3,3,3,3,0,1902,45,1
55,4,3,0,3,0,0,40,1
46,3,3,3,3,15024,0,40,1
49,3,3,3,3,0,0,50,1
61,4,3,3,3,7688,0,40,1
56,2,3,0,3,0,0,48,1
37,6,3,3,3,0,0,50,1
52,6,3,3,3,15024,0,40,1
34,1,3,1,3,0,0,40,1
38,0,3,3,3,0,0,44,1
40,6,0,3,1,14084,0,50,1
52,0,3,3,3,0,0,45,1
39,3,3,3,4,0,0,36,1
34,3,1,3,2,0,0,40,1
44,1,3,0,3,0,0,40,1
55,6,3,3,3,0,1977,50,1
37,2,3,0,3,0,0,40,1
58,1,3,1,3,0,1977,50,1
42,3,3,3,3,0,0,40,1
36,6,3,3,3,0,0,40,1
36,3,3,1,3,0,1902,40,1
40,2,3,3,3,7298,0,36,1
57,3,3,3,3,0,1902,40,1
35,0,3,3,4,0,0,40,1
49,3,3,3,3,0,0,50,1
41,6,3,3,4,0,1902,40,1
47,2,3,0,3,0,0,40,1
38,2,0,0,1,10520,0,50,1
30,2,3,1,3,0,0,45,1
28,4,3,3,3,0,0,50,1
30,3,0,1,1,0,0,35,1
40,3,3,3,3,0,0,40,1
45,3,3,3,3,0,0,40,1
31,2,3,1,3,4386,0,45,1
54,0,3,1,3,0,0,40,1
49,6,3,3,3,0,0,45,1
45,6,0,3,1,0,0,50,1
36,0,3,1,4,0,0,40,1
49,3,3,1,3,0,0,50,1
32,4,3,0,3,0,0,40,1
25,0,3,0,3,7298,0,40,1
49,0,1,1,1,0,0,50,1
32,2,3,1,3,0,0,42,1
50,3,3,3,3,7688,0,50,1
45,2,3,3,4,0,0,40,1
36,1,3,3,3,0,0,50,1
52,0,3,3,3,0,0,45,1
38,1,3,0,3,0,0,40,1
58,2,3,0,3,0,1848,40,1
37,1,3,1,3,0,0,50,1
59,1,3,3,3,0,0,50,1
51,0,3,0,3,0,1902,40,1
38,2,3,0,3,4386,0,40,1
29,2,3,4,3,0,0,40,1
38,3,3,1,3,7298,0,40,1
56,0,3,0,3,0,0,40,1
58,0,3,1,3,0,0,40,1
41,1,3,0,3,0,0,48,1
51,1,3,3,3,0,0,50,1
50,0,3,0,3,0,0,50,1
32,3,1,3,1,10520,0,40,1
46,0,3,1,3,0,0,50,1
44,1,3,3,3,0,0,35,1
57,1,3,3,3,0,0,40,1
39,0,3,0,3,0,0,50,1
49,0,3,2,4,0,0,40,1
48,6,3,3,3,0,0,35,1
50,0,3,0,3,0,0,40,1
48,6,3,3,3,0,0,40,1
40,0,3,1,4,0,0,40,1
55,1,3,1,3,0,0,40,1
35,6,3,3,3,0,0,50,1
38,0,3,3,3,0,0,40,1
41,3,3,4,3,0,0,40,1
34,0,3,0,3,0,0,43,1
26,6,3,3,3,0,1977,40,1
36,6,3,3,3,0,0,40,1
26,3,3,0,3,0,0,40,1
45,6,3,3,3,15024,0,43,1
43,0,3,0,3,0,0,48,1
32,0,3,1,4,0,0,40,1
53,0,3,1,3,0,0,40,1
43,0,3,1,3,0,0,40,1
26,0,3,0,3,0,0,50,1
56,1,3,0,3,0,0,50,1
38,6,0,3,1,0,0,40,1
44,3,3,3,3,0,0,40,1
28,6,3,3,3,0,0,50,1
39,1,3,4,3,0,0,50,1
42,1,3,1,3,0,0,40,1
54,0,3,1,3,0,0,50,1
42,1,3,1,3,0,1887,40,1
51,0,3,0,3,0,0,40,1
49,0,3,1,3,0,0,50,1
27,3,0,1,1,10520,0,45,1
54,0,3,1,3,0,0,50,1
51,2,3,1,3,0,0,40,1
46,3,3,3,3,0,1902,40,1
31,0,3,0,4,5178,0,35,1
40,0,3,3,4,5178,0,40,1
62,0,3,3,3,0,0,45,1
50,6,3,1,3,0,0,45,1
57,0,3,0,3,15024,0,40,1
44,3,3,3,3,0,0,40,1
57,6,3,3,3,0,1977,40,1
54,3,3,3,3,15024,0,40,1
45,3,3,3,3,0,0,40,1
69,0,3,2,3,0,0,40,1
36,3,3,3,3,0,1887,40,1
47,3,3,1,3,0,0,40,1
46,6,3,1,3,0,0,40,1
31,2,3,1,3,0,0,40,1
46,3,3,0,3,0,0,40,1
46,6,3,3,3,0,1977,45,1
43,3,3,1,3,0,0,40,1
33,0,3,0,3,0,1848,48,1
31,1,3,0,3,0,0,50,1
65,0,3,3,3,0,0,40,1
60,0,3,3,3,0,0,45,1
43,3,3,0,3,0,0,40,1
57,3,3,2,3,0,0,40,1
47,5,3,0,4,0,0,40,1
43,6,3,3,3,15024,0,50,1
41,3,3,3,3,0,0,40,1
48,1,3,3,3,0,0,40,1
44,6,3,3,4,0,0,40,1
40,3,1,3,1,10520,0,40,1
62,0,3,3,3,0,0,45,1
36,5,3,0,3,0,0,50,1
45,3,3,1,3,0,0,40,1
42,3,3,1,3,0,0,45,1
48,6,3,3,3,7688,0,50,1
34,3,3,3,3,0,0,45,1
32,3,0,3,1,13550,0,48,1
48,1,3,3,3,0,0,35,1
56,3,0,3,1,0,0,45,1
50,0,3,0,3,0,0,40,1
32,1,3,2,4,0,0,40,1
38,0,3,0,3,0,0,40,1
30,2,3,3,3,5178,0,52,1
27,3,3,1,3,0,0,50,1
54,0,3,0,3,0,0,40,1
43,3,0,3,1,0,0,50,1
45,3,3,0,3,0,0,40,1
42,6,3,1,4,15024,0,40,1
50,6,3,1,3,0,0,40,1
41,3,3,3,3,0,1977,45,1
52,3,3,3,3,0,0,40,1
49,0,3,1,3,0,0,40,1
39,2,0,1,0,14344,0,40,1
61,1,3,1,3,7688,0,40,1
47,6,3,3,3,0,0,40,1
51,0,1,3,1,0,0,37,1
27,0,3,0,3,0,0,50,1
53,1,1,1,1,8614,0,50,1
44,3,3,3,3,7298,0,48,1
45,4,3,2,3,0,1848,40,1
42,3,3,1,3,0,0,40,1
53,6,3,3,3,0,1977,40,1
55,3,3,3,3,0,0,45,1
33,6,3,3,4,0,0,40,1
38,3,3,3,4,0,0,40,1
53,0,3,0,3,0,0,45,1
52,1,3,3,3,0,0,45,1
53,6,3,3,3,0,0,50,1
46,0,3,2,3,0,0,43,1
49,0,3,0,3,3103,0,45,1
40,3,3,3,3,0,0,45,1
35,0,3,0,3,3103,0,40,1
43,3,1,1,2,0,0,40,1
51,1,3,3,3,0,0,40,1
46,3,3,1,3,0,1977,45,1
55,6,3,3,3,0,0,40,1
59,0,3,1,3,0,0,50,1
53,0,3,0,3,0,0,40,1
46,1,3,1,4,0,0,40,1
55,6,1,3,2,0,0,40,1
52,3,3,3,3,0,0,40,1
32,3,3,3,3,0,0,40,1
50,3,3,1,3,0,0,40,1
40,0,3,0,3,0,1902,45,1
37,3,3,1,3,0,0,50,1
45,6,3,3,3,0,0,40,1
52,6,3,3,3,0,0,40,1
34,0,3,0,3,0,0,50,1
54,6,0,3,1,0,0,40,1
46,3,1,3,1,27828,0,50,1
36,6,3,1,3,0,1977,50,1
40,3,3,3,3,0,0,45,1
66,3,3,3,3,0,0,40,1
51,0,3,0,3,0,0,40,1
28,3,3,3,3,0,1887,40,1
37,2,3,1,3,0,1887,40,1
64,2,3,3,3,0,0,40,1
30,2,3,1,5,0,0,40,1
46,1,3,1,3,0,0,50,1
57,0,3,0,3,0,0,48,1
50,1,3,4,3,7688,0,40,1
35,3,3,3,4,0,0,40,1
46,6,3,3,3,0,0,50,1
58,3,3,3,3,0,0,40,1
32,3,0,3,0,10520,0,40,1
57,1,3,1,3,7688,0,45,1
37,1,3,1,3,0,0,44,1
48,3,3,3,3,0,0,40,1
39,0,3,0,3,0,0,40,1
45,3,3,3,3,0,0,40,1
47,1,3,3,3,0,0,40,1
46,6,3,3,3,0,0,40,1
34,3,1,1,1,0,2824,50,1
40,0,3,3,3,0,1485,40,1
38,6,0,3,1,0,2824,45,1
51,3,3,3,3,0,0,37,1
41,2,3,3,3,0,0,40,1
43,6,3,3,3,0,1902,50,1
34,3,3,3,3,0,0,40,1
43,3,3,3,3,3103,0,40,1
49,6,3,3,3,0,0,50,1
50,2,3,0,3,0,0,40,1
44,3,3,3,3,0,0,50,1
38,1,3,3,3,0,0,40,1
58,0,3,0,3,0,0,40,1
43,6,3,3,3,0,0,42,1
45,6,3,3,3,0,0,40,1
46,1,1,0,2,0,0,40,1
43,3,3,1,3,0,0,40,1
56,3,3,3,3,0,1902,48,1
30,6,3,3,4,0,0,50,1
29,6,3,3,3,0,0,35,1
34,1,3,3,3,0,0,40,1
44,3,3,3,3,0,1902,50,1
55,0,3,3,5,0,2246,40,1
34,1,3,3,3,0,0,50,1
41,3,3,3,3,15024,0,40,1
47,1,3,0,3,0,0,43,1
39,1,3,1,3,0,0,40,1
34,3,3,1,3,0,0,48,1
46,6,3,3,3,0,1902,50,1
43,6,0,3,1,10520,0,50,1
52,0,3,1,3,0,0,40,1
30,1,0,1,1,0,0,45,1
51,3,3,1,3,0,0,50,1
30,1,3,1,3,0,0,40,1
50,2,3,0,3,0,0,40,1
63,3,3,1,3,0,0,50,1
44,0,3,2,0,0,0,40,1
54,2,3,3,3,0,0,40,1
40,1,3,3,3,0,0,40,1
50,6,3,3,3,0,0,50,1
48,6,1,3,2,9562,0,40,1
25,1,0,3,1,8614,0,40,1
40,0,3,0,3,0,0,40,1
49,4,4,0,2,0,2231,40,1
34,1,3,3,4,7298,0,40,1
37,3,3,2,3,0,0,40,1
35,1,3,3,3,0,0,50,1
42,0,3,0,3,0,0,40,1
51,1,3,1,3,0,0,40,1
38,6,3,3,3,0,0,50,1
63,1,3,3,3,0,0,40,1
46,0,3,1,3,0,0,40,1
44,6,3,1,3,0,0,44,1
55,3,3,3,3,15024,0,50,1
27,6,3,3,3,0,0,40,1
25,6,0,3,0,0,0,40,1
66,5,3,0,3,0,0,40,1
53,4,3,0,3,0,0,40,1
34,3,3,3,3,0,0,40,1
45,1,3,3,3,0,0,50,1
26,3,3,3,4,0,0,45,1
47,6,3,3,3,0,0,47,1
55,6,3,3,3,0,0,40,1
46,1,3,3,3,0,0,48,1
35,3,3,3,3,0,0,50,1
36,6,0,3,1,0,0,50,1
29,2,3,1,4,7688,0,45,1
48,0,3,1,4,0,0,40,1
34,0,3,1,3,0,0,45,1
47,6,3,3,3,0,0,35,1
30,1,0,0,1,0,0,40,1
44,1,3,1,3,0,1485,40,1
39,3,3,1,3,0,0,50,1
43,0,3,3,3,15024,0,50,1
43,1,3,3,3,0,0,40,1
54,3,3,1,3,0,0,40,1
42,0,4,3,1,0,0,40,1
36,3,3,3,4,0,1977,45,1
39,6,3,3,3,0,0,40,1
45,3,3,3,3,0,0,45,1
40,2,3,3,3,7298,0,36,1
47,1,3,1,3,0,0,45,1
54,0,3,1,3,0,0,50,1
61,0,3,1,3,0,0,40,1
50,2,3,3,4,0,1887,36,1
46,1,3,0,3,0,0,50,1
43,3,3,1,3,0,0,40,1
39,3,3,3,3,0,0,40,1
29,3,0,3,1,8614,0,40,1
50,1,3,1,3,0,0,40,1
46,3,3,3,3,7688,0,40,1
51,0,3,1,3,0,0,40,1
45,2,3,1,3,5178,0,40,1
37,6,3,1,3,0,0,50,1
46,3,1,3,1,0,0,40,1
37,0,3,0,3,0,1848,48,1
25,1,3,0,0,0,0,50,1
40,0,3,3,3,0,0,40,1
30,3,3,3,3,0,0,40,1
36,1,3,0,3,0,0,50,1
40,2,0,1,2,4687,0,50,1
38,3,3,3,3,0,0,40,1
59,6,1,3,1,0,0,40,1
36,3,3,1,3,7298,0,40,1
28,0,3,0,3,0,0,40,1
46,0,3,1,3,0,0,40,1
47,6,3,3,3,0,0,40,1
43,1,3,3,3,0,0,40,1
48,6,3,3,4,7688,0,40,1
41,3,3,3,3,0,0,40,1
22,3,0,3,1,8614,0,40,1
44,1,3,2,3,0,0,40,1
39,0,3,0,3,0,0,40,1
55,6,3,3,3,7298,0,40,1
26,2,3,2,3,0,0,45,1
41,2,3,2,4,3103,0,40,1
53,0,3,0,3,0,0,45,1
54,3,0,3,2,0,0,40,1
36,6,3,3,3,0,0,40,1
46,0,3,0,3,0,1902,40,1
51,1,1,1,1,0,0,38,1
45,1,3,2,3,0,0,40,1
36,4,0,2,1,13550,0,40,1
29,3,3,2,3,7298,0,42,1
39,1,3,3,4,0,0,43,1
44,1,1,1,0,0,0,45,1
37,0,0,0,5,27828,0,48,1
33,0,3,3,3,0,0,40,1
64,2,3,0,3,0,0,40,1
59,3,3,3,3,0,0,50,1
41,0,3,0,3,0,0,40,1
35,1,3,0,3,0,0,40,1
38,3,0,1,1,0,0,40,1
57,6,3,3,3,0,0,40,1
48,3,3,3,3,0,0,40,1
31,1,3,3,3,0,1887,40,1
45,3,3,1,3,7688,0,40,1
55,1,3,3,3,0,0,40,1
53,1,3,0,3,0,0,47,1
50,3,3,3,3,0,1887,36,1
52,3,3,3,3,0,0,45,1
40,1,3,1,3,0,0,48,1
24,0,1,2,2,0,0,50,1
30,0,3,1,4,7298,0,40,1
44,2,3,3,3,0,1977,50,1
37,6,0,3,1,0,0,38,1
73,3,3,3,3,0,2246,40,1
40,0,3,0,3,0,0,40,1
51,1,3,1,3,0,1902,50,1
42,1,3,3,4,0,0,40,1
48,1,3,0,3,7298,0,40,1
38,6,3,3,3,7688,0,40,1
31,3,0,1,1,8614,0,40,1
41,6,3,3,3,0,0,45,1
64,5,3,4,3,0,0,40,1
44,1,3,3,3,7298,0,45,1
33,0,3,1,3,0,0,40,1
36,3,3,1,3,0,0,50,1
42,3,3,1,4,0,0,40,1
47,6,3,1,3,0,0,40,1
39,1,3,1,0,0,0,50,1
35,6,0,3,0,0,0,44,1
38,0,3,3,3,0,0,40,1
47,3,3,3,4,0,0,40,1
33,6,0,3,0,0,0,42,1
39,1,3,1,3,0,0,40,1
41,3,0,3,1,0,0,40,1
69,3,4,3,1,0,2282,40,1
30,0,3,0,3,0,0,40,1
36,0,3,0,3,7298,0,40,1
34,2,3,3,4,0,0,36,1
40,0,3,0,3,0,0,45,1
49,0,3,1,3,0,0,40,1
40,2,1,3,2,0,0,40,1
41,1,3,4,3,7688,0,50,1
49,6,3,1,3,0,0,40,1
30,3,3,1,3,0,0,40,1
24,0,1,3,1,0,0,45,1
45,0,3,2,3,0,1902,40,1
50,6,3,1,5,0,2415,50,1
48,6,3,3,3,15024,0,45,1
58,6,3,3,3,0,0,40,1
56,6,3,3,3,0,0,40,1
51,6,1,3,1,0,0,39,1
39,1,3,3,4,0,0,40,1
34,1,1,3,1,0,0,40,1
64,6,3,3,3,0,0,50,1
48,6,3,3,3,0,0,50,1
30,3,3,1,3,0,0,40,1
36,2,3,3,4,0,0,45,1
44,3,0,3,1,27828,0,40,1
41,0,3,3,3,0,0,40,1
31,2,3,1,3,0,0,40,1
28,1,3,0,3,0,0,50,1
47,6,3,3,3,0,0,40,1
56,1,3,3,4,7688,0,50,1
46,2,3,1,3,0,0,40,1
48,3,2,3,5,0,0,36,1
39,3,3,3,3,3103,0,50,1
41,6,3,3,3,0,0,45,1
55,6,3,3,3,0,0,50,1
26,2,3,2,3,0,0,45,1
41,1,3,3,3,0,0,44,1
48,3,1,1,0,0,0,38,1
36,0,3,1,3,0,0,50,1
53,0,3,3,3,0,0,43,1
49,0,3,0,3,3103,0,45,1
60,0,3,0,3,0,0,42,1
35,0,3,3,4,0,0,40,1
50,1,3,3,3,0,0,40,1
46,0,3,4,3,15024,0,40,1
50,2,3,3,3,0,0,50,1
56,0,3,3,3,0,0,40,1
33,3,1,1,1,0,0,50,1
33,3,3,3,3,15024,0,50,1
45,6,3,3,3,0,0,40,1
52,0,3,0,3,0,0,40,1
56,0,3,0,3,3103,0,40,1
32,3,3,0,3,7688,0,50,1
55,0,3,1,3,0,0,46,1
43,1,3,0,3,0,0,44,1
42,3,3,3,3,7688,0,40,1
40,6,3,3,3,0,0,40,1
35,3,3,1,3,0,0,45,1
52,0,3,3,3,5178,0,40,1
29,3,0,3,1,0,0,45,1
49,6,3,3,3,0,0,45,1
35,0,3,3,3,0,0,40,1
40,1,3,1,0,0,1902,40,1
29,3,3,3,3,0,0,40,1
34,3,0,3,1,0,0,40,1
51,2,3,0,3,3103,0,50,1
31,0,3,0,3,0,0,48,1
23,3,0,3,0,13550,0,50,1
50,0,3,3,4,0,0,40,1
43,6,4,3,2,4934,0,40,1
44,6,3,3,3,0,0,40,1
42,3,3,0,3,0,0,48,1
53,0,3,3,3,0,0,40,1
59,1,3,0,3,0,0,40,1
54,3,3,3,3,0,0,40,1
36,3,3,3,3,0,0,35,1
46,2,3,1,3,0,0,38,1
45,3,3,3,3,0,0,45,1
39,3,4,3,2,0,0,50,1
45,2,3,0,3,15024,0,40,1
39,0,3,0,3,7298,0,40,1
44,3,3,1,3,0,0,45,1
63,6,3,3,3,0,0,50,1
40,6,3,3,3,0,0,50,1
43,3,3,3,3,0,1977,40,1
39,0,3,0,3,0,0,40,1
41,1,3,1,3,0,0,40,1
41,1,3,1,3,0,0,50,1
46,0,3,3,3,0,0,40,1
39,0,3,0,3,5178,0,50,1
45,6,1,1,2,25236,0,42,1
62,0,3,3,3,0,0,40,1
49,3,3,3,3,15024,0,50,1
42,3,3,3,3,0,0,40,1
41,0,3,0,3,0,1485,44,1
50,6,1,1,1,0,0,50,1
44,3,3,3,3,7688,0,50,1
40,3,3,3,3,0,1887,40,1
44,6,1,3,1,0,0,45,1
31,3,3,3,3,7298,0,50,1
66,3,3,1,3,0,0,50,1
36,3,3,3,3,0,0,40,1
55,3,3,3,3,0,1887,40,1
46,0,1,0,5,0,0,48,1
36,3,3,3,3,0,1887,40,1
39,3,1,3,2,0,0,40,1
54,0,3,1,3,0,0,40,1
32,0,3,1,4,0,0,40,1
34,1,3,0,3,0,0,48,1
50,0,3,0,3,0,0,40,1
42,6,1,3,1,0,0,39,1
47,0,3,0,3,0,0,40,1
46,0,3,3,3,0,0,40,1
50,6,3,1,3,15024,0,40,1
38,1,3,2,3,7688,0,40,1
53,6,3,3,3,0,0,48,1
56,3,3,1,3,0,0,40,1
24,0,3,0,3,4386,0,40,1
27,3,3,1,4,0,0,40,1
43,1,0,1,2,0,0,38,1
40,1,3,3,3,0,0,40,1
28,3,3,1,3,7688,0,40,1
39,0,3,1,4,0,0,40,1
42,3,3,3,3,0,0,50,1
52,1,3,3,3,0,0,45,1
50,1,3,1,3,0,0,40,1
38,3,3,3,3,0,0,50,1
37,3,3,1,3,15024,0,50,1
60,3,3,3,3,0,0,50,1
32,1,1,0,0,0,0,40,1
36,1,3,1,3,15024,0,40,1
32,0,3,3,4,0,0,50,1
46,0,3,1,0,7298,0,40,1
79,4,4,1,1,18481,0,45,1
45,3,3,3,3,0,0,40,1
46,3,3,3,3,0,0,50,1
37,6,1,3,1,0,0,45,1
28,3,0,3,1,0,0,50,1
41,4,3,0,3,0,0,40,1
45,3,3,3,3,0,0,40,1
45,0,1,0,1,10520,0,40,1
45,3,3,4,3,7298,0,40,1
48,3,3,3,3,0,0,40,1
40,1,1,0,2,0,0,40,1
53,1,3,3,3,0,0,40,1
54,0,3,0,3,7688,0,40,1
48,4,4,0,2,0,0,40,1
56,1,1,0,1,0,0,40,1
45,3,1,3,2,0,0,50,1
29,2,0,3,1,8614,0,40,1
36,6,0,1,1,10520,0,45,1
40,2,3,1,3,7688,0,50,1
36,2,3,3,3,0,0,44,1
30,3,3,3,3,0,0,40,1
42,3,3,3,3,7688,0,40,1
31,1,3,2,3,0,0,40,1
50,2,3,3,4,0,1887,36,1
50,3,3,3,3,7298,0,50,1
39,3,3,3,3,15024,0,50,1
38,0,3,0,3,15024,0,45,1
40,1,3,3,3,0,1902,50,1
42,1,3,0,3,0,0,45,1
36,0,3,1,3,0,0,40,1
48,6,3,3,4,0,0,40,1
40,1,1,1,0,0,0,44,1
38,6,3,3,3,0,0,40,1
49,2,3,3,3,0,0,45,1
51,1,1,1,2,0,2547,40,1
36,4,0,2,1,13550,0,40,1
30,3,3,3,3,0,0,40,1
54,3,3,1,3,0,0,40,1
32,3,3,0,4,0,0,40,1
36,3,3,1,3,0,0,50,1
46,1,3,1,4,0,0,40,1
53,1,3,0,3,0,0,40,1
52,1,3,3,3,7688,0,40,1
66,3,3,3,3,20051,0,40,1
41,6,3,3,4,0,0,50,1
34,1,3,0,3,0,0,52,1
56,3,0,3,1,14084,0,45,1
48,1,3,0,3,0,0,40,1
52,0,0,1,1,0,0,48,1
28,0,3,3,3,0,0,45,1
48,1,3,2,3,0,0,40,1
24,3,0,3,2,0,0,40,1
40,3,3,1,3,0,0,40,1
30,1,0,1,1,0,0,50,1
44,3,3,3,3,0,0,48,1
48,3,3,0,3,0,0,40,1
30,0,3,3,3,0,1887,50,1
37,0,3,0,3,0,0,50,1
56,0,3,1,3,0,0,36,1
42,3,3,3,3,0,1977,40,1
61,4,3,2,3,0,0,40,1
45,6,3,3,3,0,1977,50,1
47,1,1,1,2,0,0,45,1
42,0,3,0,3,0,0,40,1
37,0,1,3,1,0,0,40,1
49,3,3,1,3,0,0,45,1
47,3,0,1,2,0,0,40,1
46,3,3,1,3,0,1977,45,1
42,1,0,3,1,0,0,40,1
33,1,3,0,3,0,0,40,1
42,2,3,1,3,7298,0,40,1
31,3,3,1,3,0,0,40,1
39,6,3,3,3,0,0,45,1
34,1,3,3,3,0,0,40,1
32,1,3,0,3,0,0,40,1
35,3,3,1,3,0,0,45,1
37,3,3,3,3,0,0,40,1
46,4,3,0,3,0,1902,40,1
45,1,3,1,3,0,0,50,1
28,2,3,0,3,7688,0,45,1
31,6,0,1,0,27828,0,40,1
59,4,3,0,3,0,0,40,1
36,1,3,0,3,0,1887,40,1
48,3,3,3,3,15024,0,45,1
39,0,3,0,3,0,0,48,1
41,6,0,0,1,0,0,40,1
54,1,3,0,3,7298,0,40,1
33,0,3,1,3,0,0,45,1
49,6,1,3,2,7430,0,40,1
35,3,3,3,3,0,1977,48,1
42,0,3,0,3,5178,0,40,1
36,2,3,3,3,0,0,50,1
42,6,0,3,1,0,0,40,1
43,1,3,1,3,0,0,43,1
31,1,3,0,3,0,0,40,1
40,2,3,3,3,0,0,50,1
51,1,3,3,3,0,0,45,1
43,3,3,3,3,0,0,45,1
37,3,3,1,3,0,1977,40,1
53,0,3,0,3,0,0,46,1
46,1,3,3,3,3103,0,40,1
39,3,3,3,3,15024,0,50,1
37,1,3,3,3,4386,0,50,1
35,6,3,3,3,0,0,45,1
47,0,3,0,3,0,0,40,1
42,0,3,0,3,5178,0,40,1
44,1,3,0,3,0,0,48,1
40,3,3,3,3,0,0,40,1
42,3,3,3,3,7688,0,40,1
59,6,3,0,3,0,0,40,1
47,4,3,0,3,4386,0,48,1
46,3,3,3,3,15024,0,38,1
33,6,3,3,4,0,0,40,1
46,1,3,1,3,0,0,40,1
45,0,3,3,3,0,0,40,1
57,0,3,0,3,0,0,50,1
31,1,3,0,3,0,0,40,1
61,0,3,3,3,0,1887,40,1
51,3,3,1,3,0,0,47,1
43,1,3,1,3,7298,0,50,1
29,0,3,1,3,0,0,40,1
46,3,3,3,3,0,0,50,1
48,1,3,2,3,0,0,40,1
41,0,0,0,0,14344,0,48,1
60,3,3,1,3,0,0,40,1
43,3,0,3,1,0,0,40,1
45,6,3,3,3,0,0,50,1
65,1,3,1,3,0,0,48,1
29,0,3,1,3,0,0,48,1
42,0,3,1,3,0,0,40,1
43,3,3,0,3,0,1902,40,1
48,6,3,3,3,7688,0,50,1
38,3,0,1,1,0,2444,45,1
54,1,3,2,3,0,0,48,1
60,6,3,3,3,0,0,50,1
55,1,3,0,3,0,0,48,1
41,3,3,3,4,0,0,40,1
62,6,3,3,3,7688,0,40,1
53,2,3,1,3,0,0,45,1
39,6,3,3,3,0,0,40,1
48,0,3,0,3,0,0,40,1
28,0,3,1,4,0,0,40,1
37,6,3,3,3,0,0,50,1
77,0,3,2,3,0,0,35,1
33,3,0,3,1,10520,0,45,1
49,6,3,3,4,0,0,50,1
54,0,3,3,3,0,0,48,1
36,0,3,0,3,0,0,40,1
58,3,4,1,2,0,0,40,1
48,0,3,0,3,0,0,44,1
42,3,3,3,3,7688,0,50,1
43,3,3,3,3,0,0,50,1
42,2,3,0,3,0,0,45,1
52,0,3,0,3,0,0,40,1
49,1,3,1,4,0,0,40,1
35,2,3,1,3,0,0,40,1
38,1,3,1,3,0,0,40,1
49,1,3,0,3,7298,0,40,1
49,1,1,3,2,0,0,48,1
30,1,0,1,1,0,0,45,1
32,6,3,3,4,15024,0,50,1
40,1,3,0,3,0,0,40,1
37,1,0,1,1,0,0,40,1
62,3,1,3,1,14084,0,40,1
64,6,3,2,3,0,0,45,1
64,0,3,0,3,0,0,40,1
58,0,3,1,3,0,0,40,1
57,6,3,3,3,0,0,50,1
55,6,3,3,3,0,0,40,1
42,6,3,3,3,15024,0,40,1
23,1,0,2,0,0,0,40,1
41,3,3,1,3,0,0,50,1
29,3,3,2,3,7298,0,42,1
61,6,3,3,3,0,2246,50,1
41,1,3,1,3,0,0,50,1
57,0,3,0,3,0,0,40,1
43,3,3,3,3,0,0,50,1
32,3,3,1,3,0,1902,40,1
35,3,1,3,1,0,0,40,1
36,1,3,3,3,0,0,50,1
51,6,0,3,1,0,0,40,1
38,0,3,2,3,0,0,40,1
58,6,3,3,3,7688,0,50,1
43,1,3,3,4,0,0,40,1
48,1,3,0,3,0,0,50,1
41,6,3,1,4,0,0,50,1
51,6,3,3,3,0,1977,35,1
34,0,3,0,3,0,0,40,1
36,1,3,0,3,0,0,40,1
29,3,3,1,3,0,0,40,1
42,1,3,0,3,5178,0,40,1
44,3,3,0,3,0,0,50,1
41,0,3,0,3,0,0,40,1
61,0,3,3,4,15024,0,38,1
37,1,3,1,3,0,0,40,1
49,3,3,1,3,0,1977,50,1
40,1,3,1,0,0,1902,40,1
24,1,3,4,3,0,0,50,1
43,3,3,3,3,7298,0,50,1
47,2,3,3,3,15024,0,50,1
54,1,3,1,3,0,0,40,1
57,6,1,3,1,0,0,50,1
43,2,3,3,5,0,0,50,1
56,0,3,3,3,0,0,40,1
28,6,0,3,1,0,0,40,1
46,4,3,0,3,0,0,40,1
32,3,0,3,5,0,2444,50,1
45,0,3,3,3,0,0,40,1
41,3,3,0,3,0,0,48,1
39,3,3,3,3,0,0,40,1
53,3,3,3,3,0,0,40,1
32,3,3,3,3,15024,0,45,1
35,6,3,3,3,7298,0,40,1
38,2,3,0,3,0,0,50,1
41,6,3,3,3,7688,0,50,1
57,3,3,0,3,0,0,40,1
41,3,3,1,3,0,0,40,1
47,6,3,3,4,0,0,40,1
37,4,3,0,3,0,0,40,1
55,3,3,1,3,7688,0,38,1
61,0,3,3,3,0,0,50,1
63,0,0,3,1,8614,0,38,1
43,3,0,3,1,0,0,40,1
53,0,3,0,3,0,0,45,1
43,1,3,3,3,0,0,40,1
39,1,3,0,3,5178,0,40,1
29,3,0,1,1,0,0,50,1
31,6,3,3,3,0,0,40,1
33,3,3,3,3,0,0,40,1
45,3,3,0,3,0,0,40,1
43,3,3,3,3,0,0,40,1
40,3,3,3,3,7298,0,40,1
57,0,1,0,1,0,0,40,1
35,0,3,0,3,3103,0,40,1
59,3,4,3,2,0,3004,40,1
71,5,3,0,3,0,0,40,1
33,3,3,3,3,7298,0,40,1
52,2,3,0,3,0,0,48,1
50,2,3,3,4,0,1887,36,1
29,3,3,3,4,0,1902,50,1
34,6,3,3,4,7688,0,35,1
32,3,3,3,3,0,0,45,1
48,3,3,1,4,0,0,50,1
36,1,3,0,3,0,0,40,1
27,4,3,0,3,0,1902,40,1
56,6,3,3,3,0,1977,50,1
54,0,3,0,3,7688,0,40,1
55,1,3,3,4,0,0,40,1
71,0,3,1,3,0,2392,52,1
63,2,3,3,3,0,0,40,1
37,1,3,1,3,0,0,40,1
46,1,3,0,3,0,1887,40,1
58,3,3,1,3,15024,0,50,1
46,4,3,2,3,7688,0,40,1
45,1,4,1,1,0,0,45,1
32,0,3,0,3,0,0,40,1
51,3,3,3,3,7688,0,40,1
47,2,3,0,3,0,0,40,1
49,0,3,1,3,0,0,40,1
24,0,1,2,2,0,0,50,1
31,3,3,3,4,0,0,40,1
62,3,3,3,3,0,0,50,1
29,6,3,3,3,0,0,40,1
47,3,3,3,3,0,0,40,1
37,1,3,0,3,0,0,45,1
32,6,3,3,3,0,0,40,1
54,1,3,3,3,0,1902,40,1
50,0,3,2,3,0,0,40,1
48,1,3,3,3,0,0,40,1
45,2,3,3,3,0,1902,40,1
38,3,3,3,3,0,0,40,1
38,1,3,0,3,0,0,48,1
63,6,3,3,3,0,0,50,1
36,6,3,3,3,0,1977,50,1
38,4,3,0,3,5178,0,40,1
42,1,3,3,4,0,0,50,1
36,1,3,0,3,0,0,50,1
50,0,3,0,3,0,0,40,1
47,6,3,3,4,4386,0,35,1
41,3,3,1,3,0,0,40,1
28,1,3,0,3,0,0,50,1
57,6,3,0,3,15024,0,50,1
28,6,3,1,3,0,0,45,1
46,2,3,3,3,0,0,40,1
46,1,3,3,3,7688,0,38,1
38,2,3,0,3,4386,0,40,1
55,0,3,0,3,7688,0,40,1
56,0,3,0,3,0,0,35,1
36,3,3,1,3,0,1902,40,1
79,4,4,1,1,18481,0,45,1
40,6,3,3,3,0,0,40,1
30,0,3,2,3,0,0,40,1
39,0,3,1,4,0,0,40,1
61,6,3,3,3,0,0,40,1
56,0,3,0,3,0,0,40,1
40,3,3,3,3,0,1887,40,1
54,6,3,3,3,0,0,40,1
43,3,0,3,1,0,0,45,1
35,1,3,1,4,0,0,40,1
49,1,3,1,3,0,1902,50,1
36,1,3,1,3,0,0,40,1
61,1,1,3,1,0,0,50,1
48,1,3,0,3,7298,0,40,1
46,1,3,1,4,0,0,40,1
53,1,1,0,1,0,2444,45,1
41,0,3,0,3,0,0,40,1
34,2,3,3,3,0,0,50,1
56,3,3,3,3,0,0,50,1
45,1,3,3,3,0,0,40,1
48,5,3,0,3,0,0,40,1
40,2,3,1,3,7688,0,50,1
51,6,3,3,3,7298,0,50,1
49,6,3,3,3,0,0,45,1
45,2,1,3,1,0,0,40,1
30,6,3,3,3,0,0,50,1
35,2,3,3,4,0,0,42,1
40,6,3,3,3,0,0,50,1
54,3,1,3,1,0,0,45,1
47,3,0,3,1,0,0,50,1
28,0,3,3,4,0,0,45,1
40,0,3,1,3,7298,0,50,1
35,3,3,3,4,0,0,40,1
28,2,1,3,1,10520,0,50,1
68,6,4,3,2,0,0,40,1
29,6,3,3,3,0,0,50,1
35,3,0,1,1,8614,0,45,1
42,1,3,1,3,0,1887,50,1
67,1,3,1,3,20051,0,40,1
39,1,3,1,3,0,0,40,1
28,0,3,3,3,0,0,45,1
35,0,3,3,3,0,0,50,1
40,1,3,0,3,0,0,44,1
54,6,0,3,1,0,0,50,1
36,3,3,3,3,0,0,40,1
60,0,3,0,3,0,0,45,1
24,0,3,0,3,0,0,49,1
52,1,3,0,3,0,0,40,1
43,1,3,0,3,0,0,40,1
42,1,3,0,3,0,0,40,1
61,0,3,0,3,0,0,40,1
59,1,1,2,1,0,0,40,1
31,1,3,1,4,0,0,40,1
53,3,3,3,3,0,0,40,1
54,3,3,3,4,0,1977,35,1
37,3,3,1,3,7298,0,40,1
36,1,3,3,3,0,0,50,1
28,3,0,3,1,0,1564,50,1
59,0,3,1,4,0,0,40,1
23,1,3,0,3,0,0,40,1
29,3,3,3,4,0,0,40,1
38,0,3,1,3,0,0,40,1
46,1,3,1,3,0,0,50,1
52,1,3,1,3,0,0,48,1
42,3,3,1,3,0,0,45,1
31,0,3,0,3,0,0,50,1
44,0,3,2,3,0,0,52,1
36,3,3,1,3,0,0,50,1
50,6,3,3,3,15024,0,45,1
39,6,3,3,3,15024,0,50,1
30,3,3,1,3,0,0,40,1
37,0,0,1,1,0,0,40,1
32,3,3,3,4,0,0,40,1
32,0,3,0,3,7688,0,40,1
34,3,3,3,3,0,0,40,1
43,0,3,0,3,0,0,50,1
41,3,3,1,4,0,0,40,1
49,0,3,1,4,0,2377,40,1
30,3,3,3,3,0,0,50,1
44,0,3,0,3,0,0,40,1
43,0,3,0,3,0,0,40,1
27,1,3,0,3,0,0,40,1
64,1,3,1,3,0,1977,50,1
42,0,3,1,3,0,0,40,1
27,3,3,3,4,0,0,40,1
48,1,1,3,1,0,0,50,1
36,3,3,3,3,0,1887,40,1
55,2,3,0,3,0,0,50,1
48,3,0,3,1,0,0,35,1
26,0,3,0,3,0,0,50,1
36,3,3,1,3,15024,0,50,1
51,0,3,0,3,0,0,40,1
44,4,3,1,3,0,0,40,1
70,1,3,3,3,0,2246,40,1
37,3,3,3,3,0,0,45,1
46,3,3,2,3,0,0,40,1
50,0,3,3,3,0,0,40,1
64,6,3,3,3,0,0,50,1
45,6,3,3,3,0,0,50,1
41,1,3,3,0,0,0,40,1
32,1,3,0,3,0,0,40,1
37,3,0,1,1,8614,0,40,1
47,1,3,0,3,0,0,40,1
34,0,1,1,2,0,0,50,1
30,3,3,1,3,0,0,40,1
38,2,3,3,4,0,1902,40,1
31,1,3,0,3,0,0,40,1
71,1,3,3,3,20051,0,40,1
42,1,3,0,3,7298,0,45,1
45,3,3,3,3,0,0,38,1
37,3,3,1,3,0,0,50,1
41,3,3,1,3,0,0,40,1
48,3,3,3,3,15024,0,45,1
42,3,3,3,3,5178,0,40,1
54,0,3,3,3,5178,0,40,1
43,3,3,3,3,0,1977,50,1
44,6,3,3,3,0,0,40,1
36,3,3,2,3,0,1977,40,1
50,3,3,0,3,0,0,40,1
44,6,3,3,3,0,0,45,1
35,3,3,3,3,0,0,50,1
51,4,3,0,3,0,0,48,1
35,1,3,3,3,0,0,40,1
47,1,3,2,3,0,0,40,1
51,4,3,0,3,0,0,40,1
57,1,3,3,3,0,0,40,1
46,1,3,1,4,0,0,40,1
56,0,3,1,3,0,1902,40,1
38,6,3,3,3,0,0,50,1
46,0,3,1,3,0,0,40,1
47,6,3,3,3,0,0,50,1
40,6,3,3,3,5178,0,40,1
46,1,3,1,3,0,1887,45,1
41,0,3,1,3,0,0,40,1
50,1,3,1,3,0,0,50,1
53,3,3,3,3,0,1902,48,1
32,1,1,3,1,0,0,50,1
45,4,3,1,3,5178,0,40,1
56,1,3,0,3,0,0,50,1
41,1,3,1,3,0,0,50,1
36,3,3,3,3,7298,0,40,1
53,0,3,0,3,0,0,40,1
37,3,3,3,3,0,0,40,1
36,3,3,0,3,0,0,50,1
41,0,3,1,3,5178,0,40,1
52,0,3,0,3,15024,0,40,1
27,3,1,3,1,0,0,40,1
33,6,3,3,4,0,0,50,1
32,3,3,2,3,0,0,50,1
35,3,3,3,3,0,0,40,1
38,6,3,3,3,0,0,40,1
42,1,3,0,3,0,0,40,1
55,0,1,1,1,0,0,40,1
41,0,2,3,1,0,0,40,1
46,6,3,3,3,0,0,45,1
24,3,0,3,2,0,0,40,1
28,2,1,3,1,10520,0,50,1
38,3,3,3,3,0,0,50,1
43,6,3,3,3,0,1887,45,1
54,6,0,3,1,0,0,40,1
53,4,3,0,3,0,0,40,1
52,3,3,2,3,0,0,40,1
48,6,3,3,3,0,1977,45,1
44,3,3,3,3,0,0,50,1
48,4,3,4,3,0,0,50,1
45,1,3,1,4,0,0,40,1
61,6,3,3,3,0,0,50,1
46,1,3,1,3,0,0,40,1
58,6,3,3,3,0,0,40,1
54,0,3,0,3,0,0,40,1
30,3,3,3,3,0,0,40,1
47,0,3,0,4,15024,0,40,1
32,3,3,3,3,0,0,40,1
50,1,3,0,3,0,0,48,1
53,4,3,0,3,0,0,41,1
37,2,3,1,4,0,0,48,1
49,3,3,2,3,0,0,42,1
56,6,3,3,3,0,0,50,1
58,0,1,1,1,4787,0,39,1
50,0,3,0,3,0,0,40,1
41,6,3,3,3,0,0,45,1
42,3,0,1,1,10520,0,50,1
46,3,1,3,2,0,0,50,1
48,0,3,0,3,0,0,42,1
47,6,3,3,3,0,0,50,1
31,0,3,0,3,0,0,40,1
53,3,3,3,3,0,0,48,1
35,3,3,3,3,0,0,37,1
46,0,1,0,5,0,0,48,1
37,2,3,1,4,0,0,48,1
33,3,3,3,3,3103,0,47,1
53,4,3,1,3,0,0,45,1
37,3,3,3,3,0,0,50,1
61,2,3,1,3,0,0,40,1
50,3,3,3,3,0,0,40,1
56,6,3,3,3,0,0,45,1
29,6,3,3,3,0,0,50,1
29,0,3,0,3,0,0,40,1
44,3,3,0,3,0,0,40,1
30,3,0,1,1,0,0,35,1
39,3,3,1,3,0,0,50,1
35,2,3,3,3,3103,0,50,1
44,0,1,0,1,14344,0,40,1
39,0,3,0,3,0,0,40,1
48,0,3,4,3,0,0,40,1
42,2,1,1,2,0,0,40,1
44,3,3,0,3,0,0,50,1
47,2,3,1,3,5178,0,50,1
31,6,3,1,3,0,0,40,1
58,6,3,3,3,0,0,50,1
59,1,3,3,3,0,1848,45,1
52,0,3,0,3,0,0,40,1
45,6,3,3,3,0,0,50,1
33,1,3,0,3,0,0,40,1
38,6,3,3,3,0,0,40,1
59,0,3,0,3,0,0,40,1
47,3,3,1,3,0,0,40,1
36,3,3,3,3,0,0,50,1
36,1,3,1,3,15024,0,40,1
30,6,3,3,4,0,0,35,1
40,3,0,3,1,0,0,50,1
35,3,3,1,3,15024,0,50,1
61,6,3,3,3,0,0,40,1
53,6,1,3,1,14084,0,50,1
42,6,3,3,4,0,0,38,1
48,0,3,1,4,0,0,40,1
56,1,3,3,4,7688,0,50,1
24,1,3,3,4,0,0,40,1
27,3,3,1,3,0,0,50,1
52,1,3,1,4,0,0,40,1
54,1,3,0,3,0,0,45,1
50,6,3,1,3,0,0,45,1
64,5,3,0,3,0,0,48,1
40,6,3,3,3,0,0,40,1
70,6,3,3,3,0,0,40,1
51,0,1,3,2,0,0,40,1
52,3,3,1,3,7688,0,38,1
43,3,0,3,1,0,0,45,1
40,3,1,1,1,8614,0,40,1
28,1,3,1,3,0,0,50,1
39,6,3,3,3,0,1887,50,1
54,1,3,0,3,3103,0,40,1
57,3,3,2,4,0,0,45,1
78,3,3,3,3,9386,0,45,1
53,6,0,3,1,14344,0,50,1
25,2,3,3,4,7688,0,40,1
63,6,1,3,1,0,0,40,1
38,3,3,3,3,0,0,40,1
39,3,0,3,1,0,0,44,1
64,0,4,1,1,8614,0,50,1
36,3,3,1,3,3103,0,42,1
60,1,3,1,3,0,0,40,1
36,6,1,3,1,0,0,50,1
52,0,1,1,2,4934,0,36,1
39,6,3,0,3,7688,0,40,1
44,6,3,3,3,0,0,40,1
48,2,3,1,3,0,0,40,1
50,6,3,3,3,0,0,40,1
49,1,3,3,3,7298,0,40,1
40,1,3,3,3,0,0,45,1
38,0,3,0,3,0,0,40,1
45,3,1,3,2,0,0,48,1
41,6,3,3,3,0,0,45,1
46,3,1,3,1,0,0,45,1
59,0,3,0,3,0,0,40,1
56,2,3,1,3,0,0,40,1
45,2,3,1,3,5178,0,40,1
51,0,3,0,3,0,0,40,1
38,3,3,1,3,0,0,40,1
35,2,3,0,3,3103,0,40,1
56,3,3,3,3,0,0,42,1
45,0,3,0,3,0,0,40,1
55,6,3,3,3,0,1977,50,1
45,6,3,3,3,0,1977,52,1
51,2,3,1,3,0,0,40,1
48,1,0,0,2,0,0,38,1
33,2,3,3,3,0,0,40,1
53,6,3,3,3,0,0,50,1
41,3,3,2,3,0,0,40,1
41,6,3,3,3,0,0,50,1
31,3,3,0,3,0,0,40,1
42,3,3,3,3,0,0,40,1
46,1,3,0,3,0,0,40,1
51,3,3,3,3,0,1902,40,1
45,3,3,1,3,0,1902,40,1
41,0,3,0,3,0,0,40,1
53,0,3,1,3,0,0,40,1
50,3,3,0,3,0,1887,40,1
63,0,3,0,3,0,0,40,1
45,3,0,1,1,0,0,40,1
34,3,3,1,3,0,0,40,1
58,6,3,1,3,7688,0,40,1
56,3,3,3,3,15024,0,40,1
62,1,3,1,3,0,0,40,1
49,6,3,3,3,0,0,45,1
45,6,3,3,3,0,0,50,1
45,6,3,3,3,0,0,50,1
52,0,3,1,3,0,0,40,1
66,0,3,1,4,0,0,40,1
48,2,3,1,3,0,0,40,1
45,2,0,1,1,14344,0,48,1
42,2,1,1,2,0,0,40,1
62,3,3,3,3,0,0,50,1
31,3,3,0,3,0,0,40,1
37,0,3,0,3,0,0,40,1
37,1,3,1,3,0,0,40,1
39,0,3,0,3,0,0,50,1
54,1,3,3,3,0,0,40,1
26,6,0,3,1,8614,0,40,1
41,1,3,1,3,0,0,40,1
45,6,1,0,1,14344,0,48,1
35,3,3,3,3,0,0,50,1
46,1,3,0,3,4386,0,38,1
35,6,3,3,3,0,0,45,1
47,0,3,1,4,0,0,40,1
56,3,3,1,3,0,0,40,1
38,1,3,0,3,3103,0,40,1
47,0,3,0,3,3103,0,50,1
46,1,0,3,1,8614,0,50,1
36,1,3,0,3,7298,0,44,1
27,3,3,3,4,0,0,45,1
38,3,3,3,4,15024,0,40,1
47,6,3,3,3,15024,0,50,1
48,1,3,3,3,0,0,40,1
48,2,3,3,3,0,0,50,1
52,0,3,3,3,0,0,40,1
51,2,3,0,3,0,0,40,1
47,2,3,0,3,0,0,48,1
36,3,3,1,3,3103,0,42,1
33,3,3,1,3,0,0,42,1
54,3,3,1,3,0,0,50,1
44,1,3,1,3,0,0,40,1
31,2,3,0,3,0,0,40,1
47,0,3,1,3,7298,0,45,1
33,3,3,3,3,0,0,40,1
43,0,3,0,3,0,0,40,1
60,3,1,3,1,8614,0,48,1
46,6,3,3,3,0,0,40,1
54,0,3,3,3,7688,0,40,1
35,2,3,3,3,0,0,50,1
63,3,3,1,3,10605,0,40,1
37,0,3,3,3,0,0,46,1
41,1,3,3,3,0,0,40,1
51,6,3,1,3,0,0,40,1
28,2,3,2,3,0,0,40,1
36,0,3,0,3,7298,0,40,1
52,0,3,1,3,7298,0,50,1
64,6,3,3,3,0,0,40,1
44,0,3,0,3,0,0,40,1
40,3,3,3,3,0,0,50,1
45,3,3,3,3,15024,0,40,1
34,1,3,0,3,0,1887,40,1
61,6,3,3,3,0,0,40,1
44,3,3,0,3,0,0,50,1
37,2,3,1,5,5178,0,38,1
41,3,3,1,3,0,1902,42,1
34,0,0,0,1,0,0,45,1
41,1,3,1,3,0,0,40,1
36,3,3,1,3,0,1977,35,1
31,3,3,3,3,0,0,40,1
50,6,3,1,3,15024,0,40,1
25,3,3,1,3,0,0,50,1
30,0,3,0,3,0,0,40,1
35,3,3,0,3,0,0,40,1
57,5,3,0,3,3103,0,40,1
54,3,3,1,3,7688,0,50,1
75,0,4,1,5,0,0,35,1
31,1,3,3,3,0,0,40,1
41,3,3,3,4,0,0,40,1
49,3,3,1,3,0,0,50,1
47,6,1,3,2,0,0,50,1
43,1,3,1,3,0,0,40,1
41,0,3,0,3,0,0,45,1
37,1,3,0,3,0,0,40,1
46,0,3,0,3,0,0,40,1
42,6,3,3,3,0,0,45,1
41,3,3,3,3,7688,0,50,1
43,0,3,4,3,7298,0,40,1
41,6,4,3,1,10520,0,38,1
33,6,3,3,3,7298,0,45,1
36,3,3,1,3,0,1902,40,1
40,0,3,0,3,0,0,40,1
54,6,3,3,3,7298,0,40,1
32,0,3,0,3,0,0,40,1
49,6,0,3,1,0,2258,50,1
54,0,3,1,3,0,1848,40,1
44,0,0,1,1,10520,0,50,1
46,1,3,1,3,0,1887,40,1
31,6,3,3,4,0,1902,45,1
47,1,3,0,3,0,0,40,1
54,6,4,1,2,0,2472,40,1
39,3,3,3,3,15024,0,50,1
31,3,3,3,4,7688,0,43,1
32,3,0,3,0,10520,0,40,1
30,0,3,0,3,0,0,40,1
56,0,1,0,1,0,0,50,1
43,0,3,1,4,0,0,40,1
32,3,3,1,4,0,0,40,1
42,1,3,0,3,0,0,40,1
52,6,3,0,3,0,0,45,1
44,3,3,3,3,0,1977,50,1
51,0,3,0,3,0,0,50,1
38,1,3,0,3,5178,0,40,1
36,0,3,0,3,0,0,45,1
41,1,3,1,3,0,0,50,1
29,3,3,2,3,0,0,40,1
38,1,3,3,3,0,0,40,1
66,4,3,2,3,10605,0,40,1
46,3,3,3,3,3103,0,37,1
44,3,3,3,3,0,0,40,1
44,6,3,3,3,0,0,44,1
38,0,3,3,3,0,0,40,1
45,1,3,0,3,0,0,40,1
48,6,3,3,3,0,0,40,1
47,0,4,3,1,0,2444,50,1
51,0,3,0,3,0,0,40,1
38,3,3,3,3,0,0,50,1
45,6,3,3,3,0,0,40,1
59,1,3,1,3,0,0,40,1
40,2,3,0,3,0,0,40,1
42,1,3,0,3,3103,0,45,1
35,1,3,1,4,0,0,40,1
29,1,3,2,3,0,1485,40,1
37,2,3,0,3,0,0,40,1
37,2,3,4,3,0,0,50,1
36,6,3,3,4,15024,0,50,1
51,3,3,3,3,0,0,40,1
39,1,3,1,3,7688,0,50,1
44,0,3,3,4,3103,0,40,1
41,1,3,1,3,0,0,35,1
53,0,3,0,3,0,0,40,1
60,3,3,3,3,0,1977,45,1
55,6,3,3,3,0,0,40,1
48,3,3,3,3,0,0,45,1
38,1,3,1,3,0,0,50,1
43,0,1,3,2,0,0,40,1
41,2,3,1,4,7688,0,44,1
43,2,3,3,4,0,0,36,1
47,1,3,3,3,0,0,40,1
36,0,3,0,3,0,0,52,1
47,3,0,3,1,0,0,50,1
58,6,3,3,3,0,1977,50,1
36,0,3,0,3,0,0,45,1
42,3,3,3,3,0,0,50,1
35,3,3,0,3,0,0,50,1
39,3,3,3,3,0,1887,40,1
33,0,3,0,3,0,0,50,1
36,6,0,1,1,13550,0,50,1
35,0,3,0,3,7298,0,40,1
47,6,3,3,3,0,0,45,1
43,1,3,3,3,0,0,50,1
52,6,0,3,1,0,1564,40,1
53,4,3,0,3,0,0,40,1
34,6,3,3,3,0,0,41,1
45,1,3,3,3,0,0,40,1
56,1,3,3,4,7688,0,50,1
53,5,3,3,3,4386,0,50,1
46,2,3,0,3,0,0,44,1
32,6,1,3,1,0,0,40,1
40,6,3,3,3,0,0,40,1
47,0,3,0,3,0,0,40,1
33,1,3,0,3,0,0,41,1
33,6,0,3,1,0,0,50,1
53,0,3,3,3,0,0,50,1
53,0,3,0,3,5178,0,45,1
49,0,3,0,3,0,0,40,1
35,3,3,1,3,0,0,45,1
50,6,3,3,3,7298,0,40,1
44,1,3,3,3,0,0,40,1
42,6,0,3,1,0,0,36,1
39,3,3,3,3,0,0,45,1
50,6,1,3,1,0,0,50,1
52,2,3,4,3,0,0,48,1
44,0,3,0,3,0,0,40,1
47,1,3,0,3,0,0,50,1
42,1,3,3,3,7298,0,52,1
55,1,3,2,3,0,1977,35,1
29,3,3,3,3,0,0,52,1
49,1,3,1,3,0,1902,50,1
29,0,3,3,3,0,0,40,1
35,0,3,0,3,3103,0,40,1
63,1,3,1,3,0,0,50,1
48,3,3,3,3,0,0,45,1
63,0,3,0,3,0,0,40,1
29,6,3,3,3,0,0,50,1
44,0,3,0,3,7298,0,50,1
35,2,3,1,3,0,0,40,1
65,1,3,1,3,0,0,48,1
34,3,3,3,3,0,0,40,1
35,3,0,3,1,0,0,50,1
41,0,3,1,4,15024,0,50,1
32,3,3,2,3,0,0,50,1
68,0,3,4,3,0,0,50,1
54,0,3,0,3,5178,0,40,1
28,0,1,1,1,14084,0,40,1
46,3,1,3,1,0,0,40,1
44,1,3,3,3,0,1485,40,1
50,2,1,3,1,0,0,38,1
30,3,0,3,2,0,0,45,1
60,0,3,0,3,0,1485,50,1
43,2,3,3,3,0,0,45,1
38,3,3,3,3,0,0,40,1
51,3,3,3,3,15024,0,40,1
47,1,3,2,3,0,0,48,1
38,1,3,1,3,0,0,50,1
50,6,3,3,3,0,0,40,1
47,0,3,1,3,0,0,40,1
35,1,3,0,3,0,0,50,1
61,5,3,0,3,7298,0,40,1
31,3,3,3,3,0,0,40,1
47,0,3,2,3,0,0,40,1
32,3,1,3,1,0,0,48,1
25,3,3,3,3,0,0,40,1
45,0,3,2,3,0,0,40,1
41,2,3,3,3,7688,0,50,1
38,1,3,3,3,0,0,40,1
44,1,0,1,1,13550,0,50,1
45,1,3,0,3,0,1485,40,1
43,1,3,3,3,15024,0,45,1
84,1,3,1,3,0,0,35,1
44,6,1,3,1,0,2559,40,1
41,0,3,1,4,0,0,40,1
33,6,3,3,3,0,0,50,1
31,3,3,3,4,0,0,40,1
29,3,3,3,4,0,0,42,1
63,1,3,1,3,0,0,40,1
35,0,3,0,3,0,0,40,1
29,0,0,0,1,0,0,50,1
78,0,4,1,1,0,0,45,1
49,0,3,0,3,7298,0,43,1
42,3,3,3,3,0,0,45,1
35,1,3,3,3,0,0,50,1
42,1,2,3,1,0,0,40,1
43,0,3,0,3,0,0,40,1
55,1,3,1,4,5178,0,40,1
51,6,1,3,1,0,0,45,1
31,1,3,0,3,0,0,40,1
28,3,3,3,4,0,0,40,1
31,6,3,3,3,0,0,50,1
61,1,3,1,3,0,0,50,1
74,0,3,1,3,0,0,40,1
40,6,3,0,3,5178,0,40,1
41,0,3,0,3,0,0,50,1
39,0,3,3,3,0,0,40,1
25,3,3,3,4,0,0,38,1
36,3,3,1,3,0,0,50,1
27,0,3,1,3,4386,0,40,1
33,1,3,0,3,0,0,50,1
50,6,3,3,3,0,0,40,1
40,6,3,3,3,0,0,40,1
50,3,1,2,1,0,0,40,1
61,5,3,1,3,0,0,50,1
38,1,1,2,2,0,0,40,1
37,1,3,1,3,0,0,48,1
56,4,3,3,3,0,0,40,1
34,1,3,3,4,7298,0,40,1
90,2,3,1,3,0,1825,50,1
43,1,3,3,3,0,0,40,1
64,6,3,2,3,0,0,45,1
43,3,1,3,1,14344,0,40,1
38,6,3,3,3,7688,0,40,1
30,1,3,3,3,0,0,50,1
33,3,3,3,3,0,0,50,1
58,1,3,3,3,7688,0,45,1
47,3,3,1,3,0,0,45,1
48,6,3,1,3,0,0,40,1
46,3,3,1,3,0,0,40,1
25,1,0,0,1,10520,0,50,1
57,0,3,0,3,0,1887,40,1
42,3,3,1,3,5178,0,45,1
38,1,3,1,3,0,0,40,1
53,0,3,0,4,0,0,45,1
63,4,3,0,3,0,1902,40,1
49,3,3,1,3,0,0,40,1
54,0,3,1,3,0,0,50,1
29,1,3,2,3,0,0,46,1
48,1,3,2,3,0,0,40,1
54,1,3,3,3,0,1902,40,1
30,2,0,0,0,0,0,40,1
69,3,3,3,3,6418,0,45,1
42,3,3,3,3,0,0,45,1
40,3,3,0,3,0,0,50,1
41,1,3,0,3,0,0,40,1
52,3,3,3,3,7688,0,40,1
47,1,3,2,3,0,0,40,1
47,3,3,1,3,0,0,40,1
25,3,3,3,4,0,0,40,1
45,2,3,0,3,0,0,40,1
30,3,3,3,4,0,0,40,1
40,1,1,0,2,4934,0,47,1
43,0,3,0,3,0,1902,40,1
49,3,3,1,3,0,0,50,1
51,0,3,0,3,0,1902,42,1
30,1,0,3,1,0,0,40,1
64,0,3,3,3,0,0,45,1
57,4,3,0,3,7688,0,40,1
52,0,3,0,3,0,1977,40,1
47,3,3,3,3,0,0,40,1
28,1,3,0,3,0,0,45,1
50,0,3,1,4,0,0,40,1
51,6,4,3,1,0,0,40,1
42,3,3,3,3,0,0,40,1
36,0,3,1,3,0,0,40,1
45,0,3,0,3,0,0,45,1
41,3,3,1,3,0,0,50,1
33,0,3,1,3,0,0,50,1
30,3,3,3,3,0,0,45,1
39,6,3,1,3,0,0,50,1
29,3,3,1,3,0,0,40,1
38,3,3,1,4,0,0,50,1
56,0,3,3,3,0,0,40,1
34,0,3,3,3,0,1887,45,1
40,1,3,1,3,0,0,50,1
55,6,3,3,3,0,0,52,1
43,1,3,0,3,0,0,40,1
47,3,3,3,3,0,0,40,1
48,1,1,0,2,15020,0,48,1
52,0,3,1,4,7688,0,40,1
31,0,3,3,4,0,0,40,1
41,1,3,3,0,0,0,40,1
35,2,3,1,3,0,0,44,1
42,4,1,1,2,7430,0,50,1
37,2,3,2,3,0,0,40,1
38,6,3,3,3,7298,0,50,1
54,6,3,3,3,0,1977,50,1
42,0,3,0,3,4386,0,48,1
38,6,3,3,3,0,0,40,1
43,3,3,3,3,0,1902,40,1
48,6,1,3,2,0,0,40,1
51,0,3,0,3,0,0,40,1
37,3,3,3,3,7298,0,50,1
34,2,3,2,3,0,0,40,1
31,2,3,0,1,0,0,50,1
30,2,0,0,1,4787,0,50,1
65,1,1,3,1,11678,0,50,1
54,6,3,3,3,0,0,45,1
33,6,3,3,3,0,0,40,1
47,6,0,3,1,0,0,35,1
29,3,3,3,3,0,0,40,1
48,6,3,3,3,7688,0,50,1
43,3,3,3,3,0,0,42,1
42,2,3,1,3,0,0,45,1
61,0,3,0,3,0,0,40,1
35,2,3,1,3,0,0,52,1
43,3,3,3,3,0,1902,40,1
32,1,3,3,3,0,0,40,1
51,3,3,3,3,0,0,40,1
41,6,3,3,3,0,0,40,1
27,0,3,2,4,0,0,40,1
52,3,3,3,3,0,0,40,1
46,3,3,1,3,0,0,40,1
44,0,3,3,3,0,1977,45,1
46,1,3,2,3,0,0,40,1
37,3,3,0,3,0,0,45,1
67,0,3,1,3,0,0,40,1
41,6,3,3,3,0,2415,50,1
42,3,3,3,3,0,0,40,1
41,1,3,0,4,7298,0,40,1
62,6,3,3,3,15024,0,50,1
36,3,3,1,3,0,1902,40,1
48,6,3,3,3,0,0,40,1
55,0,3,0,3,0,0,40,1
30,6,0,3,1,0,0,45,1
45,2,3,3,3,0,0,45,1
58,3,3,3,3,0,0,40,1
30,6,3,3,3,0,0,40,1
37,2,3,0,3,4386,0,44,1
54,0,3,3,3,0,0,40,1
37,3,3,1,3,0,1902,40,1
47,0,3,0,3,0,0,40,1
44,6,3,3,3,7298,0,40,1
28,3,3,1,3,0,1887,40,1
43,1,3,0,3,0,0,40,1
61,5,1,0,1,14344,0,40,1
52,6,0,3,1,0,0,40,1
60,1,3,1,3,0,0,40,1
45,3,3,1,3,0,0,40,1
34,3,3,3,3,0,0,45,1
59,3,4,3,2,0,3004,40,1
60,3,3,3,4,0,0,45,1
53,6,3,3,3,15024,0,45,1
52,3,3,3,3,0,0,50,1
43,2,3,0,3,0,0,40,1
42,1,3,0,3,7298,0,45,1
42,6,3,3,3,15024,0,40,1
41,0,3,1,3,0,1902,40,1
53,0,3,0,3,0,0,40,1
43,0,3,3,3,0,1887,40,1
45,1,3,1,3,0,0,40,1
38,4,3,0,3,3103,0,40,1
27,0,0,0,1,0,0,38,1
46,1,3,1,3,0,1887,45,1
29,3,3,3,3,0,0,52,1
42,6,3,3,3,4386,0,40,1
25,1,3,1,3,0,0,40,1
45,6,3,3,3,0,0,50,1
45,6,3,1,3,0,1902,40,1
41,1,3,3,3,0,1887,50,1
37,1,3,1,3,0,0,42,1
53,3,3,1,3,0,0,40,1
41,2,3,1,3,7298,0,40,1
50,1,3,0,3,0,0,40,1
53,0,3,0,3,0,1902,40,1
54,1,3,1,3,0,0,45,1
26,2,3,1,4,0,0,40,1
46,0,1,0,5,0,0,48,1
34,6,3,0,3,0,0,40,1
64,0,3,3,3,0,0,45,1
36,3,3,3,3,0,0,50,1
38,0,3,0,3,0,0,40,1
42,0,3,0,3,5178,0,40,1
50,0,3,0,3,3103,0,40,1
61,1,3,0,3,0,0,40,1
34,1,3,3,3,0,0,45,1
47,1,3,0,3,0,0,43,1
54,6,3,1,3,7298,0,40,1
41,4,3,0,3,0,1485,50,1
47,6,3,3,3,0,1887,50,1
38,2,3,1,3,0,0,40,1
43,3,3,1,3,0,0,40,1
40,3,3,1,3,0,0,50,1
36,3,3,1,3,0,0,50,1
38,3,3,1,3,15024,0,50,1
35,3,3,1,3,0,1887,52,1
57,6,3,3,3,0,0,40,1
42,3,1,3,1,0,0,50,1
45,3,3,3,3,0,0,45,1
27,3,0,1,1,10520,0,45,1
34,0,3,0,3,0,0,40,1
27,1,3,0,3,0,0,40,1
33,3,3,3,3,3103,0,43,1
42,3,3,3,3,0,0,40,1
60,3,3,1,3,0,0,40,1
29,5,3,0,3,0,0,40,1
50,0,3,1,4,0,0,40,1
35,0,3,3,3,0,0,45,1
52,1,3,3,3,0,0,40,1
37,6,3,1,3,0,0,50,1
46,6,3,3,3,15024,0,50,1
49,6,3,3,3,0,0,50,1
44,3,3,3,3,7688,0,50,1
50,0,3,0,3,0,0,40,1
41,6,3,3,3,0,0,50,1
48,6,1,3,0,0,0,50,1
32,1,3,3,4,0,1902,40,1
38,6,3,3,3,0,0,45,1
38,0,1,1,1,0,0,50,1
44,3,3,1,3,3103,0,40,1
27,0,0,2,1,0,0,50,1
28,3,0,1,0,0,0,40,1
26,2,3,0,3,5178,0,40,1
42,3,3,3,3,5178,0,40,1
47,0,3,0,3,0,0,48,1
50,0,3,3,3,5178,0,40,1
53,1,3,1,3,0,0,40,1
50,1,3,3,3,0,0,50,1
40,3,3,3,3,7688,0,40,1
41,2,3,1,3,0,0,40,1
45,1,3,1,4,0,0,40,1
55,3,3,3,3,0,0,40,1
50,2,3,0,3,0,0,40,1
40,3,3,1,3,0,0,40,1
65,0,3,0,3,0,2246,40,1
35,3,3,1,3,0,0,45,1
34,1,3,0,3,0,1887,40,1
54,1,3,0,3,0,0,40,1
33,3,3,3,3,0,0,40,1
47,6,1,3,1,0,0,50,1
52,6,3,5,3,7298,0,50,1
36,3,3,3,3,0,0,45,1
47,0,3,0,3,0,0,40,1
51,3,3,3,3,0,0,50,1
28,1,3,2,3,0,0,40,1
51,0,3,1,3,0,0,50,1
36,3,3,1,4,0,0,40,1
54,6,3,3,3,0,0,45,1
50,6,3,3,3,15024,0,40,1
47,1,0,1,1,13550,0,45,1
44,0,3,1,3,0,0,40,1
34,6,3,3,3,0,0,45,1
40,2,3,1,3,0,0,42,1
46,0,3,0,3,0,0,50,1
52,6,3,3,3,15024,0,40,1
47,1,3,0,3,0,1977,40,1
47,6,3,3,3,0,0,35,1
60,5,0,0,1,0,0,48,1
40,3,3,3,3,0,0,40,1
44,6,3,3,3,0,0,50,1
57,3,3,3,3,0,0,40,1
52,0,3,3,3,0,0,45,1
45,3,3,1,3,0,0,52,1
49,6,3,3,3,0,0,45,1
49,2,1,3,1,0,0,45,1
53,2,3,0,3,0,0,45,1
51,3,3,1,3,0,0,50,1
78,3,3,3,3,9386,0,45,1
28,2,1,3,1,10520,0,50,1
30,1,3,1,3,0,0,40,1
34,0,3,1,3,0,0,45,1
59,5,3,0,3,5178,0,50,1
51,6,3,3,3,0,0,38,1
61,1,3,1,3,0,0,50,1
56,3,3,1,3,0,0,40,1
55,6,3,3,3,0,0,40,1
39,3,3,3,3,15024,0,50,1
48,3,3,3,3,0,0,40,1
32,3,3,3,3,7298,0,45,1
29,1,3,0,3,0,0,45,1
43,0,3,0,3,0,0,42,1
36,2,3,1,4,0,0,40,1
70,3,3,0,3,6418,0,40,1
36,3,3,3,3,4386,0,50,1
54,1,3,3,3,0,0,40,1
28,0,3,1,3,0,0,40,1
35,1,1,0,1,0,0,40,1
41,6,3,3,4,15024,0,40,1
61,5,1,0,1,14344,0,40,1
25,2,3,0,3,0,0,40,1
34,3,3,3,3,0,0,40,1
33,1,3,1,3,0,0,45,1
56,3,3,3,4,7688,0,50,1
45,2,3,1,3,0,0,40,1
27,0,3,0,3,0,0,40,1
37,5,3,0,3,7298,0,35,1
43,3,3,1,3,0,0,40,1
48,1,3,1,3,0,0,40,1
64,4,3,0,3,0,0,40,1
31,2,1,0,1,0,0,50,1
66,0,3,3,3,10605,0,40,1
36,3,1,3,1,14084,0,40,1
48,6,3,3,3,0,0,45,1
45,3,3,3,3,0,0,40,1
53,6,3,3,3,0,0,40,1
28,3,3,3,3,3103,0,40,1
37,0,3,0,3,0,0,40,1
61,0,3,0,3,0,0,45,1
61,3,3,1,3,0,0,45,1
27,0,3,1,3,0,0,50,1
32,6,3,3,3,0,0,50,1
58,3,3,3,3,7688,0,40,1
31,6,0,3,1,0,1564,40,1
44,1,3,0,3,0,0,40,1
36,1,3,0,3,7298,0,45,1
45,3,3,3,3,0,0,45,1
41,3,3,1,3,0,0,45,1
35,1,3,1,3,0,0,50,1
50,6,3,1,3,0,0,40,1
63,6,3,3,3,0,0,35,1
40,6,2,3,1,0,0,35,1
39,3,3,3,3,0,0,50,1
39,2,3,0,3,7298,0,40,1
39,1,3,1,3,0,0,40,1
47,3,3,1,3,0,0,40,1
36,0,3,4,3,0,0,50,1
48,3,3,3,3,0,0,45,1
35,0,3,0,3,7298,0,40,1
50,0,3,0,3,0,1848,48,1
44,0,1,0,1,0,0,40,1
42,0,3,0,3,5178,0,40,1
42,0,3,1,3,0,0,43,1
34,3,3,3,3,0,1887,48,1
38,3,3,3,3,0,0,40,1
50,3,1,3,1,0,0,45,1
60,0,3,1,3,0,1977,40,1
31,3,3,0,3,0,0,40,1
23,6,3,3,3,0,1887,50,1
58,1,3,2,3,0,1902,40,1
52,3,3,1,3,0,0,40,1
42,0,3,1,3,0,0,40,1
37,0,3,1,3,0,0,40,1
47,0,3,0,3,0,0,45,1
37,0,3,2,3,7688,0,35,1
58,3,3,3,3,0,0,40,1
48,4,3,3,3,0,0,45,1
27,1,3,3,3,3103,0,50,1
55,6,3,3,4,3103,0,45,1
50,6,0,3,1,0,0,52,1
48,6,3,3,4,0,1902,46,1
34,1,3,3,3,5178,0,40,1
41,6,3,3,3,0,2415,50,1
38,1,3,0,3,0,0,48,1
39,6,3,0,3,7688,0,40,1
53,4,3,0,3,0,0,50,1
36,6,1,3,1,0,0,50,1
60,3,3,3,3,0,0,50,1
38,3,3,3,3,0,0,50,1
60,2,3,1,3,7298,0,40,1
35,3,3,1,3,0,1887,52,1
47,0,3,0,3,0,0,40,1
54,3,3,3,3,7688,0,40,1
51,6,1,3,1,0,0,39,1
47,2,3,3,4,15024,0,40,1
36,0,3,0,3,0,0,50,1
62,0,3,0,3,0,0,40,1
24,2,3,3,4,3103,0,40,1
50,2,3,0,3,0,0,50,1
60,3,3,3,4,0,0,45,1
30,3,3,3,3,0,0,40,1
43,1,3,3,3,0,0,48,1
43,3,3,1,3,0,0,40,1
40,1,3,0,3,0,0,40,1
43,0,3,0,3,0,0,40,1
46,1,3,0,3,15024,0,45,1
37,3,3,3,3,0,0,50,1
40,6,3,3,3,0,0,40,1
45,0,3,3,3,0,0,40,1
33,1,3,0,3,0,0,40,1
30,6,3,3,3,0,1977,40,1
41,0,3,0,3,0,0,40,1
45,3,3,0,3,15024,0,40,1
42,1,3,0,3,7688,0,40,1
38,1,3,1,4,0,0,35,1
59,0,1,0,1,0,0,38,1
45,0,3,3,3,0,0,45,1
39,3,3,0,3,0,0,40,1
49,1,3,0,3,0,0,50,1
36,6,3,3,3,0,0,50,1
60,5,3,0,3,0,0,40,1
49,0,3,1,3,0,0,50,1
65,3,3,0,3,0,0,40,1
55,1,3,3,4,0,0,40,1
59,0,3,0,3,0,1887,40,1
63,6,3,3,3,15024,0,50,1
47,6,1,3,2,0,0,50,1
55,3,3,3,3,0,0,50,1
30,0,3,0,3,0,0,35,1
57,6,3,3,3,0,0,36,1
46,0,3,0,4,0,0,40,1
37,1,3,1,4,0,0,40,1
57,3,3,3,3,0,1902,40,1
34,6,3,1,3,7688,0,40,1
44,0,3,0,3,7298,0,40,1
35,2,3,1,3,0,0,44,1
41,2,3,1,3,0,0,45,1
43,0,3,2,3,0,0,40,1
38,6,3,3,3,0,0,40,1
31,2,3,0,3,0,0,40,1
37,1,3,3,3,0,0,42,1
31,1,3,3,3,0,0,50,1
38,6,3,3,3,0,0,37,1
53,4,3,0,3,0,0,48,1
53,3,1,3,1,0,0,50,1
45,1,3,0,3,0,0,40,1
46,6,3,3,3,15024,0,40,1
53,1,3,2,3,0,0,40,1
65,0,3,0,3,6418,0,40,1
43,6,3,3,3,0,0,45,1
40,3,1,1,1,8614,0,40,1
39,0,3,0,3,0,0,48,1
55,3,3,1,3,0,0,40,1
63,3,3,3,3,0,0,50,1
63,0,3,3,3,0,0,40,1
63,1,3,1,3,7298,0,48,1
42,3,3,1,3,0,0,40,1
55,6,3,3,3,7688,0,45,1
30,0,1,2,1,0,0,40,1
46,3,3,1,3,0,0,50,1
47,6,0,3,1,0,0,35,1
30,3,3,1,3,0,1902,40,1
30,3,3,3,3,0,0,45,1
49,3,0,3,1,0,0,40,1
54,2,3,1,3,7688,0,40,1
43,6,3,3,4,0,1977,50,1
33,3,3,3,3,0,0,50,1
30,3,3,3,3,0,0,40,1
46,1,3,0,3,0,0,40,1
37,0,3,0,3,0,0,40,1
39,0,3,1,4,0,0,40,1
48,3,3,3,3,0,0,40,1
38,3,3,3,3,0,0,42,1
29,3,3,1,3,0,0,45,1
37,3,3,3,4,15024,0,50,1
42,1,3,1,3,0,0,45,1
39,6,3,3,3,0,0,50,1
38,6,3,0,3,0,0,40,1
54,0,3,0,3,0,0,40,1
50,3,1,1,1,0,0,40,1
55,6,3,3,3,0,0,40,1
30,3,3,3,3,0,0,45,1
57,0,3,1,3,0,0,40,1
72,3,4,4,1,0,0,40,1
47,1,0,1,1,13550,0,45,1
38,4,3,1,3,0,1887,40,1
46,1,3,0,3,15024,0,45,1
38,3,3,3,3,0,0,40,1
33,6,3,3,3,0,0,50,1
54,1,3,2,3,0,0,48,1
29,6,0,3,0,0,0,50,1
49,3,3,1,3,0,0,50,1
51,1,1,0,1,0,0,42,1
32,3,0,3,1,0,0,40,1
39,2,3,3,3,0,0,45,1
40,2,3,3,3,7688,0,40,1
44,3,1,1,1,0,2258,40,1
39,6,0,3,1,0,2444,45,1
33,3,3,3,3,0,0,40,1
39,3,3,3,3,0,1902,50,1
29,1,3,0,3,0,0,45,1
52,3,3,1,3,0,0,40,1
47,1,3,0,3,7688,0,40,1
31,0,3,1,3,0,0,40,1
44,0,3,0,3,0,0,40,1
53,1,3,1,3,0,0,40,1
35,6,3,1,3,0,0,45,1
43,2,3,4,3,0,0,40,1
35,3,3,3,3,7298,0,40,1
50,3,3,1,3,7688,0,40,1
56,0,3,0,3,0,0,38,1
44,6,3,3,3,0,0,40,1
41,2,3,3,3,0,0,40,1
55,0,3,0,3,3103,0,40,1
36,3,3,1,4,0,0,35,1
50,1,3,0,3,0,1887,35,1
46,0,3,0,3,0,0,50,1
51,6,3,0,3,0,0,40,1
60,6,3,3,3,0,0,40,1
50,0,3,1,4,5178,0,40,1
35,1,3,0,3,0,1887,40,1
45,3,3,3,4,5178,0,40,1
67,0,3,3,3,0,0,37,1
49,1,3,3,3,0,0,40,1
54,5,3,0,3,0,0,40,1
31,1,3,1,3,0,0,40,1
53,1,3,0,3,0,0,40,1
54,1,3,3,3,0,0,40,1
50,2,3,0,3,15024,0,45,1
34,6,3,1,3,7688,0,40,1
57,6,3,3,3,7298,0,45,1
24,3,3,3,4,7688,0,45,1
46,1,3,3,3,0,0,40,1
38,2,3,0,3,7298,0,40,1
51,1,3,3,3,0,0,40,1
50,0,3,0,0,0,1887,40,1
31,2,3,1,3,0,0,40,1
54,1,3,3,3,0,0,40,1
41,0,3,0,3,0,0,40,1
57,1,3,1,3,7688,0,45,1
37,2,3,3,4,0,0,40,1
39,0,3,2,3,0,0,40,1
57,4,3,0,3,7688,0,40,1
46,6,1,3,2,7430,0,50,1
38,0,3,0,3,0,0,40,1
27,0,0,0,2,9562,0,50,1
35,6,3,3,3,0,0,50,1
54,1,3,3,4,0,0,40,1
59,0,3,0,3,0,0,40,1
28,1,3,1,3,0,0,50,1
34,6,3,3,3,0,0,35,1
38,3,3,3,3,0,0,40,1
62,0,3,0,3,0,0,40,1
55,1,3,1,3,0,0,40,1
36,3,3,1,4,0,0,35,1
44,0,1,0,1,14344,0,40,1
35,6,3,3,5,7298,0,40,1
39,1,3,4,3,0,0,50,1
51,6,3,3,3,4386,0,52,1
49,1,3,2,3,0,0,44,1
35,6,3,3,5,7298,0,40,1
30,3,3,1,3,0,0,40,1
59,1,3,3,3,0,0,40,1
42,1,3,3,3,0,0,45,1
40,6,3,3,3,0,0,46,1
32,0,3,0,3,7298,0,46,1
45,3,3,0,3,0,0,45,1
38,6,0,3,1,0,2824,45,1
45,0,3,0,3,15024,0,49,1
39,2,3,1,3,5178,0,48,1
36,6,3,3,3,0,0,45,1
58,6,3,3,4,0,1485,35,1
39,3,0,3,1,0,0,40,1
58,6,3,3,3,0,0,40,1
57,6,1,3,1,0,0,50,1
54,0,3,1,3,0,0,40,1
43,1,3,0,3,0,0,44,1
39,3,3,3,3,0,0,50,1
44,0,3,1,3,0,0,35,1
43,0,3,3,3,0,0,50,1
43,1,3,3,3,0,0,40,1
50,6,1,3,5,10520,0,50,1
64,6,3,3,3,0,0,50,1
59,1,3,3,3,0,0,40,1
37,1,3,0,3,0,0,40,1
35,2,3,0,3,3103,0,40,1
47,3,3,3,3,15024,0,50,1
34,0,3,0,3,0,0,44,1
49,0,3,0,3,0,0,48,1
46,6,3,3,3,0,0,40,1
40,0,3,3,3,7688,0,50,1
49,1,3,3,3,0,0,50,1
30,0,3,3,3,0,0,50,1
42,3,3,3,3,0,0,50,1
36,0,3,3,3,0,1977,40,1
36,6,3,3,4,0,1977,44,1
63,1,3,3,3,0,0,45,1
61,6,4,3,1,0,0,40,1
38,6,3,3,3,0,1977,50,1
59,1,3,1,3,0,0,50,1
46,6,3,3,3,0,1902,50,1
48,1,3,3,3,0,0,35,1
37,2,3,1,3,0,0,50,1
36,1,3,1,4,0,1848,40,1
38,1,0,3,1,0,0,50,1
67,6,3,3,3,20051,0,48,1
39,1,3,1,3,0,0,50,1
38,3,0,1,1,0,0,48,1
60,3,3,3,3,7688,0,40,1
46,1,3,1,3,0,0,40,1
35,3,3,0,3,0,0,40,1
33,2,3,3,4,7688,0,40,1
39,2,3,3,3,0,0,45,1
52,1,3,0,3,0,0,40,1
35,6,3,3,3,0,0,50,1
48,3,3,3,3,0,1485,40,1
61,6,3,3,3,0,0,50,1
31,0,3,3,3,7688,0,40,1
40,3,0,3,1,0,0,50,1
56,3,3,3,3,0,0,40,1
35,2,3,0,3,4386,0,42,1
30,1,0,1,1,0,0,45,1
35,3,1,3,1,0,0,50,1
47,6,3,3,4,4386,0,35,1
39,6,3,3,3,0,0,50,1
47,0,3,0,3,0,0,40,1
50,6,3,3,3,0,0,40,1
53,3,3,0,3,0,0,44,1
54,0,3,0,3,0,0,40,1
40,0,3,1,3,0,0,52,1
30,1,3,1,3,0,0,50,1
25,3,0,4,0,27828,0,50,1
50,0,3,3,3,7298,0,40,1
42,3,1,3,2,7430,0,40,1
39,1,0,3,1,0,0,48,1
42,1,3,0,4,0,0,37,1
33,6,3,3,3,7298,0,45,1
31,3,1,3,1,0,0,50,1
61,3,1,1,1,4787,0,48,1
51,2,3,1,3,7298,0,40,1
41,3,3,1,3,7688,0,50,1
57,1,3,1,3,0,0,40,1
53,6,3,3,3,0,0,43,1
58,4,3,0,3,0,0,50,1
43,3,3,3,4,3103,0,40,1
52,6,1,3,1,0,0,40,1
32,0,3,0,3,7298,0,40,1
54,0,3,3,3,7688,0,40,1
49,3,3,3,4,15024,0,35,1
42,1,3,0,3,0,0,50,1
43,1,3,0,3,0,0,40,1
39,3,3,0,3,0,0,40,1
57,6,3,3,3,0,0,35,1
40,0,3,0,3,0,0,40,1
44,6,0,3,1,14084,0,40,1
41,2,3,3,3,0,0,50,1
48,6,3,3,3,0,0,40,1
39,3,3,3,3,7688,0,50,1
30,1,3,0,3,0,0,40,1
41,0,3,0,3,0,0,40,1
31,6,1,3,1,0,0,45,1
55,1,3,1,3,0,0,40,1
35,1,3,0,3,0,1887,40,1
30,3,3,3,3,0,0,45,1
60,2,3,1,3,0,0,40,1
55,6,3,3,3,0,1977,40,1
35,6,3,1,3,0,0,40,1
46,6,1,3,1,27828,0,50,1
51,1,3,0,3,3103,0,48,1
51,4,3,4,3,0,0,45,1
31,3,3,3,3,0,2246,45,1
27,3,3,3,3,0,1485,50,1
50,1,3,3,3,0,0,50,1
34,6,3,3,3,0,0,40,1
53,3,3,2,3,0,0,40,1
40,0,3,0,3,0,0,45,1
44,6,3,3,3,0,0,35,1
46,6,3,3,3,0,0,50,1
28,0,3,3,4,0,0,45,1
32,3,3,3,3,0,0,45,1
45,6,1,1,2,25236,0,42,1
51,3,1,1,1,0,0,50,1
55,4,3,1,3,7688,0,50,1
47,6,3,3,3,15024,0,50,1
27,3,0,1,1,0,0,40,1
54,2,3,3,3,0,0,40,1
33,0,3,1,4,0,1902,40,1
52,0,3,1,3,0,0,40,1
41,3,3,3,3,0,0,50,1
68,2,4,1,1,25124,0,50,1
43,6,0,3,1,0,0,40,1
41,6,1,3,2,7430,0,36,1
25,1,3,1,4,3103,0,40,1
49,6,3,3,3,15024,0,35,1
36,3,3,3,3,0,0,40,1
35,0,3,0,3,0,0,45,1
45,6,3,3,3,0,0,45,1
46,6,3,3,3,15024,0,40,1
45,1,3,1,3,0,0,40,1
47,6,3,3,3,0,0,40,1
49,4,3,0,3,0,0,40,1
61,6,3,3,3,0,0,40,1
26,0,3,1,4,0,0,40,1
44,3,3,1,3,5178,0,40,1
52,6,3,3,3,0,0,40,1
53,2,3,1,3,0,0,45,1
49,1,3,0,3,0,1485,40,1
40,1,3,3,3,0,0,40,1
48,6,3,3,3,15024,0,50,1
54,3,3,1,3,3103,0,40,1
47,2,3,0,3,0,0,40,1
46,3,3,3,3,7688,0,40,1
50,3,3,1,4,0,0,40,1
26,1,3,1,3,3103,0,40,1
53,5,3,3,3,4386,0,50,1
50,1,3,2,3,0,0,40,1
31,2,3,0,1,0,0,50,1
45,6,3,3,3,7688,0,50,1
52,3,3,1,3,15024,0,50,1
44,3,3,3,3,0,0,45,1
45,0,1,4,1,0,2258,44,1
54,0,3,3,3,0,0,40,1
42,1,3,3,4,0,0,40,1
60,3,3,3,3,0,0,50,1
53,2,3,0,3,0,0,40,1
53,2,3,3,3,15024,0,40,1
36,6,3,1,3,0,1977,50,1
47,2,3,2,3,0,0,40,1
59,0,3,1,3,0,0,40,1
30,3,3,1,3,0,0,40,1
46,3,1,1,2,0,0,40,1
37,0,0,1,1,14084,0,35,1
28,3,3,1,3,0,0,50,1
60,0,3,3,3,0,0,40,1
33,3,3,1,3,0,0,45,1
39,0,3,1,4,0,0,40,1
29,6,3,3,4,0,0,40,1
54,6,3,3,3,0,1977,40,1
56,1,3,3,3,0,1887,40,1
51,0,3,1,3,0,0,48,1
43,3,3,0,3,0,0,40,1
42,3,3,3,3,0,0,45,1
55,6,0,3,1,8614,0,40,1
57,0,3,0,3,0,0,50,1
30,3,3,3,3,0,0,40,1
43,6,3,3,3,0,0,45,1
33,0,3,1,3,0,1977,45,1
59,1,3,1,3,0,0,40,1
54,3,3,1,3,0,2415,40,1
51,6,4,3,1,0,0,40,1
42,1,3,0,3,0,0,40,1
41,6,3,3,4,15024,0,40,1
53,0,3,0,3,0,0,40,1
24,3,3,3,4,0,0,40,1
39,0,3,0,3,0,0,40,1
45,2,3,0,3,0,0,40,1
43,1,3,3,3,0,0,40,1
59,4,3,0,3,0,0,40,1
46,3,3,3,3,0,0,40,1
39,1,3,1,3,0,0,40,1
44,3,3,3,3,0,1887,40,1
37,1,3,3,4,0,0,40,1
57,3,3,3,3,0,0,40,1
34,0,3,0,3,0,0,44,1
21,0,3,1,4,0,0,43,1
36,2,3,3,3,0,1887,50,1
50,3,1,1,1,0,0,40,1
44,3,1,3,2,4934,0,45,1
46,6,3,3,3,15024,0,50,1
47,2,3,3,4,0,0,45,1
32,1,3,3,3,0,0,35,1
60,2,3,1,3,7298,0,40,1
32,4,3,0,3,0,0,40,1
41,1,3,3,3,0,0,40,1
39,0,1,4,1,8614,0,50,1
52,3,3,1,3,0,0,40,1
40,1,3,0,3,7298,0,50,1
65,0,3,3,3,0,0,40,1
47,5,3,0,3,0,0,40,1
36,2,0,1,1,14344,0,40,1
46,6,3,3,3,0,1902,45,1
52,3,3,3,3,0,0,40,1
43,1,3,1,3,7298,0,50,1
45,0,3,3,3,0,0,48,1
41,1,3,1,4,0,0,40,1
33,0,3,1,4,0,0,35,1
50,1,3,1,3,0,0,40,1
36,3,3,3,4,0,0,50,1
58,6,3,3,3,0,0,40,1
45,0,3,0,3,0,0,45,1
24,3,3,3,3,0,0,40,1
34,0,3,0,3,0,0,35,1
34,0,3,3,3,0,1887,45,1
26,1,3,3,3,0,0,45,1
42,0,4,3,1,0,0,40,1
55,6,3,3,4,0,0,40,1
36,3,3,3,4,0,1977,45,1
33,6,3,3,3,0,1902,45,1
40,6,3,3,3,0,0,50,1
35,3,3,3,3,7298,0,45,1
55,0,3,0,3,0,0,40,1
36,0,3,0,3,7298,0,40,1
40,2,3,3,3,0,0,40,1
37,0,3,0,3,0,0,40,1
47,2,3,3,3,0,0,40,1
47,2,3,0,3,0,0,40,1
32,3,3,3,3,0,0,40,1
28,3,0,1,0,0,0,40,1
50,1,3,2,3,0,0,40,1
58,4,1,0,1,14084,0,40,1
51,2,3,3,3,0,0,40,1
39,1,3,1,3,15024,0,40,1
38,6,3,3,3,0,0,50,1
60,3,3,3,3,0,0,35,1
27,0,3,2,3,0,0,40,1
61,3,0,3,1,0,2444,50,1
38,6,3,3,3,0,0,40,1
51,6,3,3,3,0,0,40,1
34,3,3,1,3,0,1887,40,1
40,1,3,1,3,0,0,40,1
52,0,3,1,3,0,0,40,1
32,3,0,1,1,0,1564,50,1
47,6,3,3,3,15024,0,50,1
44,0,1,0,1,14344,0,40,1
39,1,3,1,3,0,0,40,1
42,3,3,3,3,7688,0,40,1
25,3,3,3,3,0,0,40,1
36,6,1,1,1,0,0,40,1
61,5,1,0,1,14344,0,40,1
46,3,3,3,3,7688,0,40,1
48,0,3,1,3,0,0,35,1
53,1,1,0,1,0,2444,45,1
61,1,3,1,3,0,0,40,1
64,0,3,1,3,0,0,45,1
35,0,3,2,4,7298,0,40,1
42,3,3,3,3,0,0,40,1
57,0,3,0,3,0,1887,40,1
43,1,3,0,3,5178,0,40,1
39,3,3,3,3,0,0,35,1
71,1,4,1,1,0,0,35,1
34,3,3,0,3,0,0,40,1
28,3,3,3,3,0,0,40,1
39,1,1,3,1,8614,0,40,1
50,3,1,3,1,0,0,45,1
44,6,3,3,3,0,0,50,1
40,1,3,0,3,7298,0,50,1
54,6,3,3,4,0,1887,50,1
49,1,4,3,1,0,0,40,1
44,3,3,3,3,15024,0,50,1
66,1,4,1,2,0,0,50,1
36,3,3,1,3,0,0,50,1
28,3,3,3,3,0,0,40,1
57,1,3,0,3,0,0,40,1
37,3,3,3,3,0,0,40,1
50,1,3,3,3,0,0,40,1
52,0,3,1,3,0,0,40,1
32,0,3,1,4,0,0,40,1
36,3,3,1,3,0,0,40,1
29,0,3,0,3,5178,0,40,1
33,0,3,1,3,0,0,45,1
58,0,3,1,3,15024,0,40,1
46,0,3,0,3,7298,0,40,1
31,0,3,0,3,0,0,40,1
40,2,3,3,3,7688,0,44,1
48,6,3,3,3,0,0,35,1
39,6,3,3,3,0,1977,45,1
40,3,3,3,3,0,0,44,1
44,2,3,0,3,0,0,40,1
43,3,3,3,3,0,1977,40,1
41,1,3,1,4,0,0,40,1
52,3,3,3,3,0,0,50,1
51,3,3,0,3,0,0,40,1
49,0,3,1,3,0,0,40,1
60,3,1,3,2,0,0,40,1
29,1,3,2,3,0,1485,40,1
40,1,3,1,0,0,1902,40,1
29,1,3,1,3,0,0,40,1
34,0,0,1,0,14084,0,35,1
43,3,3,3,3,0,0,40,1
41,2,3,0,3,0,0,43,1
44,1,3,1,3,0,0,45,1
57,2,0,0,1,0,0,40,1
34,1,3,0,3,0,0,40,1
61,0,3,3,3,0,0,40,1
51,1,3,3,3,0,0,45,1
50,6,3,3,4,15024,0,40,1
52,3,3,1,4,0,0,40,1
49,1,3,1,4,0,0,40,1
43,3,3,0,3,0,0,45,1
32,3,3,1,3,0,0,40,1
57,6,3,0,3,0,1902,40,1
40,0,3,0,3,0,0,40,1
41,6,3,3,3,0,0,50,1
38,6,3,3,3,0,0,40,1
59,2,0,3,1,0,0,35,1
41,1,3,1,3,0,0,40,1
42,0,3,0,3,0,0,40,1
46,3,3,0,3,0,0,50,1
30,3,3,1,3,7688,0,50,1
29,4,3,0,3,0,0,40,1
47,1,3,0,3,0,0,40,1
64,6,0,3,1,4787,0,40,1
47,1,3,2,3,0,0,48,1
47,6,0,3,1,0,0,40,1
46,1,3,0,3,7688,0,40,1
57,3,3,3,3,0,0,40,1
35,3,0,3,1,0,0,50,1
53,6,0,3,1,0,0,50,1
38,3,3,0,3,0,0,50,1
45,2,3,0,3,0,0,40,1
46,6,3,3,3,0,0,40,1
48,0,3,1,4,0,0,40,1
42,6,3,3,3,0,0,38,1
41,3,3,3,4,0,0,40,1
45,6,1,1,2,25236,0,42,1
61,1,3,1,4,15024,0,34,1
47,2,3,3,4,15024,0,40,1
52,0,3,1,3,0,1887,40,1
43,0,3,1,4,0,0,40,1
48,6,3,3,3,7688,0,50,1
46,3,3,3,3,0,0,50,1
26,1,3,1,3,0,0,40,1
42,3,3,1,4,0,1887,40,1
43,6,3,3,4,0,1977,50,1
44,4,3,0,3,0,0,40,1
27,6,3,3,3,0,0,42,1
47,0,3,0,3,0,0,40,1
40,3,3,1,3,0,0,40,1
40,3,3,3,3,0,0,45,1
45,3,3,3,3,0,0,50,1
41,3,0,3,1,0,0,40,1
57,1,3,0,3,0,0,40,1
31,6,3,3,3,0,0,35,1
37,3,3,1,4,0,0,40,1
63,6,3,3,3,0,0,35,1
43,2,3,1,3,0,0,40,1
43,3,3,3,3,0,0,40,1
41,6,0,3,1,27828,0,35,1
38,3,3,1,3,0,0,52,1
43,1,3,0,3,0,0,40,1
34,1,3,1,3,0,0,40,1
37,3,3,1,3,0,0,40,1
27,1,3,1,3,0,0,40,1
36,3,0,3,1,0,0,45,1
30,3,3,3,4,0,0,40,1
31,4,3,0,3,0,0,40,1
33,1,3,3,3,0,0,40,1
75,2,1,3,1,15831,0,50,1
41,2,3,3,4,0,0,40,1
50,3,1,2,1,0,0,40,1
90,2,0,3,1,6097,0,45,1
47,0,3,4,3,15024,0,50,1
55,1,3,3,3,0,0,40,1
62,3,1,3,1,14084,0,40,1
42,1,3,0,3,5178,0,40,1
40,4,3,3,3,0,0,40,1
61,6,3,3,3,0,0,40,1
66,5,3,0,3,0,0,40,1
35,0,1,3,2,0,0,40,1
38,0,3,3,3,0,0,50,1
64,1,3,3,3,15024,0,50,1
49,1,3,0,3,0,1887,40,1
59,0,3,0,3,0,0,40,1
46,4,3,0,3,0,0,45,1
28,6,3,3,3,0,0,50,1
38,0,3,0,3,15024,0,45,1
29,6,3,3,3,0,0,40,1
37,6,3,3,3,0,1977,40,1
56,0,3,0,3,0,0,48,1
28,3,3,2,3,0,0,42,1
38,3,3,1,3,5178,0,48,1
31,2,3,2,4,0,0,35,1
47,6,3,1,3,7688,0,45,1
59,1,3,1,3,0,0,40,1
32,1,3,4,3,0,0,50,1
51,6,3,2,3,0,1977,40,1
38,0,3,0,3,0,0,50,1
38,1,3,1,4,0,0,35,1
59,1,3,1,3,0,0,50,1
41,6,3,3,3,0,0,45,1
24,3,3,3,4,7688,0,45,1
48,3,3,1,3,0,0,40,1
46,1,3,1,3,0,1887,45,1
35,2,3,0,3,0,0,40,1
42,3,1,1,2,9562,0,45,1
44,6,3,3,3,0,0,50,1
38,0,3,0,3,0,0,40,1
49,6,3,3,3,0,0,45,1
30,3,3,1,3,0,0,40,1
74,0,3,1,3,0,0,40,1
31,3,0,1,1,0,0,50,1
51,6,3,3,4,0,0,40,1
43,6,1,3,2,0,0,45,1
46,0,3,1,0,7298,0,40,1
48,6,3,3,3,0,0,35,1
50,4,3,0,3,0,0,40,1
51,0,3,2,3,0,0,40,1
56,4,1,0,1,0,0,40,1
32,3,3,3,3,0,0,40,1
53,1,3,3,3,0,0,50,1
46,6,3,3,3,0,0,40,1
46,2,3,1,3,0,0,40,1
42,3,3,1,3,5178,0,45,1
37,3,3,0,3,0,0,40,1
41,6,3,3,4,0,0,50,1
53,0,3,2,3,0,0,50,1
37,1,3,1,3,0,0,40,1
59,6,3,3,3,0,0,35,1
37,3,3,3,3,0,0,40,1
42,1,3,1,3,0,0,45,1
30,0,3,0,3,0,0,40,1
57,3,3,2,3,0,0,40,1
38,6,3,3,3,0,0,40,1
63,3,3,4,3,0,0,40,1
40,3,3,3,3,7298,0,50,1
57,0,3,0,3,0,0,40,1
39,6,3,3,3,0,0,50,1
46,3,3,3,3,3103,0,50,1
34,3,1,1,1,0,2824,50,1
71,0,3,1,3,0,2392,52,1
37,3,3,3,3,0,0,40,1
41,3,3,1,3,0,0,40,1
48,6,3,3,3,0,0,40,1
42,0,3,0,3,7688,0,45,1
31,1,3,3,4,0,0,40,1
46,6,3,3,3,0,1902,45,1
48,2,3,2,3,0,0,40,1
66,0,3,1,4,0,0,40,1
32,0,3,0,3,0,0,50,1
45,6,0,3,1,0,0,50,1
36,3,3,1,3,0,0,50,1
44,3,3,0,3,0,0,50,1
52,2,3,3,3,15024,0,40,1
37,3,3,3,3,0,0,40,1
35,6,0,3,1,0,0,45,1
34,3,3,3,3,0,0,40,1
63,3,3,3,3,0,0,40,1
51,6,3,3,4,0,0,40,1
30,3,3,3,3,0,0,40,1
46,1,3,0,3,0,0,40,1
62,3,3,1,3,0,0,40,1
57,4,3,0,3,0,0,40,1
47,3,3,1,3,0,0,45,1
36,3,3,3,4,0,0,50,1
39,2,3,0,3,0,0,35,1
57,6,3,3,3,0,0,40,1
45,6,3,3,3,0,0,50,1
30,0,3,1,3,0,0,40,1
29,6,0,3,1,0,0,40,1
46,1,3,0,3,0,1902,50,1
48,2,3,3,3,0,1902,38,1
34,2,3,1,3,0,1902,50,1
34,6,3,3,3,0,0,50,1
28,3,3,3,4,0,0,45,1
51,1,3,1,3,0,1977,40,1
39,6,3,3,3,0,1902,50,1
34,6,0,3,1,0,0,50,1
34,0,3,0,3,0,0,40,1
46,1,3,2,3,0,0,38,1
73,1,3,1,4,20051,0,36,1
41,2,3,1,3,0,0,40,1
50,6,3,1,3,0,0,50,1
35,3,3,3,3,0,0,40,1
46,1,3,1,4,0,0,40,1
42,0,3,2,3,0,0,40,1
53,1,3,0,3,0,0,40,1
47,0,3,1,3,0,0,40,1
25,0,3,1,5,0,0,48,1
44,6,0,3,1,8614,0,33,1
32,1,3,0,3,0,0,50,1
38,1,3,0,3,0,0,40,1
47,0,3,0,4,0,0,40,1
53,2,3,1,3,0,0,45,1
33,1,3,3,3,0,0,40,1
33,0,3,1,3,0,0,40,1
40,3,3,3,3,0,0,50,1
45,0,3,0,3,0,0,40,1
26,0,3,2,3,0,0,50,1
45,2,3,0,3,15024,0,40,1
34,4,3,0,3,0,0,45,1
36,0,3,0,3,3103,0,40,1
61,5,3,1,3,0,0,50,1
38,6,0,3,1,0,0,40,1
48,6,3,1,3,0,0,40,1
40,3,3,3,3,7298,0,40,1
35,2,3,1,3,7298,0,48,1
58,2,3,3,3,0,0,42,1
56,3,3,1,3,0,0,40,1
49,0,3,0,3,0,1887,40,1
56,6,3,0,3,0,0,50,1
32,2,3,0,3,0,0,40,1
57,5,3,0,3,0,0,44,1
36,0,3,0,3,7298,0,40,1
29,0,0,0,1,0,0,50,1
32,6,0,1,1,13550,0,50,1
72,6,3,3,3,20051,0,48,1
54,0,3,0,3,0,0,40,1
31,0,3,0,3,0,0,45,1
49,1,3,0,3,7688,0,40,1
37,3,3,1,4,0,0,45,1
36,6,3,3,3,0,0,40,1
34,0,3,0,3,0,0,40,1
37,3,3,3,3,7688,0,50,1
50,0,3,3,3,0,0,40,1
32,3,1,3,1,0,0,48,1
39,3,0,1,1,8614,0,50,1
44,2,3,0,3,0,1848,40,1
51,2,1,1,1,0,0,46,1
36,6,3,3,3,0,0,50,1
55,3,1,3,1,14084,0,45,1
34,2,3,3,4,0,0,40,1
38,6,0,3,1,0,0,40,1
39,3,3,3,3,0,0,45,1
54,6,3,3,3,0,0,45,1
30,4,0,0,1,0,0,45,1
58,2,3,1,3,0,0,42,1
32,1,3,2,4,0,0,40,1
32,3,3,3,4,0,0,40,1
31,2,3,0,3,0,0,40,1
39,0,3,1,4,0,0,40,1
29,3,3,3,3,7688,0,40,1
39,3,3,1,3,0,0,40,1
54,0,3,0,3,7688,0,40,1
59,3,3,0,3,0,0,40,1
50,3,3,3,3,0,0,38,1
36,6,3,3,3,0,0,50,1
39,6,0,1,1,0,2444,45,1
52,4,3,0,3,0,0,45,1
49,3,3,1,3,0,0,50,1
34,3,3,3,3,0,0,40,1
45,2,3,0,3,0,0,40,1
51,2,3,3,3,0,0,45,1
34,0,3,3,3,0,0,40,1
50,1,3,0,3,0,0,40,1
53,0,3,1,3,0,1977,40,1
29,3,0,3,1,8614,0,40,1
43,6,3,3,3,0,0,40,1
37,6,3,3,3,0,0,45,1
61,6,3,3,3,0,0,50,1
37,3,3,3,3,5178,0,40,1
46,0,3,3,4,15024,0,40,1
43,3,3,1,3,0,0,40,1
30,3,3,3,4,7688,0,50,1
45,2,3,3,3,0,0,40,1
57,0,3,0,3,0,0,40,1
53,0,3,1,4,0,0,40,1
51,1,3,0,3,0,0,48,1
42,3,3,3,3,0,0,40,1
48,2,3,0,3,0,1848,46,1
43,3,1,1,2,0,0,40,1
30,1,3,0,3,0,0,40,1
32,3,3,3,3,7688,0,40,1
43,6,3,3,3,0,1902,50,1
44,6,3,3,3,0,0,50,1
51,3,3,3,3,0,0,40,1
44,0,3,4,3,0,0,40,1
51,3,3,3,3,0,0,50,1
45,2,0,3,1,0,1564,40,1
38,3,3,3,3,0,0,50,1
43,0,3,0,3,0,0,48,1
69,1,3,1,3,6514,0,45,1
34,6,3,3,3,0,0,40,1
41,4,3,0,3,0,1485,50,1
38,3,3,1,3,0,0,52,1
31,0,3,1,4,0,0,40,1
48,3,3,3,3,0,0,48,1
58,1,3,3,3,15024,0,40,1
44,6,3,3,3,0,0,40,1
47,0,3,2,3,4386,0,40,1
51,1,3,1,3,0,0,40,1
50,0,3,0,3,0,0,44,1
40,2,1,3,2,0,0,40,1
40,4,3,0,3,0,0,40,1
51,1,1,3,1,0,0,50,1
48,5,3,0,3,0,0,50,1
49,3,3,3,3,0,0,45,1
31,6,3,3,3,0,1902,43,1
67,0,3,3,3,0,0,37,1
46,6,3,3,3,0,1977,40,1
23,1,1,2,1,0,2559,40,1
44,3,3,3,3,0,0,40,1
42,2,3,1,3,0,0,40,1
51,0,3,0,3,0,0,40,1
37,3,3,3,3,0,0,45,1
58,4,3,0,3,0,0,40,1
47,6,1,3,2,0,0,45,1
45,1,3,3,3,0,0,40,1
41,1,3,1,3,0,0,45,1
37,0,3,1,3,0,0,40,1
34,6,3,1,3,7688,0,40,1
32,2,3,3,3,0,0,50,1
50,6,3,1,3,15024,0,40,1
34,3,3,3,3,0,0,45,1
58,3,3,3,3,0,0,40,1
38,6,3,3,3,0,0,40,1
49,1,3,1,3,0,0,50,1
49,6,1,1,2,7430,0,40,1
44,1,3,3,3,0,0,40,1
51,0,3,0,3,0,1902,40,1
44,6,3,3,3,0,0,50,1
45,3,3,3,3,0,0,40,1
54,1,3,3,3,0,0,40,1
35,3,3,0,3,0,0,40,1
36,3,1,3,1,4787,0,40,1
41,1,3,1,3,0,0,50,1
33,6,3,3,3,0,1848,40,1
40,2,1,3,2,0,0,40,1
56,3,3,3,3,0,0,40,1
36,2,3,3,3,7688,0,44,1
56,0,3,1,3,0,0,50,1
53,1,3,3,3,0,0,50,1
56,1,3,2,3,0,0,50,1
36,0,3,3,3,0,0,45,1
48,3,3,0,3,0,0,45,1
28,1,3,0,3,0,0,45,1
61,0,3,0,3,0,0,40,1
36,3,0,3,1,0,0,40,1
36,3,3,0,3,0,0,50,1
31,0,3,0,3,0,0,50,1
27,1,3,3,3,0,0,40,1
46,1,3,0,3,3103,0,40,1
29,3,3,3,3,0,0,50,1
44,3,3,3,3,0,0,38,1
59,1,3,1,4,0,0,40,1
44,6,1,3,1,0,0,50,1
28,0,3,0,3,0,0,40,1
60,1,3,3,3,7688,0,50,1
32,6,1,3,1,0,0,40,1
24,1,3,4,3,0,0,50,1
27,0,3,2,3,0,0,40,1
48,1,3,1,3,3103,0,40,1
51,6,1,3,1,0,0,45,1
38,3,3,3,3,0,0,40,1
44,2,3,1,3,0,0,40,1
36,2,3,3,4,0,0,50,1
37,3,3,1,3,0,0,45,1
28,3,0,3,1,0,0,50,1
50,0,3,0,3,0,0,40,1
47,0,3,0,3,0,0,45,1
61,3,3,1,3,0,0,40,1
49,3,3,3,3,0,0,50,1
57,6,3,1,3,0,0,38,1
42,6,1,1,2,4687,0,35,1
50,6,3,3,3,0,0,36,1
65,3,3,3,3,0,0,40,1
43,6,3,3,3,5178,0,40,1
56,1,3,1,3,0,0,45,1
34,3,3,3,3,3103,0,50,1
34,4,3,0,3,0,0,40,1
45,0,3,3,3,0,1848,40,1
49,1,3,0,3,0,0,40,1
32,3,3,3,3,0,0,50,1
41,2,3,3,3,0,0,40,1
46,2,3,1,3,0,0,40,1
47,3,3,3,3,0,0,50,1
36,6,3,3,4,0,1977,44,1
39,0,3,0,3,0,0,40,1
40,1,3,1,4,0,0,40,1
46,0,3,0,3,0,0,48,1
36,6,3,3,3,0,0,45,1
46,6,3,3,3,0,0,40,1
49,1,3,1,3,0,0,41,1
42,6,3,3,3,0,0,40,1
36,3,3,1,3,0,0,40,1
90,2,0,3,1,6097,0,45,1
56,3,3,1,3,0,0,40,1
43,3,0,1,2,0,0,35,1
34,3,3,3,4,15024,0,36,1
31,3,3,3,3,0,0,40,1
56,3,3,3,3,0,0,42,1
47,6,3,3,3,0,0,50,1
37,0,3,3,3,0,0,46,1
43,6,3,3,3,0,0,50,1
34,6,3,3,3,0,0,45,1
54,0,3,0,3,0,0,40,1
45,2,3,0,3,0,0,40,1
44,0,3,1,3,0,0,45,1
36,3,3,1,3,0,0,40,1
42,3,3,3,3,0,0,40,1
31,6,0,3,1,0,1564,40,1
37,2,3,1,3,7688,0,40,1
42,1,3,3,3,15024,0,40,1
39,1,3,3,3,0,1848,47,1
43,0,3,0,3,0,1977,52,1
38,6,3,3,3,0,0,50,1
35,3,3,3,4,0,0,40,1
44,0,3,0,3,0,0,40,1
33,3,3,3,3,0,0,40,1
48,6,3,3,3,0,0,45,1
43,3,3,3,3,0,1902,40,1
35,1,3,0,3,0,0,50,1
45,0,3,0,3,0,0,45,1
44,2,3,0,3,4386,0,40,1
36,2,3,1,3,0,0,40,1
50,2,3,0,3,0,0,50,1
31,3,3,3,3,0,1887,40,1
36,3,3,3,3,0,0,40,1
37,2,3,3,3,0,0,48,1
55,0,1,1,2,0,0,50,1
43,3,3,1,3,0,0,40,1
30,1,3,1,3,0,0,40,1
44,3,3,0,3,0,0,50,1
36,1,3,3,3,0,0,40,1
37,3,3,3,3,0,1887,47,1
49,2,3,3,3,0,0,40,1
50,3,3,1,3,0,0,40,1
39,6,0,1,1,0,2444,45,1
37,2,3,3,3,7688,0,50,1
58,6,3,3,3,0,0,40,1
53,6,3,1,3,0,0,40,1
37,0,3,0,3,0,0,45,1
64,0,3,3,3,0,0,40,1
31,2,3,3,4,0,0,40,1
47,2,3,3,3,15024,0,50,1
40,1,3,0,3,0,1887,40,1
34,1,1,3,1,0,0,40,1
54,5,3,0,3,0,0,40,1
35,6,0,3,1,0,0,40,1
42,3,3,3,3,0,0,40,1
33,6,3,3,3,0,1977,50,1
33,3,3,1,3,0,0,42,1
35,3,3,1,3,15024,0,45,1
40,3,3,3,3,0,1977,50,1
39,2,3,3,3,0,0,45,1
41,1,1,0,1,0,0,40,1
58,0,3,1,3,0,0,35,1
42,2,3,1,4,0,0,35,1
52,6,3,3,4,0,1848,40,1
58,4,1,0,2,0,0,45,1
53,6,3,3,3,0,0,40,1
32,6,3,3,3,0,0,40,1
28,3,3,3,3,0,0,40,1
45,3,3,3,3,0,0,40,1
60,4,3,3,3,0,1977,44,1
31,0,3,0,3,0,0,40,1
39,1,3,0,3,5178,0,40,1
31,6,3,3,3,0,0,50,1
61,0,1,0,2,0,0,45,1
48,3,3,1,3,0,2415,50,1
43,3,1,3,2,8614,0,40,1
31,2,3,0,3,0,0,40,1
47,0,3,1,4,0,0,40,1
48,6,3,3,3,0,0,40,1
36,3,3,0,3,0,0,48,1
58,0,3,3,3,0,0,40,1
34,3,3,3,3,0,0,40,1
39,3,1,2,1,0,0,40,1
43,3,3,3,3,0,0,50,1
50,6,3,3,3,0,0,36,1
32,3,0,3,1,0,0,40,1
54,6,3,3,3,0,0,40,1
28,3,0,3,1,0,0,50,1
37,1,3,3,3,0,0,40,1
55,6,3,3,3,0,0,52,1
41,1,3,1,3,0,0,40,1
61,0,3,1,3,0,0,40,1
57,0,3,1,3,0,0,45,1
36,3,0,3,1,8614,0,40,1
53,1,3,0,3,0,0,40,1
49,1,3,1,3,0,0,40,1
43,3,3,1,4,0,0,40,1
58,3,3,3,3,7688,0,50,1
50,0,3,0,3,3103,0,40,1
43,3,0,3,1,0,0,40,1
41,0,3,0,3,0,1887,45,1
41,3,0,3,1,0,0,40,1
29,0,3,3,3,0,0,40,1
32,3,3,1,3,0,1977,44,1
39,6,3,3,3,15024,0,40,1
33,6,3,3,3,7688,0,50,1
33,6,0,3,1,0,0,50,1
50,0,3,0,3,0,0,44,1
45,6,3,3,3,0,0,50,1
52,1,3,1,3,7298,0,45,1
45,3,3,1,3,0,0,50,1
36,1,3,0,3,0,1887,40,1
25,1,3,1,3,0,1902,36,1
50,0,3,0,3,0,0,40,1
46,1,1,3,1,0,0,40,1
38,1,3,0,3,3103,0,40,1
56,3,3,3,3,0,0,40,1
29,6,3,3,3,0,0,50,1
43,3,3,3,3,0,0,40,1
30,3,3,1,3,0,0,45,1
35,6,3,1,3,0,0,45,1
62,1,0,0,1,8614,0,39,1
30,2,3,1,3,0,0,45,1
42,3,3,1,3,0,0,40,1
49,3,3,1,3,15024,0,40,1
40,1,1,0,2,0,0,40,1
53,6,0,3,1,14344,0,50,1
43,3,1,3,1,0,0,40,1
48,3,3,1,3,0,0,45,1
52,6,3,3,3,0,0,38,1
30,1,0,1,1,0,0,45,1
36,1,3,0,3,0,0,50,1
52,6,1,3,1,0,0,40,1
31,0,3,0,3,0,0,40,1
50,2,3,2,3,0,1977,40,1
49,3,3,1,3,0,0,52,1
43,3,3,3,3,0,1902,40,1
51,1,3,1,3,0,0,40,1
28,1,3,0,3,0,0,45,1
30,2,3,3,3,5178,0,52,1
51,6,3,3,3,7688,0,45,1
62,6,3,3,3,0,0,50,1
35,3,3,1,3,0,0,40,1
31,0,3,0,3,0,0,40,1
25,2,0,1,1,27828,0,40,1
46,3,3,1,3,0,0,40,1
39,0,3,0,3,0,0,40,1
42,0,3,3,3,0,0,50,1
33,0,3,1,3,0,0,40,1
41,2,3,3,3,0,0,50,1
40,2,3,1,3,7688,0,50,1
61,1,0,3,1,0,0,38,1
56,1,3,3,3,0,0,40,1
46,2,3,3,4,0,0,40,1
46,0,3,3,4,0,0,40,1
39,6,3,3,3,0,0,40,1
32,1,3,0,3,0,0,40,1
44,0,3,4,3,0,0,40,1
56,3,3,1,4,0,0,40,1
62,3,3,3,3,0,0,50,1
45,4,3,1,3,5178,0,40,1
53,0,3,0,3,0,0,52,1
47,0,3,0,3,0,0,50,1
57,6,3,3,3,0,0,35,1
49,3,3,3,3,0,0,40,1
47,6,3,3,3,0,0,40,1
33,2,3,0,3,0,0,45,1
48,0,3,0,3,7298,0,50,1
29,3,0,3,1,0,2258,45,1
41,3,3,3,3,0,1887,50,1
49,0,3,0,3,0,0,40,1
42,3,3,0,3,0,0,50,1
57,6,3,3,3,0,0,50,1
38,2,0,0,1,10520,0,50,1
58,3,3,1,3,0,0,40,1
53,2,3,1,4,0,0,40,1
42,0,4,3,1,0,0,40,1
25,0,3,1,5,0,0,48,1
31,2,3,0,3,0,0,40,1
31,1,3,1,4,0,0,40,1
45,3,3,2,3,7688,0,50,1
41,0,3,0,3,0,0,40,1
51,1,3,3,3,0,0,50,1
48,0,3,1,3,4386,0,45,1
31,2,3,0,1,0,0,50,1
31,3,3,3,3,0,1902,50,1
63,0,3,0,3,0,0,35,1
36,3,3,3,4,0,0,40,1
45,6,3,1,3,0,0,50,1
35,3,3,1,3,0,0,40,1
46,6,1,3,1,0,2824,40,1
59,2,3,3,3,0,0,40,1
70,1,3,3,3,0,2246,40,1
54,0,3,1,3,0,0,40,1
40,3,3,3,3,0,0,40,1
43,0,3,0,3,0,0,40,1
48,3,3,3,3,0,0,40,1
48,6,3,3,3,15024,0,40,1
33,3,3,3,3,15024,0,50,1
29,1,3,0,3,0,0,40,1
59,1,3,3,3,0,0,40,1
34,0,3,0,3,0,0,40,1
41,6,3,3,3,15024,0,50,1
51,0,3,0,3,0,0,40,1
36,3,3,3,3,7298,0,50,1
45,3,1,1,2,4687,0,35,1
58,0,3,0,3,0,0,40,1
36,1,3,0,3,0,0,40,1
51,6,3,3,4,0,0,40,1
36,1,3,3,3,0,0,50,1
38,1,3,0,3,7688,0,40,1
41,1,3,0,3,0,0,40,1
61,6,3,3,3,0,0,50,1
32,0,3,1,3,0,1902,50,1
55,6,3,3,3,0,1977,40,1
30,3,3,3,3,0,0,40,1
42,3,3,1,4,0,0,40,1
60,0,3,0,3,7688,0,40,1
41,6,3,3,3,0,0,45,1
36,1,3,1,3,0,0,40,1
66,3,3,1,3,0,0,50,1
36,1,3,1,3,0,0,42,1
52,2,3,4,3,0,0,48,1
36,0,3,0,3,0,0,40,1
36,3,3,1,4,0,0,35,1
48,6,3,3,3,0,1977,45,1
48,3,3,0,3,0,0,40,1
49,3,3,0,3,0,0,40,1
36,1,3,0,3,0,0,40,1
46,1,3,0,3,0,0,40,1
43,0,1,1,2,0,0,50,1
31,0,3,1,4,0,0,40,1
56,0,1,0,1,0,0,50,1
57,6,1,3,1,0,0,50,1
45,3,3,0,3,0,0,35,1
46,4,3,2,3,7688,0,40,1
38,3,3,3,4,0,0,50,1
49,0,1,3,1,0,1564,40,1
56,3,3,1,3,5178,0,44,1
54,6,3,3,3,7688,0,40,1
53,0,3,0,3,0,0,40,1
41,3,3,3,3,0,0,50,1
49,2,3,0,3,0,0,40,1
46,3,3,1,3,0,0,45,1
52,3,3,2,3,0,0,48,1
36,3,3,1,3,0,0,40,1
39,6,3,3,3,0,0,48,1
35,3,3,1,3,0,0,45,1
26,3,3,1,3,0,0,40,1
37,0,3,1,3,0,1902,45,1
32,3,3,1,3,0,0,42,1
57,2,3,0,3,0,0,40,1
40,0,3,1,3,0,0,40,1
40,0,3,0,3,0,0,40,1
47,6,3,3,3,0,2415,45,1
50,3,3,1,3,15024,0,40,1
66,0,3,1,3,0,0,42,1
46,0,3,3,4,0,0,40,1
56,3,3,3,3,0,0,40,1
37,6,3,3,3,0,0,50,1
54,4,1,0,0,0,0,50,1
37,6,3,3,3,0,0,40,1
63,6,3,3,3,0,0,50,1
61,3,3,3,3,7688,0,40,1
44,2,3,0,3,0,1848,40,1
37,3,3,1,3,0,0,40,1
51,0,3,1,4,7688,0,40,1
31,3,3,3,4,0,0,50,1
44,1,3,0,3,0,0,50,1
35,3,3,3,3,0,0,40,1
50,3,1,1,1,0,0,40,1
44,1,3,3,3,0,0,50,1
51,6,3,3,4,0,0,40,1
49,1,3,3,3,15024,0,50,1
41,0,3,0,3,0,0,40,1
36,3,3,1,3,0,0,50,1
45,2,3,3,3,0,0,50,1
38,3,3,1,3,0,0,40,1
41,0,3,0,3,7688,0,42,1
47,3,3,1,3,0,0,45,1
37,6,3,3,4,0,0,45,1
44,3,3,1,3,0,0,40,1
39,3,3,1,3,0,0,45,1
32,6,3,3,3,0,0,40,1
51,0,3,3,3,0,0,40,1
45,0,1,3,2,0,0,38,1
41,1,3,2,3,0,0,45,1
59,1,3,0,3,0,0,40,1
32,6,3,3,3,0,1902,45,1
40,6,3,3,3,0,0,38,1
63,6,3,3,3,0,0,40,1
49,0,3,2,4,0,0,40,1
42,6,3,3,3,0,0,40,1
28,1,3,3,3,0,0,40,1
45,0,1,1,1,0,0,50,1
29,2,3,1,4,7688,0,45,1
45,6,0,3,1,0,0,50,1
50,6,3,3,3,7688,0,50,1
36,2,1,3,1,0,0,40,1
39,3,3,3,4,0,0,50,1
39,2,3,3,3,0,0,50,1
35,2,3,2,4,0,0,35,1
38,3,3,1,3,0,1977,40,1
25,1,0,3,1,8614,0,45,1
45,3,3,3,3,0,0,40,1
33,0,3,0,3,0,0,50,1
46,1,3,1,3,0,0,40,1
49,1,3,3,3,15024,0,50,1
34,1,3,3,3,0,0,45,1
37,0,0,0,5,27828,0,48,1
77,0,4,3,1,0,0,40,1
58,6,1,1,2,0,0,40,1
36,3,3,1,3,0,0,40,1
53,3,3,1,3,0,0,40,1
38,3,3,3,4,7688,0,40,1
44,6,3,3,3,0,0,40,1
35,3,3,3,3,0,0,40,1
51,0,3,0,3,0,1902,40,1
59,6,3,3,3,0,0,40,1
22,3,0,3,1,14344,0,40,1
42,3,3,3,3,7298,0,45,1
34,3,3,3,3,0,0,38,1
39,6,0,1,1,0,0,50,1
39,6,3,3,3,0,0,40,1
62,3,3,3,3,0,0,50,1
46,2,3,1,3,0,1977,50,1
41,0,3,3,3,0,0,40,1
38,1,3,3,4,0,0,35,1
53,2,3,1,3,0,0,40,1
33,6,3,3,3,0,0,45,1
40,6,3,3,3,0,1887,50,1
32,4,3,1,3,0,0,40,1
39,1,3,3,3,0,0,40,1
35,0,3,3,3,0,0,50,1
37,0,3,1,3,0,0,45,1
40,0,3,0,3,0,0,40,1
28,3,3,1,3,0,1887,40,1
44,1,3,1,3,0,0,50,1
29,6,0,3,0,0,0,50,1
47,3,3,3,3,15024,0,50,1
47,6,3,3,4,4386,0,35,1
60,1,0,3,2,0,0,40,1
44,6,3,3,3,7688,0,50,1
71,5,3,0,3,6514,0,40,1
45,0,1,1,1,0,0,50,1
54,0,3,0,3,0,0,40,1
51,1,3,0,3,7298,0,40,1
55,1,3,3,3,0,0,40,1
41,3,1,3,1,0,0,45,1
43,3,3,1,3,0,1887,40,1
29,0,3,3,3,0,0,40,1
29,2,3,1,3,0,0,42,1
40,0,3,0,3,0,0,50,1
54,0,3,0,4,0,0,40,1
48,4,3,0,3,0,0,40,1
52,2,3,0,3,0,0,48,1
39,3,3,3,3,0,0,50,1
52,6,3,3,3,0,0,40,1
56,0,3,3,3,0,0,40,1
43,0,0,1,2,8614,0,43,1
41,3,3,1,3,0,0,45,1
47,6,3,3,3,0,1977,41,1
33,6,3,3,3,0,0,40,1
58,6,3,3,3,0,0,46,1
48,6,1,3,0,0,0,50,1
42,6,0,3,1,14084,0,50,1
42,2,3,1,3,0,0,45,1
51,3,3,3,3,0,0,50,1
43,3,3,3,3,0,0,50,1
34,6,3,3,3,0,0,50,1
25,3,0,3,1,0,2444,40,1
25,4,3,0,3,5178,0,40,1
45,1,3,1,3,15024,0,37,1
35,2,3,1,3,0,1887,45,1
42,1,3,0,3,0,0,40,1
47,0,3,0,3,0,0,40,1
39,1,1,3,1,0,0,50,1
30,0,3,0,3,0,0,40,1
43,0,3,3,3,0,0,45,1
50,3,3,2,3,0,0,40,1
28,1,3,3,3,0,0,40,1
38,1,3,1,3,0,0,40,1
42,3,3,3,4,0,0,50,1
38,6,3,3,3,0,0,40,1
30,0,3,3,3,0,1887,50,1
67,0,3,1,3,0,0,40,1
32,2,3,1,3,0,0,45,1
38,0,3,0,4,3103,0,50,1
30,3,3,2,3,0,0,40,1
30,1,3,1,3,0,0,40,1
40,3,3,1,3,0,0,45,1
34,6,3,3,3,0,0,50,1
55,0,3,0,3,0,0,45,1
50,0,3,0,3,3103,0,40,1
37,1,3,0,3,0,0,50,1
52,0,3,0,3,0,0,40,1
52,0,3,3,3,7298,0,40,1
41,1,3,1,3,0,0,40,1
30,3,3,2,3,0,0,40,1
41,0,3,1,3,0,0,40,1
58,3,3,3,3,0,0,45,1
40,6,3,3,3,0,0,35,1
53,6,1,3,1,14084,0,50,1
44,0,3,3,4,0,0,40,1
44,1,3,1,3,0,1902,40,1
64,0,3,1,3,0,0,40,1
47,1,3,0,3,0,1887,40,1
48,2,3,2,3,0,0,40,1
43,3,3,3,4,3103,0,40,1
27,2,3,3,3,0,0,44,1
54,3,1,3,1,0,0,45,1
25,1,3,3,3,0,0,40,1
39,2,3,3,3,0,0,50,1
49,3,3,3,3,0,0,45,1
34,0,1,0,1,0,0,48,1
43,1,3,3,3,0,0,40,1
41,6,3,1,4,0,1902,35,1
52,1,3,1,3,0,0,48,1
54,4,3,2,4,0,0,40,1
22,3,0,3,1,14344,0,40,1
47,0,3,1,4,0,0,40,1
41,6,3,3,3,15024,0,40,1
61,3,3,3,3,7688,0,40,1
30,0,3,2,3,0,0,40,1
44,1,3,1,3,0,0,40,1
45,1,3,1,3,0,0,50,1
46,0,3,1,3,0,1887,45,1
44,0,3,0,3,0,0,45,1
39,2,3,2,3,0,1485,38,1
62,6,3,3,3,0,0,40,1
59,1,3,0,3,0,0,40,1
29,3,3,3,4,0,0,46,1
45,0,3,0,3,0,0,40,1
35,2,3,3,3,0,0,40,1
57,1,3,1,3,0,0,50,1
46,6,3,3,3,15024,0,40,1
46,4,3,0,3,0,0,45,1
30,6,3,3,3,0,0,50,1
34,0,3,2,3,0,0,40,1
41,3,3,3,3,0,0,45,1
42,0,3,0,3,0,0,40,1
44,6,3,3,3,0,0,40,1
52,1,3,2,3,0,0,35,1
36,3,3,0,3,0,0,48,1
49,0,3,1,3,0,0,40,1
57,0,3,1,4,0,0,38,1
37,3,3,3,3,0,0,45,1
40,3,3,1,3,0,0,40,1
48,3,2,1,0,0,0,50,1
42,0,3,0,4,0,0,40,1
60,3,3,3,3,0,0,50,1
47,1,3,0,3,0,0,40,1
49,0,1,1,1,0,0,50,1
25,0,3,2,3,0,1902,40,1
54,1,3,0,3,0,0,40,1
44,3,3,3,3,0,0,40,1
33,1,3,0,3,0,0,50,1
60,3,3,3,3,0,0,45,1
43,3,3,3,3,0,0,45,1
25,2,3,0,3,0,0,40,1
42,6,3,3,3,7688,0,40,1
52,0,3,0,3,0,0,48,1
24,1,3,3,4,0,0,40,1
29,2,3,2,3,0,0,40,1
31,0,3,0,3,0,0,40,1
42,2,3,3,3,0,0,40,1
48,2,3,3,3,0,1902,38,1
51,0,3,0,3,0,0,40,1
62,0,3,4,3,6418,0,40,1
47,6,3,3,3,0,2415,45,1
36,0,3,0,3,0,0,45,1
43,0,3,0,3,0,0,38,1
39,3,3,0,5,0,0,35,1
31,3,3,3,3,0,0,45,1
45,1,3,1,3,15024,0,37,1
68,0,3,4,3,0,0,50,1
27,0,3,4,3,0,0,40,1
40,2,3,3,3,0,0,40,1
53,0,3,0,3,5178,0,45,1
52,6,3,3,3,0,0,50,1
40,3,3,3,3,0,0,40,1
38,2,3,1,4,7688,0,33,1
36,0,3,0,3,0,1887,40,1
53,3,3,1,3,0,1902,40,1
59,0,3,1,3,0,0,45,1
45,6,1,0,1,14344,0,48,1
49,6,3,3,3,0,0,50,1
22,1,3,2,3,0,0,40,1
56,3,3,1,3,0,0,40,1
49,3,3,1,3,0,0,40,1
57,0,3,0,3,0,0,48,1
47,3,3,1,3,0,0,40,1
33,0,3,0,3,0,0,40,1
43,0,3,3,3,0,0,40,1
33,3,3,3,3,0,0,40,1
48,0,3,1,4,0,0,40,1
43,0,3,0,3,0,0,40,1
34,6,3,3,3,0,0,50,1
39,0,3,0,3,0,0,40,1
32,3,3,3,3,7688,0,40,1
49,2,3,1,4,0,1902,40,1
41,3,1,1,1,0,0,40,1
38,3,3,3,3,0,0,45,1
50,0,3,0,3,0,0,40,1
38,2,3,0,3,4386,0,40,1
59,0,3,1,3,0,0,50,1
55,0,3,0,3,4386,0,40,1
52,0,3,0,3,0,0,40,1
64,0,4,1,1,0,0,40,1
51,3,1,1,2,0,2824,40,1
28,1,3,3,3,0,0,40,1
58,0,3,0,3,0,0,40,1
38,1,3,0,3,0,0,48,1
51,6,3,3,3,0,2415,40,1
43,6,1,3,2,0,2547,40,1
45,1,3,3,4,0,0,36,1
37,0,3,1,3,0,0,50,1
24,1,3,1,3,0,0,50,1
58,2,3,0,3,0,0,40,1
42,1,3,0,3,5178,0,50,1
42,6,3,3,3,0,0,50,1
54,3,3,0,3,0,0,40,1
44,3,1,3,0,0,0,50,1
39,0,3,0,3,0,0,40,1
40,3,3,3,3,0,0,45,1
46,0,3,3,3,3103,0,50,1
71,3,1,1,1,0,1911,38,1
50,1,3,2,3,7298,0,40,1
30,0,3,2,3,0,0,40,1
42,6,3,3,3,0,0,40,1
28,2,3,1,3,0,0,45,1
44,2,3,1,3,0,0,40,1
52,1,3,3,3,0,0,40,1
53,6,3,3,3,7688,0,35,1
43,1,3,0,3,0,0,40,1
33,0,3,3,3,5178,0,50,1
52,6,3,1,3,0,0,40,1
54,6,0,3,1,0,0,40,1
31,3,3,1,3,0,0,40,1
34,0,3,1,3,0,0,45,1
41,1,3,0,3,0,0,40,1
46,6,3,3,3,0,0,45,1
39,3,1,3,2,0,0,50,1
46,3,1,3,1,0,0,45,1
46,3,3,2,3,0,0,40,1
48,0,3,0,3,0,0,40,1
78,0,4,1,1,0,0,45,1
32,3,3,3,3,0,0,40,1
34,6,3,3,4,0,0,40,1
48,6,3,3,4,0,0,40,1
49,3,3,3,3,15024,0,50,1
48,0,3,0,3,0,0,40,1
39,1,3,1,3,0,0,35,1
36,0,3,0,3,0,0,40,1
48,3,1,1,2,0,0,40,1
39,0,3,1,4,0,0,40,1
58,3,3,3,3,0,0,40,1
61,3,3,3,3,7688,0,40,1
42,2,3,1,3,0,0,45,1
30,0,3,3,3,0,1887,50,1
44,3,3,3,3,0,0,40,1
46,3,3,1,3,0,0,50,1
59,0,3,0,3,0,1887,40,1
56,0,3,1,3,0,0,50,1
46,2,3,3,3,0,0,44,1
29,3,3,3,3,0,0,45,1
37,2,3,3,3,0,0,45,1
60,3,3,3,3,0,0,50,1
32,1,3,0,3,0,1485,45,1
37,1,3,0,4,0,0,40,1
47,0,3,0,3,0,0,40,1
37,3,3,3,3,5178,0,40,1
41,1,1,3,2,0,0,40,1
47,2,3,0,3,0,0,40,1
43,1,3,1,3,7298,0,40,1
26,2,3,1,4,0,0,40,1
33,6,3,3,3,0,1902,45,1
58,6,3,0,3,0,0,35,1
41,0,3,0,3,7298,0,50,1
48,0,3,0,3,0,0,40,1
53,4,3,0,3,0,0,48,1
45,6,3,3,3,0,1902,50,1
30,0,3,0,3,0,1848,50,1
58,1,3,0,3,0,0,40,1
39,2,3,3,3,0,0,45,1
43,3,3,1,3,0,0,40,1
40,0,3,0,3,0,1887,40,1
40,3,3,0,3,0,0,40,1
51,0,3,0,3,4386,0,40,1
42,3,3,1,3,0,0,40,1
47,0,3,3,3,0,2415,50,1
33,3,3,3,4,0,0,40,1
44,3,3,3,3,7688,0,50,1
42,6,3,3,3,0,0,40,1
46,6,3,3,3,0,0,38,1
41,6,3,3,3,0,1902,40,1
32,0,3,0,3,0,0,40,1
54,3,3,1,3,0,0,50,1
28,3,0,3,1,0,1564,50,1
38,3,3,1,3,0,0,40,1
42,0,3,1,4,0,0,40,1
45,3,0,3,1,0,0,40,1
35,3,3,1,3,15024,0,45,1
41,3,3,1,3,0,0,40,1
58,6,3,3,3,0,0,50,1
39,3,3,3,3,0,0,45,1
33,1,3,2,3,0,1887,40,1
51,0,3,1,3,0,0,48,1
29,0,3,0,3,0,0,50,1
46,6,3,3,3,15024,0,50,1
42,3,3,3,4,0,0,40,1
46,0,3,2,3,7298,0,40,1
52,0,3,0,3,0,0,50,1
49,3,3,3,3,0,0,40,1
48,3,3,1,3,0,0,40,1
43,3,3,1,3,0,0,50,1
50,6,3,3,3,15024,0,50,1
38,0,3,0,3,7298,0,50,1
57,3,3,3,3,0,0,40,1
32,2,3,1,3,0,0,45,1
36,0,1,0,1,8614,0,45,1
65,0,3,3,3,0,0,40,1
28,1,3,0,3,7298,0,40,1
37,6,0,3,1,0,0,38,1
40,6,0,3,1,0,0,45,1
34,0,3,1,3,0,0,45,1
35,1,0,3,0,0,0,45,1
58,0,3,0,3,0,0,40,1
28,1,3,0,3,0,0,45,1
41,6,3,3,3,0,0,40,1
25,3,3,3,3,0,0,45,1
56,1,3,3,3,0,0,40,1
43,3,3,3,3,0,0,48,1
32,6,3,3,3,15024,0,50,1
44,6,3,3,3,0,0,45,1
37,1,3,1,3,0,0,45,1
38,1,3,3,5,0,0,50,1
40,6,3,3,3,0,0,40,1
49,1,1,3,1,0,0,45,1
37,3,3,1,3,0,0,50,1
59,0,3,0,3,0,0,35,1
46,1,3,0,3,0,0,50,1
30,2,0,0,1,4787,0,50,1
37,3,3,1,3,0,0,40,1
37,3,3,3,4,0,0,48,1
49,1,3,0,3,0,1485,40,1
49,6,0,3,1,0,0,40,1
34,6,3,3,3,3103,0,40,1
46,3,3,1,3,0,0,50,1
35,6,3,3,3,0,0,50,1
50,0,3,0,3,0,1848,48,1
54,4,1,0,2,0,0,45,1
30,3,3,1,3,0,1902,40,1
43,3,0,3,1,0,0,45,1
27,0,3,2,4,0,0,40,1
54,1,3,0,3,0,0,40,1
44,6,1,3,1,0,0,45,1
41,6,3,3,3,0,0,45,1
36,0,3,3,3,0,0,45,1
44,1,3,3,3,0,0,50,1
36,0,1,3,0,0,0,40,1
31,6,0,1,0,27828,0,40,1
54,1,3,1,3,7298,0,50,1
47,3,3,0,3,15024,0,50,1
34,2,1,1,1,0,0,50,1
38,2,3,1,3,3103,0,40,1
44,4,3,0,3,0,0,40,1
40,0,3,1,3,0,0,40,1
43,1,3,3,4,0,0,40,1
59,2,3,0,3,0,0,45,1
41,6,4,3,1,10520,0,38,1
53,6,0,3,1,0,0,50,1
47,2,3,1,4,0,0,35,1
27,3,3,1,3,0,0,45,1
51,4,4,0,1,0,1564,40,1
51,0,3,0,3,0,1902,42,1
29,1,3,1,4,0,0,40,1
43,3,3,1,3,0,1887,40,1
30,6,1,3,1,0,0,50,1
54,0,3,1,4,0,0,40,1
52,2,3,2,3,7298,0,40,1
45,1,3,1,4,0,0,40,1
47,0,3,0,3,0,0,40,1
41,0,0,0,1,14344,0,40,1
50,6,3,3,4,15024,0,40,1
50,1,3,3,3,7298,0,45,1
50,0,3,3,3,7298,0,40,1
37,0,0,0,5,27828,0,48,1
40,0,3,0,3,0,0,45,1
36,1,3,0,3,0,1887,40,1
52,6,3,3,3,15024,0,40,1
51,3,3,3,3,0,0,40,1
57,6,3,3,3,0,0,36,1
27,4,3,1,3,0,0,40,1
42,1,3,0,3,7688,0,45,1
52,0,3,3,4,0,0,40,1
47,3,3,3,3,0,0,45,1
51,1,3,2,4,0,0,40,1
58,6,3,3,3,7688,0,45,1
37,1,3,0,3,0,0,40,1
31,3,3,0,3,0,0,50,1
58,0,3,1,3,7688,0,40,1
51,1,3,0,3,0,0,40,1
40,1,3,0,3,0,0,40,1
33,1,3,3,4,0,0,40,1
58,3,3,3,3,0,0,40,1
52,2,3,2,3,0,0,40,1
28,2,0,4,0,10520,0,45,1
40,1,3,1,3,5178,0,40,1
39,1,3,4,3,0,0,50,1
61,4,3,0,3,0,0,45,1
46,6,3,3,3,0,1887,45,1
51,0,3,1,4,7688,0,40,1
42,6,3,3,3,0,0,38,1
39,0,3,0,3,0,0,40,1
59,6,3,3,3,0,0,50,1
49,1,3,0,3,0,1485,40,1
54,4,1,0,0,0,0,50,1
33,1,3,2,3,0,0,50,1
38,3,3,3,4,7688,0,40,1
48,6,3,3,3,0,0,50,1
30,6,3,3,3,0,0,45,1
35,3,4,1,1,0,0,40,1
42,3,3,3,4,0,0,50,1
55,3,3,3,3,0,1887,40,1
35,3,3,1,3,0,0,50,1
46,0,3,1,3,0,1485,40,1
51,6,3,3,3,0,0,40,1
44,2,3,2,3,7298,0,48,1
30,0,3,0,3,0,0,40,1
50,2,3,2,3,0,1977,40,1
29,0,3,2,4,4386,0,40,1
55,3,3,3,3,0,0,40,1
43,1,3,3,3,0,0,40,1
30,1,0,1,1,0,0,50,1
26,1,3,0,3,0,0,45,1
29,1,0,2,1,0,0,41,1
43,2,3,1,4,0,0,40,1
35,6,3,3,3,0,0,45,1
35,1,3,0,3,0,1887,40,1
52,3,3,3,3,0,0,40,1
56,0,3,3,3,0,0,40,1
42,3,3,1,4,0,0,40,1
54,3,3,3,4,3103,0,40,1
42,3,3,3,3,7688,0,40,1
60,0,1,3,1,10520,0,40,1
54,0,1,1,1,0,0,42,1
36,3,3,3,4,0,0,40,1
59,3,3,0,3,0,0,48,1
40,0,3,0,3,0,0,40,1
35,6,3,3,3,0,1887,40,1
64,0,4,1,1,0,0,40,1
34,1,3,3,3,0,0,40,1
66,0,3,3,3,10605,0,40,1
54,0,3,0,4,0,0,40,1
40,2,3,0,3,0,0,40,1
58,1,3,0,3,7688,0,40,1
49,3,3,1,3,0,1977,50,1
37,3,3,3,5,0,0,40,1
56,6,3,0,3,0,1977,44,1
45,3,3,1,4,0,0,42,1
48,1,3,1,3,3103,0,40,1
36,1,3,1,3,0,0,40,1
60,3,3,1,3,0,0,46,1
45,3,3,4,3,7298,0,40,1
35,0,1,1,1,0,0,50,1
39,6,3,3,3,0,1848,50,1
35,0,3,0,3,0,0,50,1
56,3,3,3,3,7688,0,40,1
44,1,3,0,3,7688,0,40,1
47,1,1,1,2,0,0,50,1
30,1,3,3,3,0,0,50,1
32,2,3,0,3,0,0,40,1
44,0,3,1,4,0,0,40,1
27,3,0,3,1,13550,0,40,1
57,0,3,1,3,0,0,45,1
41,3,3,3,3,0,0,40,1
67,0,4,3,1,15831,0,40,1
55,0,3,0,3,0,0,40,1
32,6,0,3,1,14084,0,40,1
46,0,3,1,3,0,1887,45,1
29,3,3,3,3,0,0,40,1
53,1,3,0,3,0,0,36,1
42,2,3,3,4,7298,0,35,1
46,0,3,0,3,0,0,40,1
50,0,3,1,3,7298,0,45,1
38,3,0,1,1,0,0,50,1
54,0,3,3,3,0,1887,40,1
32,3,3,1,3,15024,0,50,1
62,0,3,3,3,0,0,40,1
48,1,3,0,3,0,0,45,1
52,2,4,3,2,13550,0,40,1
46,3,3,3,3,15024,0,45,1
38,3,3,1,3,7298,0,40,1
37,3,3,3,3,0,0,50,1
49,3,3,3,4,0,0,40,1
47,1,3,1,3,0,0,40,1
24,0,3,0,3,4386,0,40,1
47,3,3,3,3,0,0,40,1
39,3,3,3,3,0,0,35,1
42,0,3,0,3,7298,0,40,1
37,2,3,3,4,0,0,40,1
60,0,3,1,4,0,0,40,1
27,6,3,3,3,0,0,40,1
64,6,3,3,3,0,0,40,1
45,6,3,3,3,0,0,50,1
45,1,3,1,4,0,0,40,1
54,3,3,3,3,15024,0,40,1
44,3,3,3,3,0,0,40,1
56,6,1,3,1,0,0,40,1
39,3,3,3,3,15024,0,50,1
41,3,3,3,3,0,0,40,1
40,3,3,1,3,0,0,40,1
44,0,3,0,3,7298,0,40,1
40,3,2,3,1,13550,0,40,1
30,1,0,0,1,0,0,40,1
40,6,3,3,3,0,0,50,1
39,1,3,0,3,0,0,50,1
46,1,3,1,3,0,0,40,1
46,6,3,3,4,0,1902,52,1
40,3,3,3,3,0,0,45,1
39,3,3,3,3,0,0,50,1
39,3,1,2,1,0,0,40,1
50,6,3,3,3,0,0,40,1
47,6,1,3,1,0,0,40,1
45,6,3,3,3,0,0,50,1
41,3,3,3,3,0,0,40,1
31,0,3,2,3,0,0,40,1
55,1,3,3,3,0,1977,45,1
37,1,1,3,1,0,0,40,1
54,4,3,3,3,0,0,45,1
47,3,3,3,3,0,1902,45,1
40,3,2,1,1,0,0,40,1
39,6,3,3,3,7688,0,45,1
29,1,3,1,4,0,0,40,1
50,3,3,3,3,7688,0,50,1
46,2,3,3,3,0,0,40,1
42,6,3,3,3,0,0,38,1
57,6,3,3,3,0,0,35,1
57,0,3,0,3,0,0,50,1
56,0,3,3,3,0,0,40,1
37,2,3,3,4,0,1887,35,1
50,6,0,3,1,0,0,50,1
25,0,3,0,3,0,0,40,1
25,2,3,1,4,0,0,42,1
37,2,0,3,1,8614,0,40,1
45,3,3,1,3,0,1902,40,1
44,6,3,3,3,0,0,40,1
54,3,3,3,3,0,1902,40,1
51,3,1,3,1,0,2559,50,1
43,6,1,3,2,0,2547,40,1
45,6,3,3,3,7688,0,50,1
47,3,1,3,1,0,0,40,1
49,1,1,3,1,14344,0,45,1
38,6,1,3,1,0,0,50,1
26,0,3,0,3,0,0,40,1
44,2,3,3,3,0,0,40,1
57,3,1,3,1,0,0,45,1
53,3,3,3,3,0,1902,40,1
50,3,3,0,3,0,1887,50,1
39,3,0,1,1,8614,0,50,1
49,6,3,3,3,0,1902,40,1
54,3,3,1,3,0,0,40,1
37,6,3,1,3,0,0,50,1
27,0,3,1,3,4386,0,40,1
44,3,3,1,3,0,0,40,1
45,1,3,0,3,7688,0,45,1
37,3,3,3,3,0,1887,47,1
60,3,3,3,3,7298,0,40,1
49,0,3,1,4,0,0,40,1
44,1,3,0,3,0,0,40,1
35,0,3,0,3,0,0,45,1
45,6,0,3,1,0,0,50,1
51,1,1,3,1,0,0,40,1
54,1,3,3,3,0,1902,40,1
43,3,3,3,3,0,0,40,1
40,6,3,3,3,0,0,46,1
56,1,3,0,3,0,0,35,1
64,1,3,1,4,0,0,40,1
41,0,3,1,3,0,1902,40,1
31,3,3,3,4,0,1902,40,1
40,2,1,3,1,0,0,40,1
42,1,3,1,3,0,0,40,1
50,0,3,0,3,0,0,40,1
23,3,0,3,0,0,2258,40,1
50,0,3,0,3,0,0,50,1
30,3,3,1,3,0,0,40,1
66,3,3,3,3,20051,0,40,1
61,3,3,1,3,0,0,45,1
63,4,3,2,3,4386,0,37,1
33,2,1,0,2,0,0,40,1
50,0,3,0,3,0,1902,44,1
37,6,3,3,3,0,0,40,1
43,1,3,0,3,0,0,40,1
53,0,3,0,3,0,0,52,1
75,2,1,3,1,15831,0,50,1
32,0,3,0,3,0,0,40,1
29,1,0,2,1,0,0,41,1
51,3,3,3,3,0,0,35,1
39,6,3,3,4,15024,0,47,1
63,6,1,3,1,0,0,40,1
55,1,3,1,3,0,0,50,1
44,1,3,0,3,7688,0,45,1
47,0,3,0,4,15024,0,40,1
34,1,3,1,3,0,0,40,1
38,3,3,1,3,0,0,40,1
46,1,3,0,3,4386,0,38,1
29,3,3,3,4,0,0,46,1
56,6,3,3,3,0,0,45,1
46,6,0,3,1,0,1564,50,1
46,1,3,0,3,4386,0,38,1
43,3,3,1,3,0,0,40,1
37,1,3,3,3,0,0,50,1
50,2,3,0,3,3103,0,40,1
32,3,3,3,3,0,0,40,1
32,3,3,3,3,0,0,40,1
29,3,3,3,3,0,0,40,1
29,3,3,3,3,0,0,50,1
33,0,0,0,1,0,0,40,1
45,2,3,0,3,0,0,45,1
43,0,3,0,3,0,0,40,1
27,4,3,0,3,0,1902,40,1
35,3,3,3,3,0,0,45,1
56,6,3,3,3,0,0,50,1
36,0,3,3,3,15024,0,40,1
58,6,3,3,3,0,0,40,1
29,3,0,3,1,0,2258,45,1
36,1,3,2,3,0,0,40,1
38,3,0,3,1,13550,0,40,1
50,2,3,3,3,0,0,48,1
47,0,3,0,3,0,0,48,1
44,3,0,1,1,0,0,50,1
51,1,3,1,3,0,0,40,1
58,6,3,3,4,0,1485,35,1
30,3,3,3,3,0,0,47,1
34,3,0,3,1,0,0,40,1
61,3,3,3,3,0,1902,40,1
50,1,3,0,3,0,0,40,1
40,0,3,1,4,0,0,46,1
46,4,3,0,3,0,0,40,1
46,3,3,1,3,0,0,50,1
29,3,3,3,3,7688,0,40,1
44,6,3,3,3,0,0,50,1
46,6,3,3,3,7688,0,45,1
56,0,3,0,3,0,0,40,1
66,3,3,1,3,0,0,40,1
37,2,3,1,3,0,1887,40,1
34,0,0,0,1,0,0,45,1
53,0,3,1,3,0,1977,40,1
32,3,3,3,3,0,0,40,1
39,0,3,0,3,0,0,50,1
46,6,3,3,3,0,1902,45,1
54,3,3,1,3,0,0,50,1
46,4,3,0,3,0,1902,40,1
59,0,3,0,3,0,1887,40,1
47,0,1,3,5,14084,0,38,1
75,1,4,1,1,0,0,40,1
34,3,3,2,3,0,0,40,1
38,2,3,1,3,3103,0,40,1
42,1,3,0,4,0,0,45,1
53,0,3,1,3,0,0,40,1
43,0,3,1,4,0,0,50,1
35,3,3,3,3,7298,0,45,1
57,5,3,0,3,0,0,40,1
35,3,3,0,3,0,0,40,1
32,4,1,1,1,0,0,43,1
59,0,3,0,3,0,0,40,1
56,5,3,0,3,0,0,50,1
57,3,3,3,3,0,0,45,1
56,0,3,0,3,0,0,48,1
63,0,4,3,2,0,0,50,1
30,2,3,3,3,0,0,40,1
36,6,3,3,3,15024,0,50,1
62,2,3,3,4,0,0,45,1
51,3,3,2,3,7298,0,40,1
51,3,3,2,3,0,0,40,1
52,3,3,0,3,0,0,40,1
71,1,3,3,3,20051,0,50,1
36,0,3,0,3,0,0,40,1
50,0,3,0,3,0,0,45,1
36,6,1,1,1,0,0,40,1
50,0,3,0,3,0,0,40,1
37,3,3,3,5,0,0,40,1
28,3,3,3,3,0,0,45,1
49,6,1,1,2,7430,0,40,1
27,3,3,3,3,0,0,42,1
33,2,3,1,3,0,0,40,1
24,3,3,3,4,7688,0,45,1
42,6,3,3,3,0,1902,43,1
44,6,3,3,4,0,0,40,1
48,3,3,3,3,0,0,50,1
29,3,0,1,1,0,1564,40,1
32,1,3,0,3,5178,0,50,1
55,0,3,0,3,7688,0,40,1
52,1,3,3,3,0,1977,50,1
41,6,0,3,1,27828,0,50,1
48,6,3,3,3,0,0,40,1
28,3,3,3,3,0,0,50,1
39,0,3,1,3,0,0,50,1
38,2,3,1,3,0,0,50,1
42,1,2,3,1,0,0,40,1
56,3,3,3,3,0,0,40,1
36,3,3,3,3,0,0,40,1
51,0,3,0,3,0,0,40,1
24,3,3,1,3,0,0,45,1
44,3,3,3,3,0,0,40,1
31,0,3,2,3,0,0,41,1
43,2,3,1,3,7688,0,50,1
36,6,3,3,3,0,0,40,1
66,1,3,1,3,5556,0,40,1
51,3,1,1,2,0,2824,40,1
41,6,3,3,3,0,2415,50,1
38,1,3,0,3,0,0,43,1
40,2,3,3,3,7298,0,36,1
54,1,3,2,3,0,0,40,1
45,0,3,3,3,0,0,45,1
51,0,3,3,3,7688,0,50,1
34,1,3,3,3,0,1902,38,1
35,2,3,1,3,0,0,40,1
47,6,3,3,3,0,0,40,1
59,6,3,3,3,0,2415,45,1
34,3,3,3,3,0,0,40,1
52,1,3,3,3,7688,0,40,1
47,2,3,0,3,0,0,40,1
65,1,3,1,3,0,0,40,1
37,2,3,0,3,0,1887,40,1
57,3,3,3,3,0,0,40,1
46,3,3,1,3,0,2415,35,1
56,0,3,1,3,0,0,40,1
54,6,3,3,3,0,0,40,1
29,6,3,3,4,0,0,40,1
47,6,3,3,3,0,0,40,1
56,0,3,1,3,0,1977,40,1
40,3,3,3,3,0,1977,50,1
42,3,3,0,3,0,0,48,1
36,3,3,1,3,0,0,40,1
41,1,3,1,4,0,0,40,1
67,3,3,3,3,0,0,40,1
41,1,3,1,4,0,0,40,1
30,0,3,0,3,0,0,40,1
33,2,3,0,3,0,0,40,1
52,3,3,3,3,0,0,40,1
34,1,3,1,3,0,0,40,1
36,3,3,1,3,0,1887,35,1
30,1,3,2,3,15024,0,40,1
45,3,3,3,3,0,0,45,1
57,1,3,0,3,0,0,40,1
32,3,3,1,3,0,1977,45,1
43,3,3,3,3,0,0,50,1
39,1,3,0,3,0,0,40,1
61,0,1,0,1,0,1564,40,1
45,6,3,3,3,7688,0,50,1
46,6,0,3,1,0,1564,45,1
42,3,3,1,3,0,0,40,1
37,6,3,3,3,0,0,45,1
43,3,3,1,3,0,0,40,1
46,3,3,0,3,0,0,40,1
33,0,3,1,4,0,1902,40,1
25,1,0,3,1,8614,0,45,1
38,3,3,1,3,0,0,52,1
50,0,3,0,3,0,0,40,1
33,3,3,3,4,0,0,40,1
29,3,3,3,3,0,0,50,1
65,6,3,1,5,0,0,40,1
32,3,3,1,3,0,1977,45,1
51,0,3,0,3,0,0,40,1
29,3,3,3,3,5178,0,45,1
60,3,3,3,3,0,0,50,1
46,6,3,3,3,0,1902,45,1
46,5,3,2,4,0,0,40,1
54,0,3,0,3,7688,0,40,1
32,1,3,3,4,0,0,40,1
49,0,3,1,3,0,0,50,1
46,3,3,2,3,0,0,40,1
39,3,3,3,4,0,0,36,1
44,1,3,1,3,0,1902,40,1
44,1,3,1,3,0,0,40,1
22,4,0,3,1,0,0,50,1
45,3,3,0,3,0,0,35,1
71,3,3,3,3,9386,0,50,1
28,6,3,3,4,7688,0,35,1
36,1,3,3,4,0,0,40,1
48,2,3,0,3,0,0,48,1
39,1,3,0,3,0,0,40,1
23,1,3,0,3,0,0,40,1
42,3,3,3,3,7688,0,50,1
33,3,3,1,3,0,0,45,1
46,3,3,3,3,0,0,35,1
34,3,3,3,3,0,0,45,1
24,3,3,3,3,0,0,40,1
40,3,3,1,3,0,0,45,1
32,3,3,1,4,0,0,40,1
37,6,3,2,3,7688,0,50,1
56,3,3,3,3,0,0,40,1
52,3,3,3,3,0,0,40,1
40,2,3,1,3,0,0,40,1
57,4,3,0,3,0,0,40,1
38,2,3,1,3,0,0,50,1
47,6,3,1,3,0,0,40,1
27,3,1,3,1,0,0,40,1
43,6,3,3,3,0,0,50,1
58,6,3,3,3,0,0,45,1
44,3,0,3,0,10520,0,40,1
34,0,3,0,3,7688,0,40,1
46,6,3,1,3,0,0,40,1
58,6,3,3,3,0,1977,50,1
49,6,3,3,3,15024,0,50,1
46,3,3,1,4,0,0,40,1
31,0,3,0,3,0,0,40,1
39,3,1,3,1,13550,0,50,1
48,1,3,3,3,0,0,40,1
27,1,0,2,0,0,0,40,1
44,0,3,3,4,0,0,40,1
46,0,3,3,3,0,0,40,1
33,3,3,3,4,0,0,40,1
44,1,0,1,1,13550,0,50,1
49,2,1,3,1,0,0,45,1
46,3,3,1,3,0,1977,40,1
53,1,3,1,3,0,0,50,1
44,1,3,3,3,0,0,40,1
26,0,3,2,3,3103,0,40,1
50,0,3,0,3,0,0,40,1
54,3,3,3,3,0,1977,40,1
38,6,1,3,1,0,0,45,1
64,1,0,1,1,0,0,40,1
34,2,3,3,4,0,0,40,1
44,6,3,3,3,0,1977,50,1
40,1,3,3,3,0,0,40,1
55,0,3,3,3,0,0,40,1
66,3,3,3,3,10605,0,40,1
62,1,0,0,1,8614,0,39,1
40,3,3,3,3,0,1977,40,1
36,6,3,3,3,0,0,50,1
51,1,3,0,3,0,0,40,1
36,1,3,3,3,0,0,50,1
29,0,3,0,3,0,0,40,1
36,2,3,3,3,0,0,50,1
39,0,3,1,3,0,0,40,1
38,1,3,1,3,0,0,40,1
58,1,3,0,3,0,0,40,1
43,1,3,0,3,0,0,40,1
48,0,3,0,3,4386,0,40,1
43,1,3,3,3,0,0,45,1
32,2,3,1,3,0,0,45,1
48,3,3,3,3,7688,0,40,1
36,0,3,0,4,0,0,40,1
63,0,0,3,1,8614,0,38,1
55,0,3,3,3,0,0,40,1
47,0,3,0,3,0,0,40,1
41,0,3,3,3,7688,0,43,1
29,3,3,0,3,0,0,50,1
59,2,3,3,3,5178,0,50,1
52,6,3,3,3,0,1902,50,1
48,1,3,0,5,0,0,40,1
27,0,3,3,3,0,0,45,1
44,3,1,1,2,0,0,44,1
65,1,3,3,3,0,2174,40,1
40,6,3,3,3,0,0,40,1
35,2,3,3,3,0,0,50,1
43,2,3,3,3,3103,0,48,1
44,0,0,0,0,0,0,40,1
61,3,3,3,3,0,1848,40,1
37,3,3,1,3,0,0,40,1
55,1,3,2,3,0,0,50,1
58,1,3,1,3,0,1977,50,1
52,0,3,0,3,0,0,40,1
39,3,0,1,1,8614,0,50,1
47,0,3,0,3,0,0,40,1
45,3,3,0,3,0,0,40,1
57,3,1,3,1,0,0,45,1
37,1,3,3,3,0,0,40,1
46,6,3,3,3,0,1977,42,1
49,3,3,3,3,0,0,45,1
45,0,3,1,3,0,0,50,1
51,1,1,1,2,0,2547,40,1
50,0,3,0,3,0,0,50,1
54,3,3,3,3,0,1977,40,1
63,1,3,0,3,0,0,35,1
48,6,3,3,3,0,0,40,1
47,0,3,1,3,0,0,40,1
26,1,0,0,1,0,0,45,1
47,1,3,1,3,0,0,44,1
43,3,3,4,3,0,0,50,1
44,0,3,0,3,0,0,40,1
32,1,3,4,3,0,0,50,1
59,1,3,0,3,0,0,40,1
31,3,3,3,4,0,1902,35,1
63,0,4,3,2,0,0,50,1
36,6,3,1,3,0,1977,40,1
51,0,0,4,1,8614,0,40,1
61,0,3,3,3,0,0,35,1
36,3,3,3,3,0,1485,50,1
50,3,0,3,0,0,0,40,1
43,1,3,0,3,0,0,44,1
43,1,3,0,3,0,0,48,1
39,3,3,3,3,0,0,50,1
42,1,3,0,3,0,0,40,1
46,3,0,1,1,0,0,45,1
45,0,1,4,1,0,2258,44,1
35,0,3,0,3,3103,0,40,1
50,6,3,1,4,0,0,40,1
53,5,3,3,3,0,0,40,1
51,6,3,3,4,0,0,40,1
33,0,3,0,3,0,0,50,1
41,6,3,3,3,0,0,45,1
59,1,3,3,3,0,1977,48,1
44,3,3,3,3,0,0,50,1
37,2,3,0,3,0,0,40,1
52,4,3,0,3,0,1887,47,1
60,1,1,0,0,0,0,44,1
39,3,0,1,1,8614,0,50,1
48,0,3,0,3,0,0,40,1
50,2,3,0,3,0,0,50,1
66,0,3,0,3,0,0,50,1
54,3,0,1,1,14084,0,40,1
58,4,1,0,1,14084,0,40,1
34,0,1,0,1,0,0,48,1
58,6,3,3,3,0,0,50,1
53,1,0,1,1,0,0,50,1
41,1,3,1,3,0,0,40,1
35,6,3,3,3,0,0,40,1
56,3,3,3,4,15024,0,40,1
50,6,3,3,4,15024,0,40,1
35,6,0,0,1,0,0,50,1
36,0,3,1,3,0,0,40,1
44,1,3,0,3,0,0,38,1
40,1,3,1,3,0,0,50,1
46,0,3,0,4,0,0,40,1
41,6,3,3,3,15024,0,50,1
38,3,3,1,3,0,0,40,1
29,0,3,3,3,0,0,40,1
36,1,3,3,3,0,0,52,1
51,3,1,3,2,0,0,40,1
62,0,3,3,3,0,0,40,1
53,2,3,1,3,0,0,40,1
47,6,1,1,1,27828,0,40,1
64,0,3,3,3,0,0,45,1
54,3,3,3,3,0,0,40,1
30,2,3,3,4,0,0,36,1
30,3,3,3,3,0,0,50,1
31,1,3,3,3,15024,0,50,1
27,3,3,3,3,0,1977,50,1
38,4,3,0,3,3103,0,40,1
37,3,3,3,3,0,0,50,1
41,6,3,3,3,0,0,46,1
59,6,1,3,1,0,0,40,1
43,2,3,3,3,3103,0,40,1
41,1,3,0,3,0,0,48,1
31,0,3,1,4,0,0,40,1
50,3,3,0,3,0,0,45,1
43,1,3,1,3,7688,0,40,1
45,3,3,0,3,15024,0,40,1
38,0,3,0,3,0,0,40,1
29,3,3,3,3,0,0,50,1
52,0,4,2,2,0,0,40,1
54,0,3,0,3,0,0,44,1
47,0,3,0,3,0,0,40,1
60,3,3,3,3,0,0,45,1
39,6,3,3,4,0,0,50,1
34,6,3,3,3,0,0,45,1
39,1,3,3,4,0,0,43,1
57,6,1,3,1,0,0,50,1
54,0,3,3,3,5178,0,40,1
29,3,0,1,1,13550,0,35,1
53,6,3,3,3,0,0,40,1
35,3,3,1,3,0,0,40,1
52,1,3,3,3,0,0,40,1
43,3,0,3,1,0,0,45,1
44,1,3,1,3,0,0,40,1
57,0,3,1,3,0,0,50,1
28,0,3,1,3,0,0,50,1
35,6,3,3,3,0,0,45,1
41,6,3,3,3,0,1848,40,1
54,0,3,0,3,0,0,40,1
47,3,3,3,3,0,0,50,1
45,6,3,3,3,0,0,40,1
57,6,3,3,3,0,0,40,1
37,6,3,3,3,0,0,50,1
53,6,1,3,1,0,0,50,1
59,3,3,3,3,0,1977,40,1
49,0,3,1,3,0,0,40,1
51,3,3,2,3,0,0,40,1
31,1,3,1,3,15024,0,45,1
46,4,3,2,3,0,0,35,1
32,5,3,0,3,0,0,45,1
55,0,3,0,3,0,0,40,1
46,1,3,0,3,15024,0,45,1
60,1,3,1,3,0,1887,40,1
54,1,3,2,3,0,0,48,1
48,6,3,1,3,0,1977,40,1
40,0,3,3,3,0,0,40,1
55,0,3,0,3,0,0,50,1
34,3,3,3,3,0,0,40,1
40,6,3,3,3,7298,0,35,1
51,2,3,1,3,0,0,40,1
37,0,3,1,3,0,0,40,1
34,6,3,3,3,0,1902,50,1
39,6,3,3,3,0,0,45,1
42,1,3,0,4,0,0,37,1
44,1,3,0,3,5178,0,50,1
41,1,3,4,3,0,0,40,1
35,6,0,3,1,0,0,38,1
57,2,0,0,1,0,0,40,1
46,6,3,3,3,0,0,40,1
31,3,3,1,4,0,0,40,1
44,0,3,3,3,0,1902,40,1
51,6,3,1,3,0,0,40,1
34,1,3,3,3,0,0,50,1
43,3,1,3,1,0,0,40,1
56,1,3,1,3,7298,0,45,1
51,2,3,3,3,0,0,40,1
72,3,4,4,1,0,0,40,1
37,6,3,3,3,0,0,40,1
34,0,3,0,3,0,0,40,1
28,2,3,1,4,0,0,40,1
50,0,3,0,3,0,0,40,1
63,0,1,0,2,0,0,45,1
44,3,3,3,3,0,0,35,1
53,6,3,3,3,0,0,50,1
45,0,3,2,4,0,0,40,1
26,3,3,0,3,0,0,40,1
51,0,3,2,3,0,0,40,1
45,3,3,3,3,0,0,38,1
28,4,3,3,3,0,0,50,1
51,1,3,1,3,0,0,40,1
56,3,3,1,3,0,0,45,1
37,1,3,0,3,0,0,50,1
42,0,3,1,4,0,0,40,1
48,6,3,3,3,0,0,40,1
49,1,3,1,3,7688,0,40,1
42,1,3,1,3,0,0,50,1
47,3,3,2,3,0,0,45,1
53,6,0,3,1,0,0,46,1
46,0,3,0,3,0,1902,40,1
47,1,3,1,3,0,0,40,1
31,1,3,1,3,0,0,40,1
32,3,3,3,3,0,0,40,1
51,3,3,3,3,0,0,37,1
32,6,3,3,4,15024,0,50,1
52,0,3,1,3,0,0,44,1
61,0,3,0,3,0,0,40,1
53,6,1,3,1,14084,0,50,1
55,3,3,2,3,0,0,40,1
35,1,3,0,3,0,0,40,1
37,6,3,3,4,0,0,45,1
61,0,3,3,4,15024,0,38,1
30,0,3,1,4,0,0,40,1
48,2,3,0,3,7688,0,40,1
47,0,3,0,3,0,0,40,1
31,1,3,0,3,0,0,40,1
48,3,1,1,2,0,0,40,1
30,3,3,3,3,0,0,40,1
31,1,3,1,3,0,0,40,1
46,6,3,3,3,0,0,50,1
42,2,3,3,3,7298,0,52,1
31,0,3,1,3,0,0,45,1
37,6,3,3,3,0,0,50,1
50,0,3,0,3,0,0,40,1
48,2,3,1,3,0,1902,40,1
31,0,3,0,3,7298,0,45,1
29,1,3,0,3,0,0,40,1
50,6,3,3,3,0,0,40,1
47,1,3,1,3,0,0,50,1
54,3,3,3,3,0,1902,40,1
29,3,3,3,3,0,0,40,1
55,0,3,0,3,0,0,40,1
53,0,3,0,3,0,0,40,1
38,6,3,3,3,0,0,40,1
59,1,3,3,3,0,0,40,1
35,0,3,0,3,0,0,40,1
48,6,3,3,3,7688,0,50,1
53,6,3,3,3,0,0,40,1
39,0,3,0,3,7298,0,40,1
51,0,3,1,3,0,0,40,1
40,3,0,1,1,14344,0,45,1
62,1,3,1,3,0,0,40,1
40,3,3,3,3,0,0,50,1
43,3,3,3,3,0,0,40,1
65,1,3,1,3,0,0,40,1
51,1,3,1,4,0,1902,40,1
36,6,3,3,3,0,0,40,1
28,0,3,3,3,4386,0,45,1
50,2,3,0,3,0,1902,40,1
42,3,3,3,4,0,0,40,1
29,4,3,0,3,0,0,35,1
52,0,3,1,3,0,0,45,1
59,6,3,3,3,0,0,40,1
42,1,3,1,4,15024,0,40,1
62,6,3,3,3,0,1977,50,1
53,3,3,3,3,0,0,45,1
48,2,3,0,3,0,1848,46,1
40,6,3,3,3,0,0,50,1
49,3,3,1,3,5178,0,40,1
51,0,3,0,3,15024,0,40,1
48,3,2,3,1,0,0,37,1
33,3,3,1,3,0,0,45,1
58,6,3,3,3,15024,0,40,1
33,0,0,0,1,0,0,40,1
58,3,3,3,3,7688,0,40,1
43,6,3,3,3,0,0,40,1
45,6,3,3,4,0,0,50,1
62,2,3,3,3,0,0,50,1
26,6,3,3,3,0,1887,40,1
36,0,3,3,3,0,1977,40,1
46,0,3,0,3,0,0,40,1
29,0,3,3,3,0,0,40,1
45,6,0,3,1,0,2824,50,1
59,1,3,1,3,0,0,40,1
44,1,3,3,3,0,0,40,1
33,6,3,3,4,7688,0,35,1
85,3,4,3,1,0,0,40,1
41,0,3,1,3,0,0,49,1
37,3,0,3,1,10520,0,40,1
43,6,1,3,1,0,0,50,1
51,1,1,1,1,8614,0,40,1
49,0,3,0,3,0,0,40,1
43,6,3,3,3,0,0,40,1
60,1,3,0,3,0,0,40,1
46,0,3,0,3,0,0,40,1
62,3,3,3,3,3103,0,40,1
65,0,3,1,3,0,0,40,1
35,3,3,1,3,0,0,50,1
55,0,3,1,3,6418,0,50,1
45,6,1,3,2,25236,0,36,1
46,1,0,3,1,8614,0,50,1
36,2,3,0,3,3103,0,40,1
29,3,3,3,3,0,0,40,1
53,3,3,3,3,0,0,45,1
35,1,3,2,4,0,0,40,1
32,3,3,1,3,0,1848,50,1
35,3,3,3,3,0,0,50,1
37,2,3,0,3,0,0,45,1
33,0,3,0,3,0,0,40,1
33,0,3,3,3,0,0,50,1
31,0,3,3,3,0,0,40,1
31,3,0,3,1,14344,0,50,1
37,0,3,3,3,0,0,50,1
67,3,3,3,3,0,0,40,1
28,0,3,0,3,0,0,40,1
44,6,0,3,1,10520,0,40,1
62,0,3,3,3,0,0,45,1
41,6,3,3,3,0,1977,50,1
47,3,3,3,3,15024,0,50,1
55,3,3,1,3,0,0,40,1
38,1,3,1,3,0,0,40,1
33,3,3,1,3,0,1902,45,1
53,0,3,0,4,0,0,45,1
45,3,3,3,3,0,0,50,1
28,3,3,3,3,0,0,40,1
51,1,3,1,3,15024,0,40,1
41,0,3,3,3,7298,0,40,1
29,0,3,0,3,0,0,40,1
47,3,3,3,3,0,0,45,1
58,1,3,4,3,0,2415,40,1
57,3,3,3,3,3103,0,50,1
42,3,3,1,3,0,0,40,1
54,6,3,3,4,0,1887,38,1
31,0,3,3,3,0,0,40,1
32,3,3,1,3,0,0,40,1
45,1,3,0,3,7688,0,45,1
39,6,0,3,1,0,2444,45,1
58,0,1,1,2,0,0,40,1
44,3,3,3,3,0,0,40,1
60,3,3,3,3,0,0,50,1
36,3,3,1,3,0,0,50,1
38,3,1,1,1,0,0,48,1
53,1,3,0,3,0,0,40,1
36,3,3,1,3,0,0,50,1
54,0,3,1,3,0,0,50,1
56,1,3,3,3,0,0,40,1
38,0,3,0,3,0,0,40,1
61,1,3,1,3,0,0,40,1
58,3,4,0,1,0,0,40,1
34,1,3,0,3,0,0,48,1
53,0,3,0,3,0,0,50,1
52,0,3,3,3,0,0,45,1
41,0,3,1,4,0,0,40,1
40,1,3,1,4,0,0,40,1
34,6,3,1,3,7688,0,40,1
43,3,3,3,4,0,0,40,1
53,6,3,3,3,0,0,50,1
43,1,3,3,3,0,0,40,1
49,6,3,3,3,15024,0,35,1
36,6,1,3,2,25236,0,40,1
45,2,0,1,1,14344,0,48,1
48,1,3,1,3,0,0,38,1
44,3,1,1,2,0,0,44,1
60,6,3,3,3,0,0,40,1
25,2,0,1,1,27828,0,40,1
33,0,3,0,3,0,0,50,1
43,6,3,1,3,0,0,40,1
53,6,3,3,3,0,1902,50,1
52,0,3,0,3,0,0,40,1
58,0,1,1,2,0,0,40,1
26,2,3,2,3,0,0,45,1
52,3,3,3,3,0,0,50,1
43,3,3,3,3,5178,0,40,1
34,6,3,3,3,0,0,50,1
44,3,3,1,3,0,0,40,1
31,0,3,0,3,0,0,50,1
47,6,1,3,2,0,0,40,1
34,3,3,3,3,0,0,40,1
39,0,3,1,3,0,1887,46,1
45,3,3,3,3,0,0,38,1
41,6,3,3,3,0,0,45,1
57,6,3,3,3,7298,0,45,1
52,2,3,1,3,3103,0,48,1
49,1,3,3,3,15024,0,50,1
32,4,3,0,3,0,0,40,1
50,1,3,3,3,0,0,50,1
44,0,3,0,3,0,0,40,1
44,3,3,3,3,0,1887,40,1
38,0,3,3,3,0,0,40,1
38,0,3,3,3,0,0,42,1
54,0,3,0,3,0,0,40,1
37,2,3,1,3,0,0,50,1
51,4,3,0,3,0,0,40,1
31,1,3,1,3,0,0,44,1
55,3,3,3,3,0,0,40,1
38,0,3,3,5,0,0,40,1
47,6,3,3,4,0,0,40,1
53,3,3,3,3,0,0,50,1
38,6,3,3,3,0,0,40,1
47,0,3,4,3,15024,0,50,1
43,3,1,3,1,0,0,45,1
48,6,3,3,4,0,1902,38,1
31,2,3,0,3,0,0,40,1
52,0,3,2,3,0,0,52,1
76,6,3,3,3,0,0,40,1
27,1,3,0,3,0,0,40,1
34,1,3,0,3,0,0,45,1
45,2,3,4,3,0,0,50,1
54,1,3,3,4,0,0,40,1
67,1,3,2,3,0,0,41,1
29,2,1,1,1,14344,0,40,1
42,6,1,3,2,7430,0,44,1
66,1,0,3,1,0,0,40,1
45,6,1,3,1,0,0,45,1
49,6,3,1,3,0,0,40,1
46,1,3,1,3,0,0,40,1
42,1,3,0,3,0,0,40,1
44,6,0,3,1,0,0,40,1
44,6,3,3,3,0,0,50,1
59,2,3,1,3,7298,0,40,1
52,0,3,0,3,0,0,40,1
48,1,3,3,3,0,0,40,1
50,6,3,1,3,0,0,40,1
61,3,1,1,1,0,0,40,1
58,2,3,3,3,0,0,40,1
43,6,3,3,3,5178,0,40,1
46,0,3,0,3,0,0,50,1
41,6,3,3,3,0,0,50,1
59,3,3,0,3,0,0,50,1
57,3,3,3,3,0,0,40,1
50,1,3,1,3,0,0,40,1
45,1,3,3,3,0,0,40,1
51,6,3,3,3,0,0,40,1
46,2,3,0,3,0,0,40,1
41,0,3,0,3,0,0,40,1
44,6,3,3,3,0,0,50,1
68,0,3,4,3,0,0,50,1
48,0,4,3,1,14084,0,45,1
67,6,3,3,3,0,0,40,1
49,0,3,0,3,0,0,40,1
35,0,3,1,3,0,1902,40,1
34,1,3,3,3,0,1902,38,1
27,3,3,3,4,0,0,40,1
38,1,3,3,4,0,0,35,1
31,6,0,3,1,0,1564,40,1
62,1,3,1,3,0,0,40,1
30,3,3,3,3,0,0,50,1
47,0,3,3,3,0,0,40,1
43,1,3,3,4,0,0,40,1
61,1,0,3,1,0,0,38,1
43,3,3,3,3,0,0,50,1
29,3,3,3,4,0,1902,50,1
47,0,3,3,3,0,0,40,1
53,1,3,3,3,0,0,40,1
37,0,3,3,3,0,1902,45,1
58,1,3,1,3,0,1485,40,1
50,6,3,3,3,0,0,36,1
47,3,3,1,3,0,1977,40,1
37,1,3,0,3,0,0,45,1
46,0,3,0,3,0,0,40,1
59,0,3,1,4,0,0,38,1
50,0,3,0,3,0,0,40,1
42,0,3,0,3,0,0,40,1
37,1,3,3,3,0,0,40,1
53,2,1,0,1,0,0,40,1
43,6,3,3,3,0,0,40,1
41,1,3,2,3,0,0,40,1
69,1,3,1,3,6514,0,45,1
43,1,3,1,3,0,0,40,1
54,0,3,1,3,0,0,40,1
33,6,3,3,3,0,1977,50,1
51,3,3,3,3,0,0,40,1
36,1,3,3,3,0,0,40,1
40,0,3,0,3,0,0,40,1
32,0,3,0,3,0,0,38,1
61,0,3,3,3,0,0,50,1
27,0,0,1,1,0,0,50,1
36,1,3,0,3,0,0,40,1
69,1,3,1,3,6514,0,45,1
34,0,3,0,3,0,0,40,1
35,6,3,3,3,7298,0,40,1
49,3,3,3,3,0,0,50,1
43,0,3,0,4,0,0,48,1
56,0,3,1,3,0,1977,40,1
36,3,3,1,3,0,0,40,1
28,1,3,2,3,0,0,40,1
51,2,3,3,3,0,0,45,1
47,6,3,3,3,0,0,47,1
48,0,1,3,1,0,2258,40,1
38,1,3,3,3,0,0,40,1
55,0,3,3,3,0,0,45,1
43,0,3,3,3,0,1887,40,1
45,3,3,3,3,0,0,40,1
29,3,3,3,3,0,0,50,1
41,3,3,3,3,0,0,40,1
51,3,3,3,3,0,0,45,1
42,1,3,3,4,0,0,40,1
43,3,3,1,3,15024,0,45,1
56,6,3,3,4,0,0,40,1
40,0,3,0,3,0,0,40,1
57,3,3,3,3,0,0,40,1
38,3,3,2,3,0,0,40,1
50,0,3,3,3,0,1902,40,1
32,1,3,0,3,0,0,50,1
59,3,3,0,3,0,0,48,1
30,3,3,1,3,7688,0,40,1
32,4,3,0,3,0,0,40,1
70,1,3,3,3,6514,0,40,1
44,6,3,3,3,0,0,36,1
30,3,3,3,3,0,0,40,1
42,0,3,1,3,15024,0,40,1
62,6,3,3,4,0,0,40,1
51,6,3,3,3,0,0,50,1
39,1,3,3,3,0,1485,40,1
35,6,0,0,1,0,0,50,1
48,3,3,1,3,0,0,48,1
47,0,3,0,3,7298,0,40,1
37,0,3,2,3,7688,0,35,1
48,0,3,0,3,0,0,50,1
60,0,1,0,1,0,0,50,1
54,3,3,3,3,0,0,40,1
57,1,3,3,3,0,0,40,1
51,0,3,0,3,0,0,45,1
51,2,3,1,3,0,0,38,1
28,3,3,3,3,3103,0,40,1
39,0,3,3,3,0,0,50,1
43,1,3,1,3,0,0,44,1
29,0,3,0,4,0,0,40,1
34,2,3,3,3,4386,0,50,1
35,3,3,3,3,0,0,50,1
41,6,3,3,3,7688,0,50,1
51,0,0,3,1,10520,0,40,1
40,1,3,3,3,0,0,40,1
32,0,3,3,3,7688,0,40,1
39,0,3,1,3,0,0,50,1
62,6,3,3,3,0,0,40,1
38,3,3,1,3,0,0,50,1
31,0,3,0,3,0,0,48,1
49,6,3,3,3,15024,0,50,1
38,2,3,0,3,0,0,50,1
43,0,3,3,3,0,0,40,1
45,3,3,3,3,0,0,45,1
59,3,3,0,3,0,0,50,1
60,0,3,0,3,0,0,42,1
35,6,3,3,4,0,0,35,1
39,1,3,3,3,0,0,40,1
48,6,3,3,3,0,0,50,1
50,0,3,0,3,0,0,40,1
54,2,3,1,3,0,0,50,1
54,6,0,3,1,0,0,45,1
53,6,3,3,3,0,0,38,1
59,0,3,0,3,0,0,40,1
50,1,3,0,3,0,0,48,1
38,5,3,0,4,0,0,50,1
42,1,3,2,3,0,0,40,1
54,0,3,0,3,0,0,40,1
35,3,4,1,1,0,0,40,1
35,2,0,1,1,14344,0,40,1
41,6,3,3,3,0,0,50,1
44,1,3,3,3,0,0,40,1
48,6,3,3,3,0,1902,40,1
57,6,3,3,3,0,0,50,1
49,6,0,3,1,27828,0,35,1
30,0,3,0,3,0,0,40,1
31,0,3,0,3,0,1977,40,1
49,3,3,3,3,0,0,46,1
38,3,3,3,3,0,0,50,1
64,0,4,1,1,0,0,35,1
42,0,3,0,3,0,0,40,1
58,0,3,1,3,0,0,40,1
49,6,3,3,3,15024,0,50,1
42,0,3,3,3,0,0,50,1
30,3,3,3,3,0,1848,50,1
44,6,3,3,3,0,0,50,1
65,3,3,1,3,10605,0,40,1
30,3,3,3,3,0,0,40,1
35,3,3,0,3,0,0,40,1
41,6,3,3,3,15024,0,40,1
56,2,3,0,3,0,0,45,1
36,3,3,1,3,0,0,50,1
48,1,1,3,1,0,0,40,1
44,3,3,3,3,0,0,35,1
47,6,3,3,3,0,0,50,1
39,1,3,1,4,0,0,45,1
53,2,3,3,3,4386,0,40,1
46,3,3,1,3,0,0,40,1
45,2,3,3,3,0,1902,40,1
43,0,3,0,3,0,0,42,1
43,3,3,3,3,7298,0,50,1
57,0,3,0,3,0,1887,40,1
48,1,3,3,3,0,0,40,1
39,3,3,3,3,0,0,50,1
32,6,3,3,3,0,0,40,1
58,3,3,3,3,7688,0,50,1
47,0,3,1,3,0,0,40,1
27,3,3,3,4,7298,0,45,1
53,3,3,3,3,0,0,40,1
47,6,3,3,3,0,1977,41,1
42,2,3,0,3,0,0,45,1
55,1,3,1,4,5178,0,40,1
36,3,3,3,3,0,0,50,1
44,1,3,1,3,0,0,35,1
44,0,3,0,3,0,0,40,1
27,1,3,3,3,0,0,40,1
29,2,3,3,3,0,0,40,1
35,3,0,3,1,0,0,50,1
39,3,3,3,3,0,0,40,1
44,2,3,1,3,4386,0,40,1
31,0,3,3,3,0,0,40,1
32,3,0,3,1,0,0,40,1
42,0,3,1,3,0,0,48,1
46,1,3,3,3,7688,0,38,1
46,0,3,3,3,0,0,40,1
31,3,3,1,3,0,0,40,1
47,0,1,0,2,0,0,40,1
37,6,3,3,3,0,0,50,1
34,1,3,1,4,0,0,40,1
43,3,1,3,2,0,0,43,1
32,0,3,1,4,0,0,40,1
58,2,3,1,3,0,0,42,1
34,3,3,3,3,0,0,42,1
46,3,3,3,3,0,1902,50,1
51,3,3,3,4,0,0,40,1
57,1,3,3,3,0,0,40,1
48,0,3,1,3,0,0,35,1
33,2,3,3,3,0,0,40,1
32,3,3,3,3,0,0,40,1
49,3,3,3,3,0,0,50,1
46,3,3,3,3,0,0,40,1
45,1,3,0,3,0,1848,40,1
47,3,0,1,0,0,0,40,1
35,6,3,3,3,0,0,50,1
40,3,0,3,1,0,0,50,1
28,2,3,1,4,0,0,40,1
49,3,3,3,3,15024,0,40,1
46,6,3,3,3,0,0,40,1
37,4,3,0,3,0,0,50,1
48,3,3,2,3,0,0,50,1
34,3,0,3,1,0,0,40,1
39,0,3,2,4,0,1902,40,1
54,6,3,3,3,7688,0,40,1
47,6,3,3,3,0,0,50,1
46,3,3,3,3,7688,0,45,1
39,0,3,0,3,7298,0,40,1
33,4,3,0,3,0,0,45,1
39,0,3,0,3,0,0,40,1
45,0,3,2,3,0,1902,40,1
31,6,3,3,3,0,0,40,1
43,3,3,3,3,0,0,42,1
42,6,3,3,3,0,0,50,1
33,0,3,1,3,3103,0,40,1
44,2,3,3,3,0,0,40,1
37,3,3,1,3,0,0,40,1
54,1,3,1,3,0,0,45,1
45,0,3,0,3,0,1887,40,1
60,4,3,0,3,0,0,45,1
40,2,3,3,3,0,0,50,1
46,1,3,0,3,0,0,40,1
37,3,3,3,3,0,0,50,1
64,0,3,1,3,0,0,40,1
47,0,3,4,3,15024,0,50,1
41,0,3,3,3,0,0,40,1
39,6,3,3,3,0,0,45,1
53,1,3,1,3,0,0,40,1
41,1,3,3,3,0,0,40,1
31,3,3,3,3,0,1887,50,1
34,6,3,3,3,0,0,45,1
54,3,3,3,3,0,0,50,1
44,6,3,3,3,0,0,50,1
31,0,3,1,3,0,0,50,1
48,1,3,0,3,0,0,40,1
50,1,3,0,3,0,0,40,1
41,3,3,3,4,0,0,48,1
52,1,3,1,3,0,0,44,1
45,3,0,3,1,0,0,40,1
39,3,3,3,3,0,0,40,1
56,1,3,3,3,0,0,40,1
34,1,3,3,3,4386,0,40,1
45,1,3,3,3,0,0,40,1
33,6,3,3,3,0,1848,40,1
54,1,3,1,3,0,0,40,1
37,1,3,0,3,0,0,40,1
45,1,3,2,3,0,0,40,1
55,1,3,2,3,0,1977,35,1
35,6,3,3,4,0,0,35,1
51,0,0,0,1,0,0,40,1
24,0,3,0,3,0,0,45,1
31,0,3,0,3,7298,0,40,1
56,3,3,3,3,0,0,40,1
40,6,3,2,3,0,0,40,1
56,1,3,3,3,0,0,40,1
35,6,3,3,3,0,0,45,1
47,1,3,3,3,15024,0,50,1
34,6,3,3,3,0,0,40,1
51,6,1,3,1,0,0,45,1
58,6,3,3,3,0,0,50,1
35,2,3,1,3,7298,0,48,1
42,1,3,0,3,7688,0,40,1
41,0,3,0,3,0,0,40,1
35,3,3,0,3,0,0,40,1
27,3,3,1,5,0,0,40,1
57,6,3,3,3,0,0,40,1
47,1,3,2,3,0,0,40,1
42,6,3,3,3,0,0,50,1
41,0,3,0,3,7688,0,42,1
42,3,3,1,3,0,0,45,1
56,1,3,3,3,0,0,40,1
51,3,3,2,3,0,0,40,1
45,3,3,4,3,7298,0,40,1
38,3,3,3,3,0,0,50,1
45,0,3,0,3,0,0,50,1
46,1,3,0,3,0,0,40,1
32,1,1,3,1,0,0,50,1
37,1,3,1,3,0,0,40,1
34,0,3,3,3,7298,0,50,1
47,1,3,0,3,5178,0,40,1
46,6,3,3,4,0,1902,52,1
33,1,3,3,3,0,0,45,1
50,6,3,3,3,0,0,40,1
39,0,3,0,3,0,0,40,1
41,6,3,3,4,15024,0,40,1
57,1,3,1,3,0,0,40,1
53,6,3,1,3,0,0,40,1
53,1,3,3,3,0,0,40,1
39,2,3,3,3,0,0,45,1
49,6,3,3,3,15024,0,50,1
31,0,3,1,4,0,0,40,1
35,6,0,3,1,0,0,40,1
46,3,3,3,3,3103,0,37,1
34,1,0,3,1,0,0,40,1
63,2,3,3,3,0,0,40,1
55,0,3,0,3,0,0,45,1
36,2,0,2,1,0,0,40,1
52,6,3,3,3,15024,0,40,1
32,3,3,1,3,0,1902,40,1
45,6,3,3,3,7688,0,50,1
42,2,1,3,2,8614,0,40,1
58,0,3,1,3,15024,0,40,1
40,2,3,3,3,0,0,50,1
35,0,3,1,4,4386,0,35,1
29,1,0,2,1,0,0,40,1
33,3,3,3,3,0,0,40,1
34,0,3,2,4,0,0,40,1
50,0,3,0,3,0,0,40,1
29,2,4,1,2,0,0,40,1
34,0,3,3,3,7298,0,50,1
44,3,3,2,4,15024,0,40,1
57,2,3,0,3,0,0,40,1
66,0,3,3,3,0,1825,40,1
34,1,3,0,3,0,0,40,1
30,6,1,3,1,0,0,50,1
50,6,3,3,3,0,0,52,1
42,0,3,3,3,7688,0,50,1
47,2,3,3,3,0,0,38,1
47,1,3,1,3,0,0,40,1
43,2,3,4,3,0,0,40,1
35,1,3,3,3,0,0,40,1
50,3,3,3,3,0,0,40,1
30,3,1,1,1,0,1564,40,1
39,0,3,0,3,0,0,45,1
59,0,3,0,4,0,0,40,1
49,1,1,3,1,14084,0,44,1
28,6,3,3,4,0,0,50,1
78,3,3,3,3,9386,0,45,1
39,1,3,3,3,0,1902,50,1
53,0,3,3,3,0,0,40,1
49,1,3,0,3,0,0,40,1
53,6,3,3,3,0,0,40,1
41,6,3,3,3,0,2415,40,1
41,0,3,4,3,7688,0,40,1
32,0,0,0,1,4787,0,40,1
45,3,3,1,3,7298,0,40,1
42,1,3,1,3,0,1887,50,1
50,6,3,3,3,0,0,40,1
41,3,3,3,3,7298,0,40,1
43,1,3,0,3,0,0,48,1
47,1,3,0,3,0,0,40,1
41,6,3,3,3,0,0,50,1
34,0,1,3,2,0,2472,35,1
31,0,3,0,3,0,0,48,1
42,3,3,3,3,0,0,52,1
44,3,3,3,3,0,0,40,1
33,3,3,1,3,0,0,45,1
52,0,3,1,3,0,0,40,1
41,0,3,0,3,0,1485,44,1
33,6,3,3,3,15024,0,50,1
38,0,3,3,3,0,0,50,1
35,1,3,0,3,0,0,50,1
34,1,3,1,3,0,0,40,1
32,2,3,1,3,0,0,42,1
56,6,3,3,3,0,0,40,1
63,3,3,1,3,15024,0,40,1
55,0,1,0,1,4787,0,40,1
48,1,3,0,3,0,0,50,1
33,3,3,3,3,0,0,40,1
33,0,3,3,3,0,0,48,1
48,0,3,0,3,0,0,40,1
46,3,1,3,1,27828,0,50,1
43,6,3,3,3,0,1902,40,1
51,3,3,3,3,7688,0,40,1
45,0,1,4,1,0,2258,44,1
45,3,1,3,1,0,0,50,1
55,1,3,3,3,0,0,40,1
27,0,3,0,3,0,0,40,1
44,3,3,3,4,0,0,45,1
51,3,3,3,3,0,0,50,1
51,0,3,2,3,0,0,40,1
31,0,3,0,3,0,0,40,1
46,6,3,3,3,0,0,40,1
55,3,3,1,3,0,0,50,1
37,3,3,3,4,0,0,37,1
47,1,3,3,3,0,0,37,1
25,3,0,1,1,0,0,40,1
39,3,3,3,3,0,0,50,1
40,4,3,0,3,0,0,50,1
53,6,3,3,3,7298,0,50,1
57,1,3,3,3,7688,0,45,1
29,0,3,0,3,0,0,45,1
31,0,3,3,3,5178,0,45,1
50,1,3,1,4,0,1902,38,1
47,0,3,0,3,0,0,48,1
43,3,3,1,4,0,0,40,1
46,0,1,3,1,0,0,48,1
39,1,1,0,1,0,0,50,1
38,0,3,3,3,0,0,44,1
56,2,3,1,3,0,0,40,1
53,4,3,0,3,0,0,40,1
50,6,3,3,3,15024,0,45,1
38,6,3,3,4,0,0,50,1
33,0,3,1,3,0,0,50,1
40,0,3,3,3,0,0,40,1
53,0,3,0,3,0,0,50,1
59,0,3,0,3,0,0,40,1
52,3,3,3,3,0,0,40,1
40,3,3,3,3,7688,0,40,1
39,0,3,2,4,0,1902,40,1
41,0,3,1,3,5178,0,40,1
53,4,3,1,3,0,0,45,1
40,0,3,0,3,15024,0,45,1
47,6,3,1,3,0,0,45,1
55,3,3,3,3,0,0,45,1
40,6,3,3,3,0,0,40,1
42,0,3,0,3,5178,0,40,1
43,0,0,1,2,8614,0,43,1
48,1,4,1,2,0,0,40,1
64,0,3,3,3,0,0,40,1
44,1,3,1,3,0,1485,40,1
32,6,3,3,4,15024,0,50,1
46,3,3,0,3,0,0,40,1
46,3,3,3,3,0,0,44,1
45,3,3,4,3,4386,0,35,1
34,1,3,3,4,0,0,45,1
29,3,3,1,4,0,0,45,1
32,3,3,3,4,0,1977,40,1
47,3,3,3,3,0,0,35,1
32,3,1,3,1,0,0,50,1
35,0,3,3,3,0,0,45,1
43,6,3,3,3,0,0,40,1
38,2,3,3,3,0,0,36,1
52,0,3,1,3,0,0,40,1
65,3,3,0,3,0,0,40,1
46,6,0,3,1,0,1564,50,1
63,6,3,3,3,0,0,35,1
56,3,3,3,4,15024,0,40,1
51,1,3,0,3,0,0,40,1
46,3,3,1,3,0,1977,45,1
60,1,3,3,3,7298,0,40,1
33,0,3,1,3,0,0,40,1
44,4,3,1,3,0,0,40,1
65,3,3,0,3,0,0,40,1
44,6,3,3,3,0,0,45,1
29,3,0,3,1,0,0,45,1
46,1,3,3,4,0,0,40,1
28,3,3,3,3,5178,0,50,1
41,0,3,0,3,0,0,40,1
50,3,3,1,3,0,0,40,1
69,3,3,3,3,9386,0,50,1
38,4,3,0,3,0,0,48,1
36,1,3,1,3,0,0,50,1
52,6,1,3,2,15020,0,50,1
43,1,3,0,3,5178,0,40,1
39,1,3,1,4,0,0,45,1
34,3,3,1,3,0,1887,40,1
50,3,0,3,0,0,0,40,1
30,0,3,3,3,5178,0,40,1
53,0,3,0,3,0,0,40,1
36,1,3,3,3,0,0,50,1
53,5,3,3,3,0,0,40,1
43,0,3,0,3,0,0,40,1
31,1,3,3,3,0,1887,40,1
49,6,3,3,3,0,0,50,1
37,4,3,0,3,3103,0,44,1
51,0,3,0,3,3103,0,52,1
49,0,3,0,3,0,0,40,1
51,4,3,0,3,0,0,40,1
67,1,0,3,1,0,0,50,1
35,0,3,1,4,4386,0,35,1
42,0,3,3,3,5178,0,50,1
62,2,3,3,4,0,0,45,1
41,3,3,3,3,0,1887,50,1
45,6,3,3,3,7688,0,50,1
29,6,0,3,1,0,0,40,1
64,3,3,0,3,0,0,45,1
50,0,3,3,3,0,0,40,1
60,6,3,3,3,0,0,40,1
50,3,3,3,3,0,0,40,1
46,2,3,3,3,0,0,40,1
46,0,3,0,3,7298,0,40,1
48,3,3,1,3,7688,0,40,1
37,3,3,3,4,7688,0,40,1
27,3,3,0,3,0,0,45,1
34,0,0,3,1,0,0,37,1
49,3,3,3,3,0,0,50,1
44,2,3,1,3,0,0,40,1
53,1,3,3,3,0,0,45,1
46,0,3,3,3,0,0,40,1
37,0,3,0,3,3103,0,45,1
31,6,3,3,3,0,0,40,1
57,6,3,3,3,0,0,40,1
37,3,3,3,3,0,1887,47,1
35,3,3,3,3,7688,0,50,1
40,3,3,1,3,0,0,45,1
55,1,3,0,3,0,0,48,1
53,6,3,3,3,7298,0,40,1
63,6,3,3,3,0,0,50,1
31,0,3,0,3,0,1848,50,1
43,0,3,0,3,0,0,40,1
31,3,3,3,3,0,0,40,1
37,3,3,1,3,0,0,45,1
50,0,3,0,3,0,0,51,1
72,2,3,1,3,0,0,45,1
47,0,3,0,3,0,0,40,1
49,0,3,0,3,0,0,40,1
36,3,3,3,3,0,1887,40,1
60,1,3,3,3,15024,0,40,1
37,6,3,3,3,15024,0,45,1
39,1,3,0,3,0,0,50,1
37,2,3,1,3,7688,0,40,1
49,3,3,3,3,0,0,45,1
36,1,3,3,3,0,0,52,1
39,3,0,3,1,0,0,40,1
61,1,3,3,3,0,1902,40,1
60,5,3,0,3,0,0,40,1
48,3,3,1,3,0,0,40,1
48,1,3,2,3,0,0,42,1
79,4,4,1,1,18481,0,45,1
34,6,3,0,3,0,1848,40,1
38,1,3,1,3,0,0,50,1
48,3,3,1,3,0,0,40,1
34,6,3,3,4,0,0,40,1
31,0,3,0,3,0,0,50,1
42,3,3,3,3,0,0,45,1
39,0,3,3,3,0,0,50,1
34,3,3,3,3,0,0,45,1
39,6,0,1,1,0,0,50,1
46,3,3,0,3,0,0,50,1
26,0,3,0,3,0,0,42,1
51,0,3,3,3,0,0,40,1
46,6,3,3,3,0,1977,50,1
45,6,3,3,3,0,0,40,1
50,3,3,3,3,0,1902,40,1
36,2,3,3,3,0,0,50,1
38,6,3,3,3,0,0,40,1
46,3,3,3,3,0,0,40,1
40,3,3,1,3,0,0,45,1
23,4,0,0,0,14344,0,40,1
51,3,3,2,3,0,0,40,1
39,1,3,1,3,0,0,35,1
38,1,3,0,3,0,0,40,1
53,2,3,1,3,0,0,45,1
35,6,3,3,5,7298,0,40,1
56,1,3,3,3,0,0,40,1
24,0,3,0,3,0,0,49,1
40,6,0,3,1,0,0,40,1
38,3,3,3,4,7688,0,40,1
51,0,3,0,3,0,0,40,1
39,3,3,1,3,0,0,50,1
36,3,3,3,3,0,1977,40,1
45,1,3,0,3,0,0,40,1
33,2,3,1,3,0,0,40,1
46,1,3,0,3,0,0,40,1
55,6,3,3,3,0,0,45,1
30,2,3,3,3,0,0,35,1
42,0,3,4,3,0,0,40,1
39,0,3,0,3,0,1887,40,1
36,1,3,0,3,7298,0,44,1
55,0,3,3,3,0,0,40,1
35,0,1,1,1,0,0,50,1
44,3,3,1,3,0,0,40,1
37,3,3,3,4,0,0,48,1
36,0,3,0,3,7298,0,40,1
30,0,3,0,3,0,1887,48,1
52,1,3,1,4,0,0,40,1
24,2,1,0,2,8614,0,40,1
58,1,3,1,3,0,1977,50,1
46,0,3,1,4,0,0,40,1
44,1,3,0,3,0,0,40,1
53,0,3,1,3,0,0,40,1
57,3,3,3,3,0,1977,40,1
59,1,3,3,3,0,1977,48,1
53,5,3,1,3,0,0,40,1
57,4,3,0,3,7688,0,40,1
55,6,3,3,4,3103,0,45,1
46,0,1,0,5,0,0,48,1
61,4,3,2,3,0,0,40,1
47,1,3,1,3,0,0,40,1
37,6,3,1,3,0,0,45,1
37,3,3,3,3,0,0,40,1
53,6,3,3,3,0,0,43,1
47,1,3,3,3,0,0,50,1
42,6,3,3,3,0,1902,50,1
42,3,3,1,3,0,0,50,1
44,3,3,3,3,0,1977,50,1
40,6,3,3,3,15024,0,40,1
47,6,3,3,3,0,0,37,1
42,6,3,2,3,7688,0,35,1
35,3,3,2,3,3103,0,40,1
26,3,0,3,1,0,0,40,1
64,1,3,3,3,0,0,45,1
32,1,1,0,0,0,0,40,1
46,3,3,3,3,7688,0,40,1
47,3,1,3,1,0,0,40,1
41,0,1,0,1,13550,0,44,1
52,1,3,3,4,0,0,40,1
45,3,3,1,3,0,1902,40,1
34,3,3,3,3,0,0,38,1
29,0,3,0,3,0,0,40,1
33,3,3,3,4,0,0,40,1
37,3,3,3,3,7688,0,50,1
37,3,3,3,3,7688,0,39,1
38,1,3,3,3,0,0,44,1
43,3,3,3,4,0,0,40,1
61,6,3,1,4,0,0,40,1
35,1,3,0,3,0,0,50,1
52,3,3,3,3,0,0,40,1
38,1,3,1,3,0,0,40,1
41,1,3,3,3,0,1887,50,1
25,3,0,3,1,13550,0,35,1
52,3,3,3,3,0,0,45,1
52,6,3,3,3,15024,0,40,1
45,3,3,3,3,0,0,50,1
48,3,3,3,3,0,0,40,1
51,2,1,1,1,0,2444,39,1
31,2,3,3,3,0,1902,38,1
23,3,0,1,0,0,2231,40,1
38,4,3,0,3,7688,0,40,1
45,3,3,3,4,5178,0,40,1
52,0,3,0,3,0,0,40,1
56,1,3,3,3,0,0,40,1
50,3,3,3,3,0,0,45,1
47,3,3,1,3,15024,0,40,1
60,6,3,3,3,0,0,40,1
32,6,3,3,3,0,0,40,1
64,6,3,2,3,0,0,45,1
29,0,3,0,3,0,0,45,1
38,6,3,3,3,0,0,40,1
46,6,3,3,3,0,0,45,1
44,1,3,3,3,0,0,40,1
44,2,3,3,3,4386,0,45,1
40,2,3,3,3,7298,0,36,1
38,1,3,1,3,0,0,40,1
42,3,1,3,2,7430,0,40,1
43,6,3,3,3,0,0,42,1
50,2,1,3,1,0,0,38,1
30,3,3,3,3,0,0,45,1
34,1,3,0,3,0,0,48,1
53,0,3,0,3,0,0,52,1
56,0,3,1,3,0,0,45,1
45,3,1,1,2,4687,0,35,1
35,6,3,3,3,0,0,50,1
53,6,3,3,3,0,0,40,1
21,0,3,3,0,0,0,40,1
51,6,3,3,3,0,1977,35,1
27,3,3,1,3,0,0,45,1
43,0,3,2,3,0,0,45,1
26,2,3,2,3,0,0,45,1
52,0,3,2,3,0,0,40,1
40,2,3,1,3,0,0,40,1
51,1,3,1,4,0,1902,40,1
33,1,3,3,3,0,0,50,1
41,1,3,0,3,0,1887,50,1
28,3,0,3,1,0,0,50,1
49,0,3,1,4,0,0,40,1
34,1,3,3,4,0,0,45,1
35,0,1,3,2,0,0,40,1
48,3,1,1,0,0,0,38,1
57,0,3,0,3,0,0,40,1
31,0,3,0,3,0,0,40,1
49,3,3,3,3,0,0,50,1
35,3,3,1,0,5178,0,50,1
48,1,3,1,3,0,0,40,1
39,0,3,0,3,0,0,40,1
34,6,3,3,4,0,0,40,1
41,3,3,4,3,0,0,40,1
31,0,3,0,3,0,0,50,1
54,3,0,3,1,0,0,50,1
40,1,1,3,1,0,0,40,1
38,3,3,1,3,0,0,45,1
39,1,1,3,1,8614,0,40,1
42,6,3,3,3,0,0,40,1
50,0,3,3,3,0,0,40,1
54,3,3,3,3,0,0,45,1
42,3,3,1,4,0,0,40,1
56,0,3,3,3,0,0,40,1
60,1,3,3,3,15024,0,40,1
55,0,1,1,1,0,0,40,1
40,3,2,3,1,13550,0,40,1
43,0,3,0,3,0,0,40,1
41,0,3,3,3,0,0,40,1
36,6,3,3,3,0,1887,50,1
44,1,3,3,3,0,0,50,1
42,2,3,3,3,0,0,40,1
43,1,3,0,3,0,0,45,1
54,4,1,0,2,0,0,45,1
49,3,3,3,3,0,0,50,1
59,1,3,3,3,0,0,36,1
40,6,3,3,3,15024,0,45,1
41,3,1,1,2,0,0,40,1
26,2,3,3,4,0,0,40,1
59,0,3,3,3,0,0,50,1
39,1,3,1,3,0,0,35,1
62,1,3,3,3,0,0,40,1
49,6,3,3,4,0,0,35,1
65,0,3,1,3,0,0,40,1
40,3,3,3,3,0,0,40,1
40,2,3,1,3,0,0,40,1
38,6,3,3,3,0,0,50,1
38,6,3,3,3,0,1887,50,1
28,3,3,3,3,0,0,50,1
37,3,3,3,3,0,0,40,1
26,3,3,1,4,5178,0,42,1
43,3,3,3,3,0,1977,40,1
46,6,3,3,3,0,1887,45,1
46,2,3,1,3,15024,0,45,1
33,6,3,3,4,7688,0,35,1
48,0,3,0,3,0,0,40,1
38,3,3,1,3,0,0,50,1
33,3,3,3,3,15024,0,50,1
48,6,3,3,3,15024,0,40,1
56,6,3,3,3,0,0,50,1
38,3,3,3,3,0,0,40,1
33,1,3,0,3,0,0,40,1
38,0,3,0,3,0,0,50,1
67,6,3,3,3,0,0,40,1
47,6,3,3,3,0,1887,50,1
37,3,0,3,0,27828,0,40,1
38,0,3,3,3,0,0,50,1
56,1,3,3,3,0,0,50,1
68,1,3,1,3,20051,0,40,1
25,3,3,3,4,0,0,38,1
62,1,0,3,1,0,0,40,1
44,3,3,3,3,0,0,35,1
52,6,2,3,2,4787,0,44,1
30,4,0,0,1,0,0,45,1
28,3,3,3,4,0,0,40,1
48,3,3,3,3,0,0,45,1
54,6,0,3,1,0,0,45,1
45,6,3,3,3,0,1902,50,1
31,2,3,1,3,0,0,40,1
50,1,3,1,3,0,0,45,1
47,3,3,0,3,0,0,50,1
25,1,3,1,4,0,0,40,1
54,0,3,0,3,0,0,40,1
65,6,3,1,5,0,0,40,1
68,3,3,1,3,0,0,40,1
47,1,3,3,3,4386,0,40,1
44,3,3,3,3,0,0,35,1
36,3,3,1,4,0,0,40,1
30,3,3,1,3,0,1902,40,1
52,0,0,0,1,0,0,45,1
45,3,3,3,3,0,0,40,1
47,0,3,3,3,0,0,50,1
53,6,3,3,3,0,0,40,1
38,1,1,2,2,0,0,40,1
42,0,3,0,3,0,1902,50,1
55,6,3,3,3,7298,0,40,1
45,2,3,3,3,0,1902,40,1
44,6,1,3,1,0,0,45,1
46,1,3,1,3,0,0,40,1
53,6,0,3,1,14344,0,50,1
45,2,3,0,3,15024,0,40,1
44,3,3,1,3,0,1977,40,1
46,1,3,1,3,0,0,40,1
43,6,1,3,1,0,0,50,1
44,3,3,1,3,0,1977,40,1
60,1,2,0,1,0,0,50,1
45,6,3,3,3,0,0,40,1
42,0,3,1,4,0,0,40,1
47,0,3,1,3,0,0,50,1
44,2,3,0,3,0,0,40,1
61,6,3,3,3,0,2246,50,1
37,2,3,0,3,0,1887,40,1
47,1,3,3,3,15024,0,50,1
53,3,3,3,3,0,0,50,1
61,6,3,3,3,0,2246,50,1
43,0,3,0,3,0,0,40,1
31,0,3,0,3,0,0,45,1
50,0,3,1,4,0,1485,37,1
47,2,3,3,3,15024,0,40,1
41,3,3,3,3,0,0,45,1
50,0,3,0,3,0,0,50,1
34,3,3,3,3,0,0,50,1
36,3,3,1,3,0,0,50,1
29,6,3,1,3,7298,0,40,1
44,6,3,3,3,0,0,50,1
36,6,3,3,3,0,0,40,1
42,3,3,1,3,0,0,40,1
51,6,3,3,3,0,0,50,1
42,2,3,3,4,0,0,45,1
32,1,3,1,3,0,0,40,1
51,0,3,0,3,0,0,35,1
39,6,3,3,3,0,0,48,1
36,3,3,3,3,0,0,40,1
39,6,3,3,3,0,1902,50,1
48,3,3,3,3,0,0,45,1
29,6,3,3,4,0,0,40,1
55,0,3,0,3,0,0,50,1
58,3,3,3,3,0,0,40,1
38,1,3,1,4,0,1902,40,1
46,1,3,3,3,0,0,40,1
46,6,3,3,3,15024,0,40,1
38,1,3,0,3,0,0,48,1
24,1,3,4,3,0,0,50,1
40,2,3,3,3,7298,0,36,1
43,1,3,3,3,0,0,49,1
29,3,0,1,1,0,0,40,1
28,3,0,3,1,0,1564,50,1
26,3,3,0,3,0,0,40,1
38,1,3,0,3,7688,0,40,1
52,0,3,0,3,0,0,50,1
58,0,3,0,3,0,0,40,1
36,0,3,2,3,0,0,48,1
47,6,1,3,1,0,0,40,1
62,3,3,3,3,0,0,50,1
34,0,3,1,3,0,0,40,1
36,0,3,0,3,0,0,40,1
44,1,3,3,3,0,0,40,1
36,3,3,3,3,7688,0,40,1
55,6,3,3,3,7688,0,45,1
42,3,3,3,3,0,0,40,1
52,0,3,1,3,7298,0,50,1
33,0,3,1,3,0,0,40,1
48,2,3,0,3,0,0,40,1
45,3,3,1,3,0,0,52,1
36,5,3,0,3,7298,0,45,1
52,0,3,1,3,0,0,40,1
44,3,3,0,3,0,0,40,1
48,6,3,3,3,0,0,40,1
45,3,3,3,3,0,0,40,1
38,2,3,3,3,0,0,36,1
46,2,1,1,2,0,2258,38,1
40,0,3,1,3,0,0,52,1
37,3,0,3,1,0,0,48,1
35,3,3,3,4,0,0,40,1
32,1,3,1,3,5178,0,50,1
39,0,3,0,3,0,0,50,1
30,3,3,1,3,0,0,50,1
31,6,1,3,1,14084,0,50,1
33,2,3,3,4,7688,0,40,1
49,6,3,3,3,0,0,43,1
56,1,3,1,4,0,0,35,1
53,1,3,3,3,0,0,50,1
32,2,3,3,3,0,0,45,1
56,6,3,3,3,0,0,40,1
49,0,3,3,3,0,0,40,1
55,1,3,1,3,0,0,40,1
43,3,3,3,3,7298,0,50,1
36,3,3,1,4,0,0,40,1
36,1,3,1,3,0,0,40,1
45,0,3,0,3,0,0,40,1
33,1,3,3,3,0,0,40,1
49,6,3,3,3,0,0,45,1
41,0,3,0,3,5178,0,40,1
42,3,3,3,3,0,1977,48,1
50,2,3,3,3,0,0,50,1
49,3,3,3,3,0,0,40,1
39,0,0,0,1,0,1564,50,1
41,6,3,3,3,0,0,40,1
60,3,3,3,3,7688,0,40,1
53,0,3,0,3,0,0,52,1
30,6,3,3,3,0,1887,45,1
50,2,3,3,4,0,0,40,1
46,0,3,3,3,0,0,40,1
57,0,3,2,4,15024,0,40,1
52,1,3,1,3,0,0,44,1
31,3,3,1,4,5178,0,40,1
51,4,3,0,3,0,0,48,1
42,6,3,3,3,0,0,40,1
45,3,3,3,3,0,0,50,1
41,1,3,0,3,0,1902,40,1
53,6,3,3,3,0,0,42,1
57,0,3,0,3,0,0,40,1
59,1,3,3,3,0,0,50,1
46,1,3,3,3,3103,0,40,1
38,6,1,3,1,0,0,45,1
63,6,3,3,3,0,0,50,1
41,1,3,1,3,0,0,50,1
39,3,3,1,3,0,0,40,1
44,1,0,1,1,13550,0,50,1
36,3,3,3,3,0,0,50,1
25,1,3,1,3,0,0,40,1
39,1,1,3,1,0,0,50,1
24,6,3,3,4,0,0,35,1
58,6,1,1,2,0,0,40,1
46,6,3,3,3,0,0,40,1
31,1,1,2,1,0,0,40,1
38,2,3,3,3,0,0,45,1
37,2,3,0,3,0,1977,40,1
33,0,3,0,3,0,0,40,1
49,0,3,0,3,7298,0,40,1
34,1,3,3,3,7298,0,40,1
43,5,3,0,4,0,0,40,1
38,0,3,0,3,0,0,40,1
37,2,3,0,3,0,0,45,1
33,3,3,3,3,5178,0,40,1
53,3,3,1,3,0,1902,40,1
47,3,0,3,1,0,0,50,1
54,1,3,3,4,0,0,40,1
44,2,3,3,3,4386,0,45,1
47,0,3,0,3,0,0,40,1
44,6,3,3,3,0,0,50,1
47,6,0,3,1,0,0,40,1
34,0,3,0,3,0,0,40,1
42,1,1,1,1,0,0,50,1
34,3,1,3,2,0,0,40,1
36,1,3,0,3,7298,0,40,1
38,0,3,3,4,7688,0,40,1
43,3,3,4,3,0,0,50,1
51,6,1,3,2,4787,0,35,1
57,6,3,3,4,0,1977,40,1
42,1,3,0,3,7688,0,45,1
47,6,3,3,3,0,0,47,1
46,0,3,1,3,0,0,40,1
35,2,3,3,3,0,0,50,1
46,3,3,3,3,0,0,48,1
52,6,1,3,2,0,2547,40,1
50,6,3,1,3,0,0,40,1
39,1,3,3,4,0,0,40,1
36,3,3,3,3,0,1902,40,1
29,3,3,3,3,0,0,50,1
58,2,3,3,3,0,0,40,1
35,3,1,1,2,7430,0,40,1
66,1,3,3,3,0,0,40,1
49,3,3,3,4,15024,0,35,1
33,6,3,3,3,7298,0,45,1
51,3,3,3,3,15024,0,40,1
38,6,3,3,3,0,0,40,1
57,6,3,3,3,0,0,40,1
41,6,1,3,2,7430,0,36,1
48,6,1,3,1,0,0,40,1
45,3,0,1,1,0,0,40,1
41,1,3,1,3,0,0,45,1
45,3,1,3,2,0,0,45,1
55,1,3,3,3,0,0,40,1
37,6,3,3,3,0,0,40,1
60,5,3,0,3,0,0,50,1
34,1,0,3,1,0,0,50,1
47,3,3,3,3,0,1887,40,1
53,6,1,3,1,10520,0,40,1
57,1,3,3,3,0,0,35,1
55,3,3,3,3,0,0,40,1
47,3,3,3,3,0,0,50,1
42,2,3,3,4,0,0,45,1
38,3,0,1,1,0,0,50,1
32,6,3,3,3,0,0,40,1
29,0,3,0,3,0,0,45,1
31,3,3,3,4,0,1902,35,1
54,1,3,1,3,0,0,45,1
50,3,1,2,1,0,0,40,1
55,3,3,3,3,0,0,40,1
39,3,0,3,1,0,0,44,1
26,3,3,2,3,0,0,45,1
36,1,3,3,3,0,1887,40,1
40,3,3,3,3,7688,0,40,1
43,1,3,3,3,0,0,49,1
27,1,3,0,3,0,0,40,1
51,1,1,1,1,0,0,45,1
43,1,3,3,3,0,0,40,1
55,1,3,1,3,0,0,40,1
43,6,1,3,2,15020,0,35,1
35,3,3,1,3,7298,0,48,1
51,6,3,2,3,0,1977,40,1
40,6,3,3,3,0,0,50,1
30,3,3,1,3,0,0,40,1
39,0,3,0,4,0,0,40,1
69,3,3,3,3,6418,0,45,1
48,1,0,3,1,0,0,40,1
65,3,3,3,3,0,0,40,1
30,0,3,3,3,5178,0,40,1
29,0,3,3,3,0,0,40,1
37,3,3,1,3,0,0,40,1
55,0,3,1,3,4386,0,40,1
37,3,3,0,3,0,0,50,1
47,3,3,3,3,0,0,35,1
38,3,3,1,3,0,0,50,1
41,3,3,3,3,0,0,50,1
30,6,3,3,3,0,1887,45,1
37,6,3,3,3,0,0,40,1
60,5,3,0,3,0,0,50,1
41,1,3,0,3,3103,0,40,1
36,6,3,3,3,0,0,50,1
46,3,0,3,1,0,0,40,1
41,1,3,2,3,0,0,45,1
34,3,3,3,3,7688,0,40,1
51,0,3,0,3,0,0,40,1
43,3,3,3,3,15024,0,50,1
24,0,1,3,1,0,0,45,1
55,3,3,1,3,0,0,40,1
32,0,3,0,3,0,0,40,1
65,1,1,3,1,11678,0,50,1
53,6,3,3,3,0,0,40,1
49,0,3,1,3,0,0,50,1
50,3,3,3,3,0,1902,40,1
29,0,3,1,3,0,0,40,1
32,3,3,2,3,0,0,40,1
37,2,3,1,4,0,0,48,1
45,0,3,3,3,0,0,48,1
53,1,3,1,4,4386,0,40,1
36,0,3,0,3,7298,0,40,1
37,2,3,0,3,15024,0,50,1
33,6,0,3,0,0,0,42,1
33,0,3,1,3,0,0,50,1
54,6,1,1,1,0,0,40,1
60,6,3,3,3,0,0,38,1
38,4,3,0,3,3103,0,40,1
49,6,3,3,3,0,1977,40,1
44,1,3,2,0,0,0,40,1
31,1,1,2,1,0,0,40,1
49,3,3,1,3,15024,0,40,1
58,0,3,1,4,0,0,40,1
31,6,3,3,3,0,0,40,1
34,6,3,3,3,15024,0,40,1
36,0,3,1,3,0,0,40,1
43,1,3,0,3,0,0,44,1
46,6,1,3,2,0,0,40,1
38,3,3,3,3,0,0,40,1
46,3,3,3,3,0,0,50,1
48,3,3,1,3,0,2415,50,1
49,6,3,3,4,0,0,50,1
29,3,3,3,4,0,0,40,1
34,3,3,3,3,0,1977,45,1
79,4,4,1,1,18481,0,45,1
36,3,3,3,3,0,0,40,1
64,6,3,3,3,0,0,45,1
49,0,3,0,3,0,0,40,1
48,6,2,3,1,10520,0,50,1
36,0,3,1,3,0,0,50,1
25,2,0,3,1,0,0,50,1
29,3,0,1,1,0,0,50,1
45,3,3,3,3,0,0,40,1
44,3,3,0,3,0,0,50,1
48,3,3,3,3,0,0,45,1
49,0,3,0,4,7688,0,40,1
55,3,3,3,3,0,0,40,1
63,6,3,3,3,15024,0,50,1
30,1,3,1,3,0,0,40,1
48,0,3,0,3,0,0,40,1
52,1,3,1,3,0,0,44,1
31,0,3,0,3,0,0,50,1
32,3,3,3,4,0,0,35,1
56,2,3,0,3,0,0,40,1
70,1,3,3,3,6514,0,40,1
36,3,3,3,4,0,1977,45,1
37,6,3,3,4,0,0,45,1
40,3,3,3,3,0,0,40,1
61,0,3,0,3,0,0,40,1
26,3,3,3,3,0,0,40,1
56,0,3,0,3,3103,0,40,1
54,1,3,1,3,0,1977,40,1
59,1,3,0,3,0,0,40,1
66,3,3,3,3,10605,0,40,1
31,3,3,3,3,0,0,40,1
40,0,3,3,3,7688,0,50,1
37,0,3,0,3,0,0,40,1
28,1,3,3,3,0,0,40,1
24,2,3,3,3,0,0,40,1
48,6,3,3,3,0,0,40,1
40,3,3,3,4,0,0,45,1
53,2,3,1,3,0,0,40,1
44,1,1,1,0,14344,0,40,1
38,3,3,3,3,0,0,40,1
37,6,1,3,1,0,0,40,1
52,3,3,1,3,0,0,45,1
30,2,0,0,1,4787,0,50,1
42,3,3,3,3,0,0,45,1
44,6,3,3,3,0,0,40,1
39,6,0,3,1,0,2824,50,1
40,1,3,1,3,0,1887,40,1
51,6,3,3,3,0,1977,35,1
33,3,3,3,3,0,0,40,1
41,1,3,1,3,0,0,40,1
56,0,3,0,3,3103,0,40,1
40,6,3,3,3,0,0,40,1
40,3,3,1,3,7298,0,48,1
37,0,0,0,5,27828,0,48,1
56,3,3,3,3,15024,0,50,1
29,3,0,3,1,14344,0,40,1
30,3,3,1,3,7688,0,50,1
67,0,4,3,1,15831,0,40,1
44,3,3,3,3,7298,0,48,1
55,0,3,4,3,0,0,45,1
67,3,4,3,1,0,2392,40,1
35,3,3,3,3,15024,0,50,1
54,5,3,0,3,0,0,40,1
62,3,3,3,3,0,0,50,1
57,0,3,0,3,0,0,40,1
50,6,3,3,3,7688,0,50,1
47,6,3,3,4,0,0,40,1
37,0,3,0,3,0,0,50,1
27,1,3,1,3,0,0,40,1
42,3,3,3,4,0,0,50,1
45,3,3,0,3,0,0,40,1
40,1,3,0,3,5178,0,40,1
41,0,3,0,3,7688,0,42,1
32,3,3,1,3,0,1902,40,1
52,6,0,1,1,0,0,40,1
28,3,3,3,3,3103,0,40,1
34,3,3,3,3,0,0,45,1
55,3,3,3,3,15024,0,50,1
45,3,1,3,1,0,0,50,1
39,1,3,3,3,0,0,40,1
39,0,3,0,3,0,0,50,1
52,3,3,3,3,0,0,40,1
25,3,3,3,4,0,0,38,1
41,6,3,3,3,0,0,50,1
32,3,3,2,3,0,1887,45,1
38,3,3,3,4,0,1887,40,1
43,4,3,0,3,0,1887,40,1
49,3,1,1,1,0,0,50,1
46,1,3,0,3,0,0,45,1
51,0,3,1,3,0,0,40,1
60,0,3,0,3,7298,0,40,1
41,1,3,0,3,0,0,48,1
42,3,3,1,3,7298,0,40,1
36,0,3,0,3,0,0,40,1
35,2,3,1,3,0,0,44,1
49,1,3,1,4,0,0,40,1
26,3,3,1,4,0,0,40,1
52,0,4,2,2,0,0,40,1
25,1,1,2,2,0,2472,40,1
31,3,3,0,3,0,0,40,1
44,3,3,3,3,0,0,40,1
38,3,3,1,3,5178,0,48,1
50,0,3,1,3,0,0,40,1
30,2,0,0,0,0,0,40,1
56,3,1,3,1,0,0,45,1
58,3,3,3,3,0,0,40,1
50,6,3,3,3,0,0,50,1
52,6,3,3,3,0,0,40,1
38,3,3,3,3,7688,0,45,1
34,0,3,1,3,0,0,40,1
29,0,3,0,3,0,0,40,1
32,6,3,3,3,0,0,40,1
48,0,3,0,3,0,0,45,1
47,1,3,2,3,0,0,48,1
53,2,3,1,3,0,0,40,1
43,3,3,3,3,0,0,50,1
33,3,3,3,3,0,0,40,1
37,1,3,1,3,0,0,40,1
44,0,3,0,3,0,0,50,1
40,4,3,2,4,0,0,40,1
31,3,3,3,4,0,1902,35,1
43,0,3,2,3,0,0,40,1
48,3,3,3,3,0,0,40,1
40,2,3,1,3,7688,0,50,1
52,3,3,3,3,0,0,50,1
44,1,3,1,3,0,0,50,1
55,6,3,3,3,0,0,45,1
35,1,3,2,3,0,0,40,1
23,1,1,2,1,0,2559,40,1
41,3,3,3,3,7298,0,50,1
40,0,3,1,4,0,0,40,1
45,1,3,3,3,0,0,40,1
50,2,3,0,3,0,0,40,1
34,0,3,1,3,0,0,50,1
44,0,3,0,3,0,0,40,1
48,6,3,3,3,0,0,45,1
58,4,1,0,2,0,0,45,1
37,0,3,2,3,0,0,40,1
41,0,2,3,1,0,0,40,1
61,6,3,3,3,0,1902,40,1
38,0,3,0,3,0,1902,40,1
33,6,3,1,3,0,0,50,1
58,6,1,1,2,0,0,40,1
50,6,3,1,3,0,0,40,1
35,3,3,3,4,0,0,40,1
39,6,3,3,3,0,0,40,1
46,6,1,3,2,0,0,40,1
66,0,3,1,3,0,0,42,1
31,1,3,1,4,0,0,40,1
44,0,3,1,3,0,0,40,1
43,1,3,1,3,0,0,44,1
47,6,3,3,3,15024,0,35,1
25,4,3,0,3,0,0,40,1
43,3,1,3,2,0,0,43,1
67,3,4,3,1,0,2392,40,1
36,1,3,0,3,0,0,40,1
59,3,3,1,3,0,0,37,1
57,3,3,3,3,0,0,40,1
53,6,3,3,3,0,0,40,1
56,0,3,1,3,0,0,40,1
38,2,3,0,3,0,0,50,1
51,0,0,3,1,10520,0,40,1
61,3,1,1,1,0,0,40,1
53,3,3,3,3,0,0,40,1
53,0,3,2,3,0,0,50,1
47,1,3,1,4,0,0,35,1
68,0,3,0,3,0,0,40,1
41,5,3,0,3,0,0,40,1
34,0,3,0,3,0,0,40,1
41,3,3,3,3,7298,0,40,1
47,3,1,3,1,0,0,40,1
45,3,3,3,3,0,0,40,1
37,6,3,3,3,0,0,40,1
41,1,3,1,4,0,0,40,1
42,6,3,3,3,0,0,40,1
51,3,3,0,3,0,0,40,1
48,1,3,0,3,7688,0,40,1
62,6,3,0,3,0,0,45,1
52,3,3,3,3,0,0,48,1
40,3,3,3,3,0,0,40,1
33,1,3,1,3,0,0,40,1
45,6,0,3,1,0,0,50,1
64,0,3,3,3,0,0,45,1
33,3,3,3,3,7298,0,45,1
47,3,3,3,4,0,0,40,1
31,3,3,0,3,0,0,50,1
40,3,3,1,3,0,0,50,1
42,3,3,1,3,0,0,40,1
30,3,3,2,4,0,0,40,1
58,3,3,3,3,0,0,40,1
29,3,3,3,3,0,0,40,1
49,1,3,3,3,15024,0,50,1
28,3,3,2,3,0,0,50,1
57,2,0,0,1,0,0,40,1
53,1,3,1,3,0,0,40,1
28,3,3,0,3,0,1887,50,1
51,0,3,1,3,0,0,40,1
37,0,3,2,3,0,0,44,1
30,3,3,3,4,0,0,40,1
38,1,3,1,3,0,0,40,1
54,3,3,3,3,7688,0,40,1
29,0,3,0,3,0,0,40,1
47,1,3,0,3,0,0,50,1
57,0,3,0,3,0,0,40,1
46,3,3,1,3,0,0,40,1
59,1,0,3,1,0,0,38,1
54,6,1,1,1,0,0,40,1
35,3,3,3,3,7298,0,45,1
51,0,3,0,3,15024,0,40,1
60,1,3,1,3,7298,0,40,1
37,3,3,3,4,7688,0,45,1
44,6,3,3,3,15024,0,40,1
50,0,3,4,3,0,0,48,1
46,0,3,3,3,3103,0,50,1
37,3,3,1,3,0,0,45,1
35,2,3,0,3,3103,0,40,1
38,4,3,0,3,0,0,40,1
65,6,3,1,3,20051,0,40,1
57,0,3,0,3,0,0,50,1
42,0,3,0,3,0,0,40,1
33,3,3,1,3,0,0,45,1
53,1,1,1,1,8614,0,50,1
43,0,1,0,1,0,0,40,1
43,1,3,3,3,0,0,40,1
44,6,3,3,3,0,0,50,1
49,1,3,1,3,0,0,40,1
43,2,3,3,3,0,0,45,1
30,2,3,3,3,0,0,40,1
41,6,3,3,3,0,0,50,1
32,2,1,3,2,25236,0,50,1
47,6,3,3,3,15024,0,50,1
38,6,3,3,3,0,0,40,1
34,0,3,0,3,0,0,44,1
41,2,3,4,3,0,1977,50,1
46,4,3,0,3,0,0,45,1
36,3,1,2,2,0,0,45,1
67,0,4,3,2,0,0,38,1
36,6,3,3,3,7298,0,50,1
43,0,1,1,2,0,0,50,1
51,3,1,1,1,0,0,50,1
50,6,3,3,3,0,0,52,1
53,0,3,3,3,0,0,45,1
40,3,2,1,1,0,0,40,1
48,2,3,1,3,0,1902,40,1
44,3,3,3,3,0,1902,40,1
49,3,3,3,3,0,0,40,1
51,0,3,0,3,0,1902,40,1
62,2,3,3,4,0,0,45,1
34,0,3,0,3,0,0,48,1
44,3,3,3,3,0,0,40,1
34,6,1,3,2,0,0,48,1
67,1,0,3,1,0,0,50,1
37,2,3,3,3,0,0,45,1
45,2,3,1,3,5178,0,40,1
39,3,0,3,1,0,0,40,1
59,3,3,3,4,0,0,45,1
42,6,3,3,3,0,0,50,1
52,6,3,3,3,0,0,50,1
41,3,1,1,2,0,0,40,1
29,3,3,1,3,0,0,35,1
38,3,3,3,3,0,0,50,1
29,6,0,3,2,27828,0,45,1
25,1,3,1,3,0,1902,36,1
49,6,3,3,4,0,0,35,1
65,0,3,1,3,0,0,40,1
32,0,3,1,3,0,1902,50,1
41,2,3,0,3,0,0,40,1
45,6,3,3,3,0,0,50,1
35,3,3,1,3,0,0,40,1
53,1,3,1,4,4386,0,40,1
28,2,3,2,3,0,0,40,1
61,5,3,1,3,0,0,50,1
67,6,3,1,3,20051,0,40,1
30,3,3,3,3,0,0,45,1
39,3,3,1,3,0,0,45,1
39,0,3,0,4,0,0,40,1
33,0,3,0,3,0,0,40,1
39,0,3,3,3,0,0,40,1
37,0,3,0,3,0,0,35,1
51,6,4,3,2,15020,0,40,1
50,6,1,1,1,0,0,40,1
38,2,3,3,3,0,0,40,1
36,3,3,3,3,0,0,40,1
59,3,3,3,3,0,0,40,1
38,1,3,1,4,0,1902,40,1
24,1,3,1,3,0,0,50,1
66,1,3,1,3,5556,0,40,1
40,3,3,3,3,0,0,40,1
47,3,3,3,3,0,0,50,1
60,5,3,0,3,0,0,50,1
57,6,3,3,3,0,0,35,1
39,1,3,0,3,0,0,52,1
41,3,3,3,3,0,0,35,1
47,3,3,3,3,0,0,40,1
61,1,3,1,3,0,0,44,1
46,0,3,1,3,0,0,40,1
47,3,1,3,1,0,0,40,1
61,3,3,3,3,0,0,40,1
58,3,3,3,3,0,0,47,1
48,3,3,3,3,0,0,44,1
43,0,3,0,3,0,0,40,1
34,2,3,1,4,0,0,40,1
41,1,3,0,3,0,0,45,1
28,3,3,3,3,0,1887,40,1
49,0,3,0,3,0,0,40,1
36,1,3,3,3,0,0,40,1
27,1,3,0,3,0,0,40,1
41,6,3,1,4,0,1902,35,1
59,0,3,0,3,0,0,40,1
36,3,3,3,3,3103,0,45,1
45,3,3,0,3,7688,0,40,1
48,0,3,1,4,0,0,40,1
32,3,3,3,4,0,0,40,1
60,6,3,3,4,3103,0,40,1
44,3,3,3,3,7688,0,52,1
39,3,0,3,1,0,0,40,1
72,0,3,1,3,0,0,40,1
32,2,3,1,3,0,0,50,1
88,4,3,4,3,6418,0,40,1
64,0,3,4,3,0,0,40,1
35,3,3,3,3,0,0,50,1
39,3,3,3,3,15024,0,40,1
32,3,3,3,3,0,2415,48,1
32,2,3,0,3,0,0,40,1
46,3,3,1,3,0,2415,35,1
59,4,4,3,2,0,2559,50,1
34,0,3,0,3,0,0,40,1
54,1,3,1,3,0,1977,40,1
30,3,3,3,3,0,0,40,1
44,2,3,0,3,4386,0,40,1
27,2,0,0,2,0,0,40,1
41,6,3,3,3,0,0,50,1
26,3,0,3,1,0,2258,45,1
33,0,3,1,4,0,0,35,1
57,0,3,3,3,0,0,40,1
30,3,3,0,3,0,0,36,1
29,1,3,2,3,0,0,46,1
34,3,3,3,4,0,0,40,1
36,1,3,0,3,0,0,50,1
50,6,3,3,3,0,0,50,1
29,3,3,3,3,0,0,50,1
47,0,3,1,4,0,0,40,1
56,5,3,3,3,0,0,40,1
28,3,3,3,3,0,0,40,1
53,0,3,3,3,0,0,45,1
59,1,3,1,3,0,0,50,1
37,3,3,3,3,5178,0,40,1
37,1,1,3,1,0,0,40,1
47,2,3,0,3,0,0,40,1
40,6,3,3,3,0,0,40,1
48,6,3,3,3,0,0,35,1
47,3,3,3,4,0,0,50,1
51,2,3,0,3,0,0,40,1
55,0,3,0,3,7688,0,40,1
53,0,3,0,3,0,0,50,1
36,1,3,3,3,0,0,50,1
43,3,3,3,4,0,0,40,1
47,3,3,3,3,0,0,40,1
33,0,3,3,4,0,0,42,1
42,6,3,3,3,0,0,40,1
52,1,3,0,3,0,0,40,1
46,3,3,1,3,0,0,40,1
40,3,3,3,3,0,0,45,1
44,2,3,3,3,4386,0,45,1
29,3,3,3,3,0,0,40,1
48,6,3,3,3,0,0,40,1
42,0,3,1,3,0,0,48,1
36,3,3,3,3,0,0,40,1
58,2,3,3,3,0,0,50,1
36,0,3,1,3,0,0,40,1
57,3,0,3,1,0,0,40,1
48,4,3,4,3,0,0,50,1
25,0,3,0,3,0,0,40,1
46,1,3,0,3,0,0,45,1
57,6,1,3,1,0,0,50,1
35,3,3,3,3,0,0,40,1
54,2,3,1,3,7688,0,40,1
49,6,3,3,3,0,0,43,1
65,0,3,0,3,6418,0,40,1
41,6,3,3,3,0,0,38,1
52,0,0,0,1,0,0,45,1
53,6,3,3,3,0,1902,50,1
36,3,3,1,3,0,0,42,1
42,0,3,0,3,0,0,40,1
46,6,3,3,3,0,1887,45,1
40,6,1,3,1,0,0,50,1
29,3,3,3,3,0,0,50,1
58,5,3,0,3,0,0,40,1
36,3,3,1,4,0,0,35,1
47,3,3,0,3,0,0,50,1
44,6,3,3,3,0,0,50,1
46,0,3,0,3,0,0,40,1
28,3,1,2,2,0,0,48,1
34,1,3,0,3,7298,0,40,1
44,0,3,0,3,0,0,40,1
51,0,3,1,3,0,0,50,1
26,2,3,0,3,5178,0,40,1
41,6,3,3,3,0,0,45,1
40,6,3,3,3,0,0,35,1
30,6,3,3,3,0,0,44,1
57,6,3,1,3,0,0,40,1
34,3,3,3,3,0,0,40,1
40,4,3,0,3,0,0,50,1
46,6,3,3,3,0,1902,45,1
39,6,3,3,3,15024,0,40,1
32,3,3,1,3,0,0,40,1
47,6,3,3,3,0,0,40,1
42,6,1,1,2,4687,0,35,1
59,1,3,1,3,0,0,40,1
53,6,3,3,3,0,0,40,1
36,3,1,3,1,0,0,40,1
49,3,3,1,3,0,0,52,1
61,0,3,0,3,0,0,45,1
35,2,3,3,3,7298,0,50,1
44,6,1,3,1,0,0,50,1
44,2,3,0,3,0,0,40,1
50,1,3,0,3,0,0,40,1
52,3,3,3,3,0,0,50,1
64,0,3,0,3,0,0,40,1
50,1,3,0,3,0,0,50,1
59,0,3,0,3,0,0,45,1
54,1,3,1,3,15024,0,40,1
52,1,3,3,3,0,0,45,1
53,2,3,1,3,0,0,50,1
47,1,3,0,3,3103,0,40,1
37,3,3,3,3,0,0,45,1
55,3,3,3,3,0,0,40,1
29,3,0,1,1,0,0,40,1
55,6,3,3,3,0,1977,50,1
47,3,3,3,3,0,0,40,1
44,3,3,0,3,0,1977,40,1
34,6,3,3,3,0,0,40,1
40,3,3,1,3,0,0,40,1
51,0,3,0,3,0,0,40,1
40,3,0,3,1,0,0,50,1
28,3,0,3,1,0,0,50,1
39,3,0,3,1,0,0,44,1
34,3,3,3,3,0,0,45,1
54,6,3,3,3,0,0,40,1
36,3,3,3,3,0,0,50,1
32,3,1,3,1,10520,0,40,1
44,1,3,3,3,0,0,40,1
58,6,3,3,3,0,0,46,1
27,1,3,3,4,0,0,40,1
41,0,3,0,3,0,0,40,1
48,0,3,1,4,0,0,40,1
43,1,3,1,3,7298,0,50,1
41,3,1,3,1,0,0,45,1
25,0,3,1,4,0,0,50,1
33,3,3,3,3,0,0,40,1
32,3,3,3,3,0,0,45,1
58,0,3,3,3,0,0,40,1
45,3,3,3,3,0,0,40,1
33,6,3,3,3,0,0,40,1
51,1,3,1,3,0,0,40,1
45,6,0,3,1,0,0,40,1
30,0,3,2,3,0,0,40,1
28,1,3,0,3,0,1902,40,1
34,0,3,1,3,0,0,40,1
54,6,1,3,1,0,0,50,1
26,3,3,1,3,0,0,40,1
49,1,3,0,3,0,0,45,1
39,3,1,3,1,0,0,50,1
34,1,3,1,4,0,0,40,1
37,2,3,1,3,0,0,50,1
47,1,3,1,3,0,0,48,1
35,3,3,1,3,0,0,45,1
55,3,3,3,3,0,0,40,1
52,1,3,0,3,0,0,40,1
27,0,3,4,3,0,0,40,1
28,3,3,3,3,0,0,46,1
45,3,3,3,3,0,0,38,1
27,0,3,1,4,5178,0,40,1
42,1,3,0,3,0,0,40,1
45,0,3,1,3,0,0,40,1
50,0,3,0,3,0,0,50,1
45,2,3,0,3,4386,0,38,1
46,4,3,2,3,0,0,35,1
57,2,3,0,3,0,0,40,1
38,0,0,3,1,0,0,40,1
28,3,3,3,3,0,1902,43,1
38,2,3,0,3,0,0,40,1
55,3,3,1,3,0,0,40,1
39,3,3,3,3,0,0,50,1
56,6,3,3,3,0,0,50,1
36,3,3,1,3,0,0,40,1
58,3,3,1,4,0,0,40,1
38,1,3,0,3,3103,0,40,1
46,6,3,3,3,15024,0,45,1
51,1,3,0,3,0,0,40,1
42,0,3,0,3,7688,0,45,1
44,6,3,3,3,0,0,40,1
55,3,3,3,3,0,0,40,1
47,2,3,1,3,5178,0,50,1
35,1,3,0,3,0,0,40,1
32,3,3,3,3,0,0,40,1
42,0,3,3,3,5178,0,50,1
67,0,4,3,2,0,0,38,1
44,1,3,3,3,7298,0,45,1
36,4,3,0,3,5178,0,40,1
31,3,3,1,3,0,1902,45,1
40,3,3,3,3,0,0,45,1
54,0,3,0,3,0,1902,40,1
48,1,3,0,3,0,0,45,1
43,3,1,3,1,14344,0,40,1
44,6,1,3,2,7430,0,45,1
29,0,3,0,3,0,0,40,1
33,3,0,3,1,0,0,50,1
57,6,3,3,3,0,0,40,1
61,1,3,1,3,0,0,40,1
26,4,3,1,3,0,0,40,1
39,6,0,1,1,0,2444,45,1
42,1,3,1,3,0,0,40,1
37,6,0,3,1,0,0,40,1
53,6,0,1,1,0,0,40,1
35,3,3,3,3,0,0,45,1
42,3,3,3,3,0,0,48,1
46,6,3,3,3,0,0,50,1
44,1,3,1,3,0,0,50,1
35,2,0,1,1,14344,0,40,1
31,3,3,3,3,0,0,50,1
48,2,3,3,3,0,0,50,1
51,6,3,3,3,15024,0,40,1
34,3,3,1,3,0,0,50,1
35,6,3,3,3,0,0,50,1
47,1,3,3,3,0,0,40,1
43,3,3,3,3,0,0,45,1
37,3,3,1,3,0,0,40,1
26,3,3,1,3,0,0,40,1
48,6,3,3,3,15024,0,50,1
29,0,3,3,3,0,0,40,1
30,6,3,3,3,0,0,40,1
39,3,3,1,3,0,0,40,1
47,2,3,0,3,0,0,40,1
48,0,3,1,4,0,0,40,1
28,3,0,3,1,0,1564,50,1
46,1,3,3,4,0,0,40,1
45,6,3,3,3,0,1977,43,1
45,0,3,2,3,0,0,40,1
39,1,3,3,3,0,1848,47,1
54,3,3,3,3,0,0,40,1
37,2,0,3,1,0,0,50,1
36,3,3,3,3,0,0,40,1
48,3,3,3,3,0,0,40,1
45,3,1,2,1,0,0,40,1
39,3,3,3,3,15024,0,50,1
51,0,3,3,3,0,0,40,1
33,6,3,3,3,0,0,40,1
34,3,3,3,3,0,0,40,1
36,6,3,3,3,0,0,50,1
38,0,0,3,1,0,0,40,1
38,3,3,3,3,0,0,50,1
41,2,3,1,3,7298,0,40,1
32,0,3,0,3,0,0,50,1
41,3,3,0,3,0,0,40,1
38,3,3,3,3,0,1887,50,1
45,3,3,3,3,0,0,45,1
49,6,3,3,3,0,0,40,1
55,6,3,3,3,0,0,40,1
37,1,3,1,3,0,0,50,1
52,0,3,3,4,15024,0,40,1
47,0,1,0,2,0,0,40,1
57,0,3,0,3,0,0,40,1
48,1,3,0,3,0,0,40,1
37,1,3,3,4,0,0,40,1
28,1,3,0,3,0,0,45,1
49,0,3,0,3,0,0,40,1
45,6,3,3,3,0,0,40,1
38,3,0,1,1,0,0,40,1
43,6,3,3,3,15024,0,50,1
50,1,3,4,3,0,0,40,1
30,3,3,3,3,0,0,40,1
28,2,3,3,4,0,0,36,1
49,6,3,3,3,0,0,50,1
42,6,3,3,3,0,0,45,1
51,1,3,1,3,7298,0,40,1
38,0,3,0,3,0,1902,40,1
29,3,3,3,3,7688,0,40,1
54,2,3,1,3,0,0,50,1
28,4,3,0,3,0,0,50,1
48,2,3,0,3,0,1848,46,1
46,3,3,3,3,0,1902,40,1
40,1,3,3,4,7688,0,40,1
44,2,1,3,1,8614,0,40,1
47,0,3,1,3,0,0,50,1
42,6,1,3,2,0,0,45,1
65,1,3,1,3,0,0,35,1
46,3,3,3,3,0,0,40,1
37,1,3,0,3,0,0,40,1
28,3,3,3,3,0,1887,40,1
37,3,0,3,1,0,0,48,1
38,6,3,3,3,0,0,40,1
46,1,3,1,3,0,0,40,1
55,0,3,0,3,0,0,40,1
33,3,3,3,3,7298,0,45,1
32,3,3,3,3,0,0,40,1
37,6,0,3,1,0,0,40,1
39,3,3,3,4,0,0,50,1
44,4,3,0,3,0,0,40,1
62,0,3,0,3,0,0,40,1
45,3,3,0,3,15024,0,40,1
40,3,3,1,3,0,0,45,1
46,6,3,3,3,0,0,45,1
29,3,0,3,1,8614,0,45,1
30,1,3,0,3,0,0,40,1
52,0,3,0,3,0,0,40,1
44,4,3,3,4,5178,0,36,1
54,0,3,1,3,0,1848,40,1
64,3,3,0,3,0,0,45,1
43,1,3,3,3,0,0,40,1
31,3,3,1,4,0,0,40,1
51,0,3,1,3,0,0,48,1
58,6,3,3,3,15024,0,40,1
53,3,3,3,3,7688,0,40,1
62,2,3,3,3,7298,0,50,1
56,0,3,0,3,0,0,44,1
59,1,3,0,3,15024,0,50,1
60,1,3,1,3,0,0,40,1
53,0,3,0,3,0,0,40,1
41,0,3,0,3,0,0,40,1
32,1,3,4,3,0,0,50,1
37,3,3,3,3,7298,0,40,1
35,6,0,3,0,0,0,44,1
30,3,3,1,3,0,0,40,1
31,0,3,0,3,0,0,50,1
55,6,3,3,3,0,1902,40,1
59,0,3,0,3,0,0,40,1
63,3,3,3,3,15024,0,45,1
41,2,3,3,3,0,0,50,1
47,3,3,1,3,0,0,40,1
39,0,3,3,3,0,1977,40,1
54,0,3,3,3,5178,0,40,1
41,6,3,1,4,0,0,50,1
58,0,4,0,2,8614,0,52,1
65,3,3,3,3,0,0,40,1
37,0,1,4,1,27828,0,40,1
29,3,3,3,3,0,0,40,1
63,3,3,1,3,7298,0,40,1
35,3,0,3,1,0,0,50,1
48,1,4,1,2,0,0,50,1
47,6,0,3,1,0,0,40,1
51,0,3,3,3,7688,0,50,1
62,0,3,0,3,0,0,40,1
29,3,3,3,3,0,0,50,1
27,3,0,3,1,13550,0,40,1
40,6,3,3,3,3103,0,40,1
40,3,3,0,0,0,0,40,1
37,0,3,2,3,7688,0,35,1
41,3,3,0,3,0,0,40,1
37,1,3,0,3,0,0,50,1
53,1,3,0,3,7298,0,40,1
30,3,3,3,4,0,0,40,1
39,1,1,3,1,0,0,45,1
39,2,3,0,3,0,0,50,1
33,0,3,3,4,0,0,42,1
46,1,3,0,3,0,0,40,1
46,2,3,0,3,0,0,40,1
39,1,3,2,3,0,0,40,1
45,0,3,3,3,0,0,45,1
43,6,3,3,3,0,0,40,1
47,0,3,1,3,0,0,40,1
28,3,3,1,3,0,0,45,1
48,3,3,3,3,0,0,45,1
57,1,3,3,3,0,0,40,1
52,1,3,0,3,0,0,36,1
40,3,3,3,3,0,0,50,1
35,3,1,1,2,7430,0,40,1
59,3,3,3,3,15024,0,40,1
59,0,3,0,3,0,0,40,1
47,6,3,3,3,0,0,40,1
46,3,3,3,3,0,0,40,1
25,3,0,4,0,27828,0,50,1
45,3,3,3,3,0,0,40,1
40,0,3,0,3,0,1887,40,1
51,0,3,1,3,0,0,40,1
54,0,3,0,4,0,0,40,1
50,0,3,2,3,0,0,38,1
30,0,3,1,3,0,0,52,1
35,6,3,3,3,7298,0,40,1
57,3,3,3,3,15024,0,50,1
49,2,3,3,3,0,0,40,1
41,3,3,3,3,0,0,40,1
53,0,4,1,1,0,0,39,1
52,1,3,1,4,0,0,40,1
39,6,3,3,3,0,0,40,1
42,3,1,3,1,0,0,45,1
62,3,3,3,3,0,0,50,1
53,3,3,3,3,0,2415,50,1
51,6,3,3,3,0,0,50,1
30,2,1,1,1,0,0,40,1
42,3,3,3,3,0,0,40,1
56,0,3,1,3,0,0,50,1
45,6,3,3,3,0,1485,50,1
34,3,3,1,3,0,1887,40,1
34,6,3,3,3,0,0,40,1
33,6,3,3,4,0,0,40,1
33,3,0,3,1,10520,0,45,1
37,0,3,1,3,0,1902,45,1
46,3,3,3,4,0,0,40,1
45,6,3,3,3,0,0,35,1
42,1,2,3,1,0,0,40,1
47,1,3,1,3,0,0,50,1
27,0,3,2,3,0,0,40,1
38,4,3,3,3,0,1887,45,1
47,4,3,0,3,7298,0,40,1
43,1,3,3,3,0,0,40,1
44,0,3,0,3,0,0,40,1
39,0,3,0,3,0,1848,40,1
62,2,3,3,4,0,0,45,1
32,3,3,3,3,0,0,40,1
45,1,3,1,3,0,0,50,1
29,1,3,2,3,0,0,46,1
38,2,3,0,3,0,0,40,1
27,1,3,1,3,0,0,40,1
54,6,3,3,4,0,1887,38,1
60,1,1,0,0,0,0,44,1
61,6,3,3,3,0,0,40,1
37,0,3,3,3,0,1887,50,1
28,0,3,0,3,0,0,50,1
27,3,3,1,3,0,0,50,1
47,1,1,0,2,0,0,40,1
32,3,3,3,3,0,0,40,1
54,0,3,3,3,5178,0,40,1
37,2,3,3,3,0,0,45,1
45,1,3,1,3,7688,0,40,1
36,3,3,1,3,0,2415,45,1
48,5,3,0,3,0,0,40,1
30,1,0,0,1,0,0,40,1
43,3,3,1,3,0,0,40,1
57,3,3,3,3,0,0,40,1
41,2,3,4,3,0,1977,50,1
38,3,3,3,4,0,0,50,1
44,3,1,3,0,0,0,50,1
49,0,3,2,3,0,0,40,1
40,4,3,2,4,0,0,40,1
49,6,0,3,1,27828,0,35,1
31,3,3,1,3,0,0,50,1
34,3,3,2,4,7688,0,50,1
53,0,3,0,3,7298,0,40,1
38,1,3,3,4,0,0,45,1
54,6,3,3,4,0,1887,50,1
63,1,3,3,3,4386,0,40,1
26,6,3,3,3,0,1887,40,1
43,2,3,3,4,0,0,40,1
35,0,3,0,3,0,0,40,1
55,0,1,1,1,0,0,40,1
42,6,3,1,4,15024,0,40,1
31,0,3,2,3,0,0,41,1
38,3,3,3,4,0,0,50,1
39,0,3,3,3,7298,0,40,1
34,3,3,3,3,0,0,40,1
63,5,3,0,3,0,0,44,1
44,3,3,3,3,0,0,50,1
32,6,3,3,3,0,1902,45,1
44,3,3,3,3,0,0,40,1
49,3,3,3,3,0,0,45,1
45,1,3,3,3,0,0,40,1
30,6,3,3,3,0,0,50,1
30,3,3,3,3,0,0,47,1
28,3,0,3,1,0,1564,50,1
70,6,0,3,2,7896,0,50,1
55,1,3,1,3,0,0,40,1
59,3,3,1,3,0,0,37,1
59,1,3,0,3,15024,0,50,1
33,3,3,1,3,0,1977,40,1
46,1,3,1,3,0,0,40,1
34,0,3,0,3,0,0,35,1
57,3,3,3,3,0,0,50,1
50,1,3,3,3,0,0,50,1
47,3,3,3,3,0,1902,45,1
40,0,3,3,3,0,0,45,1
63,3,0,1,1,0,0,40,1
37,2,0,3,1,0,0,50,1
34,3,3,3,4,0,0,50,1
39,3,3,1,3,0,0,40,1
38,3,1,3,1,27828,0,45,1
49,3,0,3,1,0,0,40,1
41,0,3,0,3,0,0,50,1
47,6,1,3,1,0,0,40,1
66,3,3,1,3,0,0,50,1
58,6,3,1,3,7688,0,40,1
29,3,3,1,3,0,0,40,1
40,3,3,1,3,0,0,45,1
62,3,1,3,1,14084,0,40,1
37,2,0,3,1,0,0,50,1
47,6,3,3,3,0,0,40,1
47,1,0,1,1,13550,0,45,1
69,6,3,3,3,0,0,40,1
36,3,3,1,3,0,0,50,1
32,1,3,1,3,0,0,40,1
27,6,3,3,3,0,0,40,1
61,6,3,3,3,0,0,50,1
50,6,3,3,4,0,1902,40,1
38,0,3,0,3,0,0,40,1
50,3,3,1,4,0,0,40,1
49,1,3,3,3,0,0,45,1
57,3,3,3,3,15024,0,50,1
35,0,1,3,2,0,0,40,1
42,0,3,3,3,0,0,40,1
59,0,3,2,3,0,0,40,1
61,6,3,3,3,0,0,50,1
56,1,3,1,3,0,0,45,1
32,3,3,1,3,0,1977,45,1
50,1,3,3,3,0,0,50,1
33,3,3,3,3,15024,0,50,1
64,1,3,3,4,0,0,40,1
53,0,2,0,1,10520,0,40,1
61,1,3,1,3,0,0,40,1
24,0,3,0,3,4386,0,40,1
55,6,3,3,3,0,0,40,1
36,0,3,1,3,0,0,40,1
33,1,3,1,3,0,0,48,1
37,3,3,1,3,15024,0,40,1
37,1,3,1,3,0,0,45,1
32,0,3,0,3,0,1902,40,1
42,0,3,0,3,0,0,40,1
50,6,3,3,3,0,0,50,1
50,1,3,1,3,0,0,50,1
54,6,3,3,3,5178,0,50,1
48,1,3,3,3,0,0,40,1
39,3,3,3,3,15024,0,50,1
34,3,3,2,3,0,1902,48,1
35,0,3,0,3,0,0,45,1
49,3,3,3,3,0,0,40,1
35,0,1,1,1,0,0,50,1
34,1,3,0,3,0,0,40,1
26,3,3,0,3,0,0,40,1
79,6,3,3,3,20051,0,35,1
48,5,3,0,3,0,0,40,1
37,3,3,3,3,0,0,45,1
36,3,3,3,3,0,0,45,1
56,2,3,3,3,15024,0,40,1
31,1,3,0,3,0,0,45,1
28,3,0,3,1,0,1564,50,1
44,3,3,3,3,7688,0,40,1
53,1,1,0,1,0,2444,45,1
59,3,3,3,3,0,1902,43,1
62,6,3,3,3,0,0,40,1
38,1,3,3,4,0,0,38,1
42,2,3,3,3,0,0,44,1
45,3,3,3,3,0,0,40,1
42,3,3,3,3,0,0,45,1
38,4,3,0,3,0,0,40,1
43,0,3,0,3,0,0,40,1
44,1,3,2,3,0,0,40,1
36,0,3,0,3,0,0,45,1
48,1,4,1,2,0,0,50,1
39,0,3,3,3,0,0,40,1
48,3,3,1,3,4386,0,50,1
31,3,3,3,3,0,0,40,1
61,1,3,3,3,15024,0,45,1
53,0,3,3,3,7688,0,48,1
40,2,3,1,3,7688,0,50,1
42,1,3,0,3,0,0,40,1
65,6,3,3,3,20051,0,40,1
45,3,3,1,3,0,0,52,1
41,0,3,0,3,5178,0,40,1
38,1,3,0,3,0,0,40,1
33,3,3,3,3,0,0,50,1
36,6,3,1,3,0,1977,50,1
40,6,3,3,3,0,0,50,1
31,1,3,1,3,0,0,44,1
46,0,3,0,3,0,0,40,1
53,3,3,1,3,0,1485,40,1
34,1,3,0,3,0,0,40,1
50,4,3,0,3,0,0,40,1
40,3,3,3,3,0,1887,40,1
62,3,3,3,3,5178,0,40,1
65,6,3,3,3,5556,0,50,1
64,0,3,1,3,0,0,45,1
44,6,0,3,1,0,0,45,1
65,0,3,1,3,0,2174,40,1
32,3,3,3,3,15024,0,45,1
30,6,3,3,3,0,0,40,1
34,1,3,3,4,0,1887,40,1
52,3,3,2,3,0,0,48,1
40,3,1,3,1,0,0,45,1
40,0,3,1,3,7298,0,45,1
47,0,3,0,3,0,0,40,1
33,3,3,1,3,0,1902,45,1
46,0,3,2,3,7298,0,40,1
30,6,0,3,1,0,0,45,1
49,3,3,0,3,0,0,40,1
43,6,3,3,3,0,0,40,1
33,3,3,3,3,15024,0,50,1
36,1,3,3,3,0,1887,40,1
60,0,3,0,3,7688,0,40,1
53,1,1,0,1,0,0,48,1
38,4,3,0,3,0,0,48,1
58,6,3,3,3,0,0,35,1
50,6,3,3,3,0,0,46,1
53,0,3,0,3,0,0,40,1
46,1,1,1,1,13550,0,40,1
36,3,0,3,1,8614,0,40,1
50,1,3,0,3,0,0,40,1
61,3,3,3,3,7688,0,40,1
40,0,3,0,3,0,0,40,1
39,3,3,3,3,0,0,40,1
38,3,3,3,3,0,0,50,1
36,5,3,0,3,7298,0,40,1
56,0,3,0,3,0,0,52,1
46,3,3,3,3,0,0,38,1
40,3,0,3,1,0,0,50,1
36,3,3,0,0,0,0,40,1
28,3,3,3,3,3103,0,40,1
30,0,3,0,3,0,0,40,1
33,3,3,3,3,0,0,40,1
36,3,3,3,3,7298,0,40,1
45,6,0,3,1,0,0,50,1
61,0,3,3,3,0,0,35,1
49,3,3,3,3,0,0,45,1
47,2,3,3,3,0,0,38,1
52,2,3,2,3,0,0,40,1
36,0,3,0,3,7298,0,50,1
49,0,3,2,4,0,0,40,1
47,6,3,3,3,0,0,40,1
51,3,3,3,3,0,0,40,1
36,0,3,0,3,0,0,50,1
28,6,3,3,4,0,0,50,1
31,0,3,0,3,7298,0,45,1
43,1,3,1,3,7688,0,40,1
53,2,1,0,1,0,0,40,1
53,1,3,0,3,0,0,40,1
37,1,3,3,3,0,0,40,1
44,3,3,3,3,0,0,45,1
37,6,0,3,1,27828,0,50,1
32,6,1,3,1,0,0,40,1
47,3,3,0,3,0,0,50,1
40,3,3,1,3,0,0,50,1
48,3,3,1,3,0,0,40,1
42,1,3,3,3,0,0,40,1
60,2,4,3,2,0,0,40,1
51,3,1,1,1,0,0,50,1
57,6,3,3,3,0,1977,40,1
55,0,1,0,1,4787,0,40,1
51,3,3,3,3,0,0,40,1
53,6,1,3,1,0,0,40,1
43,0,3,0,3,0,0,48,1
40,2,3,3,3,0,0,40,1
40,0,3,0,3,0,1887,40,1
42,2,3,3,3,7298,0,50,1
65,0,3,3,3,0,0,40,1
59,2,1,3,1,0,0,50,1
36,1,3,0,3,0,0,40,1
54,6,3,3,3,7688,0,40,1
40,0,3,3,3,0,0,40,1
31,3,3,3,4,7688,0,43,1
53,6,3,3,3,0,0,50,1
53,1,0,1,1,0,0,50,1
50,2,3,1,3,3103,0,40,1
36,3,3,2,3,15024,0,40,1
42,3,3,3,3,0,0,52,1
31,0,3,0,4,5178,0,35,1
45,0,3,0,3,0,0,40,1
39,0,3,1,3,15024,0,50,1
45,0,3,0,3,0,0,40,1
45,6,3,3,3,0,0,50,1
39,6,3,3,3,0,0,45,1
49,2,3,0,3,0,0,40,1
46,3,3,1,3,0,1902,40,1
55,3,3,3,3,0,0,40,1
60,1,3,3,3,0,0,40,1
42,6,3,3,3,0,0,40,1
54,0,3,0,3,0,0,44,1
44,1,3,1,3,0,0,40,1
60,1,3,0,3,0,0,40,1
43,3,0,3,1,0,0,45,1
43,3,3,1,3,0,0,40,1
51,6,3,1,3,0,0,40,1
48,0,3,2,3,0,0,40,1
58,4,1,0,2,0,0,45,1
57,6,3,3,3,0,0,40,1
43,0,1,3,2,0,0,40,1
56,3,3,3,3,0,0,42,1
53,3,3,3,3,0,0,45,1
30,1,3,0,3,0,0,45,1
50,0,3,0,3,0,0,40,1
35,3,1,1,2,7430,0,40,1
48,2,3,3,3,0,0,50,1
33,3,3,1,3,0,1848,45,1
46,0,3,0,3,0,0,40,1
57,3,3,3,3,0,0,50,1
29,6,3,3,3,0,1977,40,1
53,0,3,0,3,0,0,48,1
29,3,3,3,3,0,0,40,1
37,1,3,0,3,0,0,40,1
40,1,3,1,3,0,0,40,1
43,0,3,3,3,0,0,40,1
50,3,3,1,3,0,0,40,1
39,1,3,1,3,0,0,40,1
36,1,3,0,3,0,0,40,1
35,3,3,1,3,0,0,50,1
50,3,3,1,3,0,0,40,1
52,6,3,3,3,0,0,50,1
42,6,3,3,3,0,0,40,1
59,3,3,3,3,0,0,50,1
41,3,3,3,3,7688,0,40,1
57,0,3,0,3,0,0,50,1
36,0,3,0,3,7298,0,50,1
35,1,3,1,4,0,0,40,1
35,6,3,1,3,0,0,45,1
56,1,3,3,3,0,0,50,1
32,6,3,3,3,7688,0,45,1
45,6,0,0,1,0,0,50,1
60,0,3,1,3,0,1977,40,1
55,3,3,3,3,0,0,45,1
42,3,3,3,3,5178,0,40,1
41,3,3,3,3,0,0,40,1
35,3,3,1,3,0,0,45,1
45,0,3,2,3,0,0,40,1
49,3,3,3,3,0,0,50,1
46,2,3,1,3,7298,0,40,1
33,1,3,1,3,3103,0,45,1
34,6,3,3,3,0,0,40,1
48,0,3,3,3,0,0,50,1
42,0,3,1,3,7298,0,40,1
75,0,0,1,1,0,0,40,1
49,6,1,3,2,0,0,50,1
45,2,4,1,2,0,0,40,1
53,0,3,3,3,0,0,45,1
51,6,3,3,3,0,2415,40,1
59,0,3,1,3,0,0,40,1
47,1,3,0,3,0,0,40,1
56,0,3,0,3,0,0,35,1
35,4,1,0,1,0,0,50,1
50,6,3,3,3,0,0,40,1
35,0,3,2,3,0,0,40,1
58,0,3,1,3,15024,0,40,1
41,2,3,3,3,0,0,40,1
50,6,3,3,3,15024,0,40,1
35,1,3,0,3,0,0,45,1
50,1,3,0,3,0,0,50,1
29,3,0,3,1,8614,0,45,1
62,1,3,1,4,0,0,38,1
30,0,1,2,1,0,0,40,1
36,6,3,3,3,0,0,50,1
46,1,3,1,3,15024,0,40,1
47,3,3,3,3,0,0,35,1
47,0,3,0,3,5178,0,40,1
53,3,3,3,3,0,0,40,1
53,3,3,3,3,0,0,50,1
39,3,3,3,3,0,0,45,1
61,1,3,1,3,0,0,40,1
33,3,3,3,3,15024,0,40,1
42,3,3,3,4,0,0,50,1
50,0,3,0,3,0,0,50,1
43,1,3,3,3,0,0,40,1
41,1,3,1,4,3103,0,40,1
38,3,3,3,3,7298,0,50,1
56,0,3,3,3,0,0,40,1
36,3,3,3,3,0,0,45,1
53,2,3,1,4,0,0,40,1
55,3,1,3,1,14084,0,45,1
49,1,3,0,3,0,0,50,1
52,0,3,0,3,0,0,40,1
32,3,0,1,1,0,1564,50,1
36,3,3,3,3,0,0,40,1
37,3,3,3,3,15024,0,50,1
45,3,3,2,3,0,0,50,1
27,2,3,1,3,7298,0,50,1
46,0,3,2,3,7298,0,40,1
55,0,1,1,2,0,0,50,1
36,2,3,3,4,0,0,40,1
62,2,3,1,3,0,0,40,1
58,0,3,0,3,0,0,40,1
36,3,3,1,3,0,1902,40,1
61,1,3,1,3,7688,0,40,1
37,0,1,0,1,14344,0,40,1
37,1,3,1,3,0,0,45,1
46,1,3,0,3,3103,0,35,1
48,3,2,3,5,0,0,36,1
53,1,1,0,1,0,0,48,1
36,1,3,1,3,0,0,40,1
39,0,3,0,3,0,0,40,1
48,3,3,3,3,0,0,50,1
38,2,3,3,3,0,0,45,1
43,0,1,3,2,0,0,47,1
49,0,3,1,3,0,0,40,1
43,3,3,3,3,0,0,50,1
46,6,3,3,3,0,1977,42,1
42,4,1,1,2,7430,0,50,1
40,6,3,3,4,15024,0,50,1
90,6,0,3,1,0,0,50,1
49,3,3,1,3,0,0,50,1
36,1,3,3,3,0,0,50,1
46,2,3,0,3,0,0,40,1
32,3,3,0,3,0,0,50,1
49,6,3,3,4,0,0,50,1
37,3,3,3,4,0,0,40,1
35,6,3,3,4,15024,0,50,1
27,0,3,1,3,4386,0,40,1
41,0,3,3,3,0,0,40,1
32,3,3,3,3,0,0,40,1
43,0,3,0,3,0,1902,40,1
38,1,3,1,3,0,0,40,1
29,1,0,2,1,0,0,41,1
42,6,0,3,1,0,0,40,1
43,0,3,3,3,0,1887,40,1
63,6,3,3,3,0,0,40,1
30,3,0,3,1,8614,0,40,1
41,1,3,1,3,0,0,50,1
46,3,3,3,3,0,0,40,1
42,0,3,1,4,0,0,40,1
62,6,3,3,4,0,0,40,1
45,3,3,3,3,0,0,50,1
29,0,3,3,3,0,0,40,1
52,0,3,1,3,0,0,40,1
57,0,3,0,3,0,0,40,1
36,1,3,0,3,0,0,40,1
40,3,3,1,3,0,0,40,1
27,1,0,2,1,0,2231,40,1
59,0,3,0,3,0,0,40,1
31,2,3,1,3,0,0,40,1
38,0,3,2,3,0,0,40,1
38,6,3,3,3,0,0,40,1
57,4,3,0,3,0,0,40,1
38,0,0,3,1,0,0,40,1
38,0,3,1,3,0,0,40,1
48,3,3,3,3,15024,0,45,1
43,6,3,3,3,0,0,50,1
33,5,0,4,1,0,0,40,1
42,3,3,3,3,3103,0,50,1
36,3,3,3,3,0,0,35,1
63,0,3,3,3,0,0,40,1
45,1,3,1,3,0,0,50,1
51,6,3,3,3,0,0,38,1
42,1,3,3,4,0,0,40,1
43,3,3,1,3,0,0,40,1
37,3,3,3,3,0,0,45,1
36,1,3,0,3,0,0,40,1
65,6,3,1,3,10605,0,44,1
35,0,3,1,3,0,1902,40,1
50,6,3,1,3,0,0,40,1
52,0,1,0,1,0,0,40,1
50,1,3,0,3,0,0,48,1
37,2,3,1,3,0,1977,45,1
33,1,3,3,3,0,0,50,1
48,3,3,1,3,0,0,40,1
36,2,3,3,3,0,0,48,1
55,1,3,1,3,0,0,40,1
37,0,3,0,3,0,0,40,1
50,2,3,0,3,0,0,40,1
50,3,1,3,1,0,0,40,1
42,3,3,1,3,0,0,40,1
39,3,3,3,3,0,1887,50,1
32,3,3,3,4,0,1977,40,1
31,0,3,3,3,0,0,40,1
47,2,3,3,3,15024,0,50,1
45,3,0,2,1,0,0,44,1
28,6,3,3,3,0,0,38,1
39,2,3,2,3,0,1485,38,1
49,4,3,0,3,0,0,42,1
29,3,0,3,1,8614,0,45,1
30,3,3,3,3,0,0,40,1
39,1,3,1,3,3103,0,50,1
32,2,1,3,2,25236,0,50,1
33,1,3,0,3,0,0,40,1
47,6,3,3,3,0,0,35,1
36,1,3,0,3,0,0,40,1
51,1,3,0,3,0,0,40,1
37,3,3,0,3,0,0,40,1
39,3,1,3,1,0,0,45,1
54,0,3,0,3,0,1902,40,1
32,3,3,3,3,0,0,40,1
38,3,0,1,1,0,2444,45,1
39,6,3,3,3,0,0,45,1
42,1,3,1,3,0,0,40,1
49,2,3,3,3,0,0,40,1
55,1,3,2,3,0,0,50,1
40,3,3,3,3,0,0,45,1
47,6,1,0,1,0,2258,50,1
41,1,3,1,3,0,0,40,1
46,1,3,1,3,5178,0,40,1
45,1,3,3,3,7688,0,50,1
44,3,1,1,1,0,0,40,1
67,0,3,3,3,9386,0,50,1
58,0,3,1,3,0,0,35,1
49,3,3,3,3,0,0,50,1
34,1,3,3,4,0,1887,40,1
39,3,3,0,4,0,0,40,1
46,6,3,3,3,0,0,50,1
38,6,3,3,3,0,0,40,1
30,1,3,1,3,7298,0,48,1
55,3,3,3,3,0,0,50,1
51,4,3,4,3,0,0,45,1
52,3,3,3,3,0,0,50,1
31,1,3,3,3,0,0,50,1
35,2,3,3,3,7298,0,50,1
51,3,3,0,3,0,0,40,1
39,1,3,3,3,0,0,45,1
39,3,3,1,3,0,0,45,1
30,2,3,1,5,0,0,40,1
46,2,3,1,3,15024,0,45,1
49,3,3,3,3,0,0,40,1
50,0,3,0,3,0,1902,44,1
48,1,3,3,4,5178,0,40,1
55,1,3,3,3,0,0,40,1
35,2,3,3,3,7298,0,50,1
35,3,3,3,3,7298,0,45,1
58,0,3,0,3,0,0,40,1
42,0,3,0,3,0,1887,40,1
34,6,3,3,3,0,0,41,1
62,6,3,1,3,0,0,40,1
47,6,3,1,3,0,0,45,1
65,0,3,1,3,0,2174,40,1
29,3,3,3,4,0,0,40,1
42,5,3,0,3,4386,0,50,1
65,3,3,3,3,0,0,40,1
25,2,3,1,4,0,0,42,1
51,0,3,2,3,0,0,40,1
47,2,3,3,3,15024,0,40,1
36,0,3,1,4,7298,0,35,1
36,1,3,3,3,0,0,50,1
52,0,3,1,3,0,0,45,1
38,3,3,1,4,0,0,50,1
29,2,3,1,3,0,0,42,1
58,0,1,1,2,0,0,40,1
47,0,3,0,3,0,0,50,1
35,1,3,3,3,0,0,40,1
38,3,3,3,3,0,0,40,1
30,3,0,1,1,4787,0,45,1
60,3,3,3,3,7298,0,40,1
52,0,3,0,3,0,0,40,1
36,0,3,3,3,15024,0,40,1
46,3,3,3,3,0,0,35,1
49,0,1,1,1,0,0,50,1
29,0,3,0,3,7298,0,40,1
81,1,3,1,3,0,2174,35,1
39,6,3,3,3,0,0,50,1
60,0,3,0,3,0,0,42,1
44,3,3,1,3,0,0,45,1
51,0,3,0,3,0,0,40,1
59,3,3,1,3,0,0,37,1
43,0,3,0,3,0,0,40,1
54,0,3,0,3,0,0,45,1
51,3,3,2,3,0,1902,50,1
48,0,3,3,3,7688,0,40,1
30,0,3,0,3,0,0,45,1
39,0,3,1,3,0,0,50,1
61,2,3,1,3,15024,0,40,1
34,0,3,3,3,0,0,45,1
44,1,3,1,3,7688,0,40,1
40,3,3,1,3,0,0,45,1
35,2,0,1,0,14344,0,40,1
65,3,3,3,3,0,0,44,1
57,1,3,3,3,0,0,40,1
38,0,3,0,3,0,0,40,1
48,3,3,3,3,0,0,45,1
35,1,1,3,2,0,0,45,1
47,6,3,3,3,15024,0,50,1
48,6,3,1,3,0,1977,40,1
48,6,3,3,3,0,0,40,1
25,3,3,3,4,0,0,38,1
37,3,3,0,3,0,0,45,1
45,0,3,3,3,0,0,40,1
34,0,3,0,3,0,0,50,1
46,1,3,0,3,0,0,50,1
56,4,3,0,3,7298,0,40,1
38,3,3,3,3,0,0,50,1
23,3,0,3,0,0,2258,40,1
54,0,3,1,3,0,0,40,1
31,4,3,1,4,0,0,40,1
36,0,3,0,3,0,0,40,1
40,0,3,0,3,0,0,40,1
50,3,3,1,3,0,0,40,1
42,1,3,0,3,0,0,50,1
38,4,3,1,3,0,1887,40,1
40,2,3,0,3,0,0,40,1
37,0,3,0,3,0,0,40,1
34,0,1,3,2,0,2472,35,1
43,0,3,0,3,0,0,48,1
61,6,3,3,3,0,1902,40,1
53,2,3,1,3,0,0,40,1
54,6,3,3,3,0,0,50,1
44,1,3,3,3,0,0,38,1
26,0,3,0,3,0,0,50,1
37,6,3,3,3,0,0,40,1
45,3,1,3,2,0,0,48,1
27,3,3,3,4,0,0,45,1
37,1,3,3,3,0,0,50,1
57,0,3,3,3,0,0,40,1
48,1,3,3,3,0,0,40,1
49,6,3,3,3,15024,0,50,1
47,0,3,0,3,0,0,40,1
46,6,3,3,3,15024,0,50,1
40,1,3,1,3,0,0,40,1
46,3,3,3,3,7688,0,40,1
52,6,3,5,3,7298,0,50,1
50,3,3,3,3,0,0,50,1
28,0,3,1,4,0,0,40,1
70,6,3,3,3,0,0,35,1
47,3,3,3,3,0,0,43,1
57,4,3,0,3,0,0,40,1
53,4,3,0,3,0,0,41,1
48,1,3,2,3,0,0,40,1
44,3,3,3,3,0,0,40,1
44,6,3,3,3,0,0,35,1
53,1,3,2,3,0,1887,40,1
38,3,3,0,3,0,0,50,1
42,3,3,0,4,0,0,35,1
41,3,3,3,3,0,0,40,1
42,0,3,0,3,0,0,40,1
62,3,3,3,3,15024,0,40,1
34,6,3,3,3,0,0,40,1
41,3,3,3,3,7688,0,50,1
42,0,3,0,3,0,0,50,1
52,4,3,3,3,0,0,50,1
42,3,3,1,3,0,1887,40,1
40,3,3,0,3,0,0,45,1
42,3,0,3,1,0,1564,38,1
31,3,3,3,3,0,0,45,1
48,3,3,3,3,0,0,50,1
37,3,2,3,2,4934,0,50,1
56,1,3,2,3,0,0,45,1
44,0,3,0,3,0,0,40,1
43,3,3,2,3,0,0,45,1
36,6,3,3,3,0,0,38,1
32,2,3,1,3,0,0,42,1
55,6,0,3,1,8614,0,40,1
42,3,3,1,3,7298,0,40,1
34,3,3,3,3,0,0,48,1
32,6,3,3,3,0,0,35,1
35,3,3,3,3,7298,0,45,1
51,4,3,4,3,0,0,45,1
44,0,3,3,3,0,1977,45,1
41,3,3,3,3,4386,0,50,1
37,0,3,1,3,0,0,40,1
41,1,3,0,3,0,0,40,1
28,0,3,1,3,0,0,40,1
32,3,3,3,4,0,0,35,1
40,0,3,3,3,0,0,40,1
40,6,3,3,4,0,0,40,1
59,1,3,1,3,0,0,40,1
40,2,3,3,3,7688,0,40,1
46,3,3,2,3,15024,0,40,1
38,2,3,0,3,0,0,40,1
52,3,3,1,3,0,0,45,1
45,2,3,3,4,0,0,40,1
47,6,3,3,4,7688,0,40,1
44,3,3,3,3,0,0,50,1
44,1,3,3,3,0,0,40,1
41,1,3,3,3,0,1902,40,1
58,1,3,1,3,0,0,45,1
42,3,3,1,3,15024,0,50,1
30,3,3,3,3,0,0,40,1
43,3,3,1,3,0,0,40,1
48,0,3,0,4,0,0,40,1
38,3,3,1,3,0,0,50,1
54,6,1,3,2,0,0,37,1
37,1,3,0,3,0,0,35,1
29,3,3,1,3,0,0,45,1
30,3,3,1,3,0,0,40,1
50,0,3,0,3,15024,0,50,1
29,0,3,1,4,0,0,40,1
43,6,3,3,3,0,0,35,1
31,0,3,0,4,5178,0,35,1
36,3,1,2,2,0,0,45,1
30,3,3,3,3,0,0,40,1
32,3,3,3,3,0,0,40,1
52,1,3,0,3,0,0,36,1
59,6,3,3,3,0,0,40,1
48,1,3,3,3,0,0,40,1
40,1,3,0,3,5178,0,40,1
56,0,3,0,3,0,0,52,1
32,3,3,3,3,0,0,43,1
47,1,3,3,3,0,0,40,1
45,3,3,3,3,15024,0,40,1
39,2,3,1,4,0,0,40,1
34,1,3,3,3,7298,0,40,1
50,0,3,0,3,0,0,40,1
51,0,3,0,3,7298,0,48,1
29,3,0,3,1,8614,0,40,1
31,1,3,1,3,0,0,44,1
43,3,3,0,3,0,1902,40,1
31,6,3,3,3,0,0,40,1
45,6,3,3,3,0,0,45,1
44,1,1,3,1,0,0,45,1
48,3,3,3,3,0,0,45,1
31,3,3,1,3,0,0,50,1
42,1,3,1,3,0,0,40,1
35,3,3,3,3,7298,0,40,1
33,0,3,3,3,7298,0,45,1
43,3,3,3,3,0,0,50,1
45,6,0,3,1,0,0,40,1
37,0,3,0,3,0,0,40,1
39,3,3,1,3,0,0,50,1
44,0,3,0,3,7298,0,50,1
51,1,1,1,2,0,2547,40,1
49,1,3,0,3,0,0,40,1
43,3,3,3,3,0,1902,40,1
45,6,3,1,3,0,0,50,1
35,6,0,3,1,0,0,45,1
57,5,3,0,3,3103,0,40,1
64,3,3,3,3,15024,0,35,1
33,2,1,0,1,0,2444,42,1
38,3,3,1,3,0,0,50,1
29,0,3,0,3,0,0,50,1
60,5,3,0,3,0,0,50,1
29,3,0,3,1,8614,0,40,1
33,6,3,3,3,0,0,40,1
51,6,3,3,3,7298,0,40,1
42,1,3,0,3,5178,0,50,1
57,1,3,1,4,0,0,40,1
42,3,3,3,3,0,0,48,1
59,0,3,3,3,0,1887,40,1
49,0,3,0,3,0,0,40,1
55,6,3,3,3,0,0,40,1
65,1,3,0,3,0,0,40,1
30,3,3,3,3,0,0,50,1
45,6,3,3,3,0,0,35,1
52,0,3,1,3,7298,0,50,1
43,1,3,0,3,0,0,50,1
48,6,3,1,3,0,1977,40,1
33,3,3,3,3,5178,0,40,1
45,3,3,3,3,0,0,40,1
39,1,2,0,2,0,0,40,1
39,3,0,1,1,8614,0,50,1
34,1,3,0,3,7298,0,40,1
43,3,3,3,3,0,1902,40,1
38,2,3,3,3,0,0,45,1
33,1,3,0,3,0,0,50,1
43,1,3,3,3,0,1902,40,1
28,4,3,0,3,0,0,50,1
50,0,3,0,3,4386,0,48,1
56,3,0,3,1,14084,0,45,1
47,6,1,3,2,0,0,40,1
65,6,3,3,3,5556,0,50,1
59,0,3,0,3,0,1887,40,1
38,0,3,3,3,0,0,40,1
30,2,1,1,1,0,0,40,1
35,2,3,1,3,0,1887,45,1
53,6,3,3,3,7298,0,40,1
53,3,3,3,3,0,1902,40,1
45,3,3,3,3,0,0,50,1
46,0,3,3,4,15024,0,40,1
27,6,3,3,3,0,0,45,1
42,2,3,3,3,0,0,40,1
30,0,3,1,3,0,0,40,1
32,0,3,3,3,3103,0,40,1
34,3,3,3,3,0,0,50,1
33,0,3,0,3,0,0,50,1
41,0,3,0,3,0,0,40,1
37,0,3,3,3,0,0,40,1
68,3,3,3,3,20051,0,45,1
37,6,3,3,3,0,0,50,1
46,2,3,3,3,0,0,40,1
61,6,3,1,3,0,0,40,1
60,0,1,3,1,10520,0,40,1
33,6,3,3,3,7688,0,50,1
50,6,3,1,3,0,0,45,1
32,3,3,0,3,0,0,50,1
53,6,1,3,1,0,0,50,1
53,1,3,2,3,0,1887,40,1
48,6,1,3,2,9562,0,40,1
44,0,3,0,3,0,0,40,1
42,3,3,3,3,0,0,45,1
36,2,1,1,1,0,0,40,1
72,2,3,1,3,0,0,45,1
50,6,3,3,3,0,0,50,1
24,3,0,3,2,0,0,40,1
53,3,3,3,3,0,0,50,1
62,6,0,3,1,8614,0,45,1
45,6,3,3,3,0,0,40,1
48,2,3,1,3,0,0,40,1
44,0,3,0,3,0,0,40,1
46,1,3,3,3,0,0,40,1
41,1,3,1,3,0,0,45,1
36,1,3,3,4,0,0,35,1
61,1,3,3,3,15024,0,45,1
27,3,3,3,4,7298,0,45,1
54,6,3,3,4,0,1887,50,1
49,3,3,3,4,0,0,50,1
32,6,3,3,3,0,1902,45,1
52,3,1,3,1,0,0,40,1
48,0,3,1,3,0,0,40,1
44,6,1,3,1,0,0,45,1
45,6,3,3,3,0,0,45,1
40,2,3,3,3,0,0,40,1
42,1,3,1,3,0,0,40,1
46,0,3,1,3,0,1887,45,1
42,0,3,0,3,0,0,40,1
44,1,3,1,3,0,0,44,1
39,3,1,3,1,0,0,40,1
44,3,3,3,3,0,0,45,1
55,1,3,3,4,0,0,40,1
41,3,3,0,3,0,0,40,1
43,6,1,3,1,0,0,38,1
45,3,3,1,3,0,0,50,1
30,3,3,3,3,0,0,42,1
48,1,3,0,3,3103,0,40,1
48,1,3,1,3,0,0,38,1
29,0,3,0,3,0,0,40,1
50,1,3,4,3,0,0,40,1
36,3,3,1,4,0,0,40,1
44,1,3,0,3,0,0,48,1
49,0,3,1,3,0,0,50,1
44,4,3,1,3,0,0,40,1
43,6,1,3,1,0,0,50,1
36,2,0,2,1,0,0,40,1
37,2,3,0,3,0,0,40,1
51,3,3,1,3,0,0,40,1
48,0,3,0,4,0,0,40,1
52,3,3,3,3,0,0,50,1
66,0,3,0,3,0,0,40,1
38,6,3,3,3,0,0,40,1
49,3,3,3,3,0,0,50,1
46,6,0,3,1,0,1564,45,1
38,0,3,1,3,0,0,40,1
37,6,3,3,3,0,0,40,1
44,1,3,1,3,0,0,40,1
32,1,3,1,3,0,0,40,1
41,3,3,3,4,0,0,40,1
37,3,3,3,4,15024,0,50,1
42,6,1,1,2,4687,0,35,1
51,0,3,1,3,0,0,40,1
51,0,3,0,3,0,1902,40,1
56,2,3,1,3,0,0,40,1
52,1,3,1,3,7298,0,45,1
28,0,3,0,3,0,1848,42,1
39,3,3,1,3,0,0,50,1
47,3,3,1,3,15024,0,45,1
30,1,3,0,3,0,0,40,1
58,0,3,1,3,7688,0,40,1
63,6,3,3,3,0,0,50,1
32,3,1,3,1,10520,0,40,1
56,3,3,1,4,0,0,40,1
28,6,3,3,3,0,0,50,1
44,2,3,2,3,0,0,50,1
37,2,3,4,3,0,0,50,1
43,6,1,3,1,0,0,50,1
52,0,3,1,3,0,0,40,1
38,3,3,1,3,0,0,50,1
66,1,3,3,3,0,0,40,1
37,3,3,1,3,0,0,50,1
29,3,0,3,1,14344,0,40,1
36,3,3,3,3,0,0,40,1
43,1,3,3,3,0,0,40,1
42,3,3,1,3,7298,0,40,1
33,1,3,0,3,7298,0,50,1
56,0,3,1,3,0,0,36,1
47,0,3,4,3,15024,0,50,1
55,0,3,0,3,3103,0,40,1
27,6,0,3,1,0,0,40,1
53,6,3,3,3,0,0,40,1
35,3,3,1,0,5178,0,50,1
65,1,3,1,3,0,0,48,1
41,1,3,1,4,0,0,40,1
34,3,3,1,3,0,0,45,1
36,3,3,0,3,0,0,50,1
28,6,3,3,3,0,0,50,1
45,6,1,1,2,25236,0,42,1
33,0,3,0,3,0,0,50,1
50,3,3,3,4,0,0,40,1
38,2,3,0,3,0,0,50,1
65,6,3,3,3,0,0,40,1
37,0,3,1,3,0,0,40,1
40,2,3,3,3,7688,0,44,1
49,3,3,2,3,15024,0,40,1
28,3,3,3,4,0,0,50,1
56,0,3,3,3,0,0,40,1
36,0,3,0,3,7298,0,50,1
36,0,3,0,3,0,0,40,1
32,0,3,0,3,0,0,49,1
46,0,3,0,3,0,0,50,1
48,6,3,3,3,0,0,45,1
37,3,3,3,3,0,0,40,1
36,0,3,1,4,7688,0,40,1
47,1,3,3,3,15024,0,50,1
41,3,3,2,3,0,0,40,1
46,3,3,1,3,0,0,50,1
65,3,3,3,3,0,0,40,1
28,3,3,2,3,0,0,42,1
31,3,3,0,3,0,0,40,1
28,1,3,1,3,0,0,40,1
43,0,3,0,3,7688,0,40,1
66,0,4,1,2,0,0,35,1
32,1,3,3,3,0,0,35,1
34,0,1,1,1,0,0,40,1
46,1,3,1,4,0,0,40,1
49,1,3,1,3,0,0,41,1
41,6,3,3,3,15024,0,50,1
51,6,1,3,2,25236,0,50,1
46,1,3,0,3,7688,0,40,1
55,3,3,3,3,0,0,40,1
35,3,3,3,3,0,0,50,1
59,0,3,0,3,0,0,40,1
54,2,3,3,3,0,0,40,1
35,3,3,1,3,7298,0,40,1
53,3,3,1,3,7688,0,48,1
48,1,3,0,3,3103,0,40,1
50,6,3,1,3,7688,0,45,1
30,0,3,0,3,0,0,50,1
33,0,3,1,3,0,0,45,1
38,3,3,1,3,0,0,50,1
34,3,3,3,3,3103,0,50,1
50,3,1,3,2,0,0,40,1
30,6,3,3,3,0,0,47,1
36,1,3,3,3,0,0,40,1
31,1,3,3,3,0,0,40,1
34,3,3,0,3,0,0,40,1
57,6,3,1,3,0,0,40,1
57,4,3,0,3,0,0,40,1
60,3,3,1,3,0,0,40,1
44,3,3,3,3,0,2415,50,1
49,6,3,3,3,15024,0,50,1
44,2,3,0,4,4386,0,40,1
28,0,3,0,3,0,0,50,1
63,6,1,3,1,0,0,40,1
40,3,3,1,3,0,0,40,1
46,3,3,3,3,0,0,40,1
40,2,3,3,3,7298,0,36,1
50,1,3,1,4,0,1902,38,1
57,3,3,0,3,0,0,50,1
54,2,3,1,3,7688,0,40,1
39,3,3,3,3,0,0,50,1
45,1,3,3,3,0,0,40,1
40,6,3,3,3,7688,0,40,1
36,3,3,1,3,0,0,50,1
40,3,3,1,3,0,0,40,1
35,1,3,0,3,0,0,40,1
40,4,3,0,3,0,0,40,1
46,3,3,1,3,0,1977,40,1
31,0,0,0,1,0,0,50,1
30,3,0,1,1,0,0,40,1
42,1,3,3,3,15024,0,40,1
68,0,3,0,3,0,0,45,1
45,6,3,3,3,15024,0,50,1
47,6,3,3,3,0,0,40,1
53,6,3,1,3,0,0,38,1
37,3,3,1,3,7298,0,40,1
37,3,3,3,3,0,0,40,1
50,0,3,1,3,0,0,40,1
56,1,3,3,3,0,0,50,1
34,3,3,1,3,0,0,50,1
28,3,3,1,3,0,0,45,1
54,6,3,1,3,4386,0,45,1
37,6,3,3,3,0,0,50,1
56,3,3,3,3,0,0,42,1
56,0,3,0,3,0,0,44,1
33,1,1,3,1,10520,0,40,1
26,3,3,3,3,0,0,50,1
52,6,3,3,4,0,1848,40,1
71,3,0,0,1,11678,0,45,1
38,1,3,0,3,5178,0,40,1
35,3,3,3,3,0,1977,48,1
47,6,3,3,3,0,0,35,1
50,3,3,3,3,0,0,45,1
40,2,3,3,3,0,0,40,1
67,0,4,3,2,0,0,38,1
47,3,3,3,4,0,0,35,1
37,3,3,3,3,0,0,50,1
43,0,3,0,3,0,0,40,1
29,2,3,0,3,0,0,40,1
47,1,1,0,2,0,0,50,1
35,2,3,3,3,7298,0,50,1
45,3,3,0,3,0,0,35,1
24,1,3,1,3,0,0,40,1
29,3,3,2,3,0,0,40,1
34,6,3,3,4,7688,0,35,1
40,6,3,3,3,0,2415,40,1
32,1,3,1,4,0,0,40,1
34,2,3,2,3,0,0,40,1
57,0,3,0,3,15024,0,40,1
51,0,3,0,3,0,0,45,1
51,1,3,3,3,0,0,40,1
54,3,3,3,3,0,0,40,1
31,6,3,3,3,0,0,40,1
52,6,3,3,3,15024,0,50,1
51,1,3,1,4,0,0,40,1
71,0,3,3,3,0,2377,45,1
38,0,3,1,3,0,0,40,1
46,1,3,3,3,15024,0,50,1
37,3,3,3,3,7298,0,50,1
44,3,3,0,3,7298,0,40,1
44,1,1,1,0,14344,0,40,1
62,6,3,3,3,0,0,40,1
24,1,3,0,4,7298,0,48,1
32,3,0,3,1,0,0,40,1
26,3,3,1,3,0,0,48,1
59,1,3,3,3,0,0,40,1
35,3,3,0,3,0,0,40,1
40,0,3,3,3,0,0,40,1
50,0,3,0,3,0,0,50,1
42,6,3,3,3,0,0,45,1
42,3,3,1,3,0,0,40,1
58,3,1,3,1,4787,0,40,1
47,2,3,1,3,0,0,40,1
44,3,3,3,3,0,0,40,1
38,0,3,0,3,0,0,50,1
35,1,1,3,1,0,0,40,1
59,0,3,0,3,0,0,40,1
47,6,3,3,3,0,0,40,1
38,3,3,1,4,0,0,50,1
41,1,3,0,3,0,0,40,1
51,4,3,1,3,0,1977,40,1
52,3,3,0,3,0,0,50,1
54,0,3,0,3,7688,0,40,1
42,3,3,3,3,0,0,50,1
44,3,3,3,3,0,0,40,1
47,3,3,3,3,15024,0,50,1
28,3,3,1,3,7298,0,42,1
42,3,3,3,3,7688,0,40,1
49,1,3,3,3,0,0,40,1
